{
"type": "FeatureCollection",
"name": "sitaro_kecamatan",
"crs": { "type": "name", "properties": { "name": "urn:ogc:def:crs:OGC:1.3:CRS84" } },
"features": [
{ "type": "Feature", "properties": { "KDPPUM": null, "NAMOBJ": "Biaro", "REMARK": "Wilayah Administrasi Kecamatan", "KDPBPS": null, "FCODE": null, "LUASWH": 0.0, "UUPP": null, "SRS_ID": null, "LCODE": "BA0080", "METADATA": null, "KDEBPS": null, "KDEPUM": null, "KDCBPS": null, "KDCPUM": null, "KDBBPS": null, "KDBPUM": null, "WADMKD": null, "WIADKD": null, "WADMKC": null, "WIADKC": null, "WADMKK": "Kepulauan Siau Tagulandang Biaro", "WIADKK": null, "WADMPR": "Sulawesi Utara", "WIADPR": null, "TIPADM": 0, "SHAPE_Leng": 0.47021785572000002, "SHAPE_Area": 0.00195048132 }, "geometry": { "type": "MultiPolygon", "coordinates": [ [ [ [ 125.364457000000115, 2.080210000000166, 0.0 ], [ 125.36446153535114, 2.080136426529561, 0.0 ], [ 125.364355932000095, 2.080136586000043, 0.0 ], [ 125.364196472000145, 2.080066755000038, 0.0 ], [ 125.363997084000076, 2.079936922000043, 0.0 ], [ 125.363832676000058, 2.079887118, 0.0 ], [ 125.363809294224794, 2.079884705775454, 0.0 ], [ 125.363785000000107, 2.07990900000013, 0.0 ], [ 125.363751000000235, 2.080115000000122, 0.0 ], [ 125.363726, 2.080252, 0.0 ], [ 125.3636240000002, 2.080423, 0.0 ], [ 125.363522000000202, 2.080535, 0.0 ], [ 125.363454, 2.080637000000147, 0.0 ], [ 125.363438000000173, 2.080757000000128, 0.0 ], [ 125.363438000000173, 2.080911, 0.0 ], [ 125.363438000000173, 2.081168, 0.0 ], [ 125.363379, 2.081348000000178, 0.0 ], [ 125.363319000000189, 2.081468000000159, 0.0 ], [ 125.363284061591315, 2.081527894415276, 0.0 ], [ 125.363357539000091, 2.081865982000048, 0.0 ], [ 125.363399074610953, 2.082108711092962, 0.0 ], [ 125.363448000000204, 2.082111, 0.0 ], [ 125.363559000000151, 2.082094, 0.0 ], [ 125.363694, 2.082017000000109, 0.0 ], [ 125.363839000000226, 2.081999, 0.0 ], [ 125.364052, 2.081982, 0.0 ], [ 125.364128, 2.081965, 0.0 ], [ 125.364196000000192, 2.081879, 0.0 ], [ 125.364204000000228, 2.081742, 0.0 ], [ 125.364171, 2.08164000000018, 0.0 ], [ 125.364171, 2.081597000000174, 0.0 ], [ 125.364204000000228, 2.081477000000193, 0.0 ], [ 125.364289, 2.081425000000154, 0.0 ], [ 125.364379402864643, 2.081398190874834, 0.0 ], [ 125.364377700000119, 2.08137782200007, 0.0 ], [ 125.364312603999977, 2.081137675, 0.0 ], [ 125.364302310000099, 2.080912460000024, 0.0 ], [ 125.36432184100012, 2.080652164000069, 0.0 ], [ 125.364366509000092, 2.080551994000041, 0.0 ], [ 125.364374431718829, 2.080539210842931, 0.0 ], [ 125.364347, 2.080381000000104, 0.0 ], [ 125.364406, 2.080261000000123, 0.0 ], [ 125.364457000000115, 2.080210000000166, 0.0 ] ] ], [ [ [ 125.333189894000057, 2.086189363000097, 0.0 ], [ 125.333012159000091, 2.08617687000004, 0.0 ], [ 125.332777543000049, 2.086330322000036, 0.0 ], [ 125.332549264999983, 2.086477385000036, 0.0 ], [ 125.332251283000119, 2.086701104000072, 0.0 ], [ 125.332078628019488, 2.086918676138689, 0.0 ], [ 125.332037, 2.087126, 0.0 ], [ 125.331943832707424, 2.087252854901484, 0.0 ], [ 125.331922129000063, 2.087307625000074, 0.0 ], [ 125.331827467000039, 2.087677764000057, 0.0 ], [ 125.331751636999982, 2.087935194000041, 0.0 ], [ 125.331746, 2.087998555233723, 0.0 ], [ 125.331746, 2.088128000000184, 0.0 ], [ 125.331835000000225, 2.088293000000158, 0.0 ], [ 125.331949, 2.088471000000142, 0.0 ], [ 125.331936000000141, 2.088750000000134, 0.0 ], [ 125.331835000000225, 2.088966, 0.0 ], [ 125.331803724552572, 2.089010153573218, 0.0 ], [ 125.331880691, 2.089295788000085, 0.0 ], [ 125.33200232800003, 2.089507957000054, 0.0 ], [ 125.332123534000019, 2.089922428000063, 0.0 ], [ 125.332136651000042, 2.090209475000011, 0.0 ], [ 125.332117996000093, 2.090471053000071, 0.0 ], [ 125.332130803, 2.090547585, 0.0 ], [ 125.332200678, 2.090585756000058, 0.0 ], [ 125.332302231000071, 2.090585604000045, 0.0 ], [ 125.332414994256126, 2.090538509990997, 0.0 ], [ 125.33239300000011, 2.090476000000125, 0.0 ], [ 125.332431, 2.090298000000141, 0.0 ], [ 125.332545, 2.090197000000133, 0.0 ], [ 125.332716329097295, 2.090101595167566, 0.0 ], [ 125.332726533, 2.089940666000063, 0.0 ], [ 125.332681606, 2.089602631000071, 0.0 ], [ 125.332649361000094, 2.089258200000083, 0.0 ], [ 125.332674429000036, 2.089041266999986, 0.0 ], [ 125.332750207000089, 2.088779605000097, 0.0 ], [ 125.332829409793746, 2.08852956572237, 0.0 ], [ 125.332875, 2.088370000000134, 0.0 ], [ 125.332926, 2.088065000000123, 0.0 ], [ 125.333000602108925, 2.087979500953969, 0.0 ], [ 125.333040052000101, 2.087735371000027, 0.0 ], [ 125.333160043, 2.087326920000072, 0.0 ], [ 125.333254667000091, 2.08693126400002, 0.0 ], [ 125.333260324000108, 2.086603910000024, 0.0 ], [ 125.333247196000087, 2.086310484, 0.0 ], [ 125.333189894000057, 2.086189363000097, 0.0 ] ] ], [ [ [ 125.340040969, 2.099608595000097, 0.0 ], [ 125.340134702000114, 2.099579442000083, 0.0 ], [ 125.340190009999986, 2.09958177600001, 0.0 ], [ 125.34025979899998, 2.099620353, 0.0 ], [ 125.340360045961731, 2.099711706127733, 0.0 ], [ 125.340519000000114, 2.099592000000145, 0.0 ], [ 125.340641, 2.099608, 0.0 ], [ 125.340714, 2.099633000000162, 0.0 ], [ 125.340819000000153, 2.099633000000162, 0.0 ], [ 125.340924, 2.099592000000145, 0.0 ], [ 125.340994975978916, 2.099554454736003, 0.0 ], [ 125.341116507999985, 2.099305734000085, 0.0 ], [ 125.341124448060427, 2.099296046146987, 0.0 ], [ 125.341127, 2.099260000000209, 0.0 ], [ 125.341176000000118, 2.099122000000159, 0.0 ], [ 125.341305000000133, 2.099009000000224, 0.0 ], [ 125.34139796647483, 2.098908366187031, 0.0 ], [ 125.341404919000055, 2.098856063, 0.0 ], [ 125.341390416000095, 2.098698323000098, 0.0 ], [ 125.341311778000076, 2.098594463000031, 0.0 ], [ 125.341140376000098, 2.098483571, 0.0 ], [ 125.340954538000091, 2.098410664000012, 0.0 ], [ 125.340815339000116, 2.09836426300008, 0.0 ], [ 125.340697492000132, 2.098281974000022, 0.0 ], [ 125.34059385000009, 2.098156637000043, 0.0 ], [ 125.340429313000058, 2.097862875999985, 0.0 ], [ 125.340297058000047, 2.097687387000031, 0.0 ], [ 125.340172043000095, 2.097583596000058, 0.0 ], [ 125.340093512000081, 2.097551444000063, 0.0 ], [ 125.340007895000099, 2.097551573000073, 0.0 ], [ 125.339883929000052, 2.097557182000093, 0.0 ], [ 125.339768891000048, 2.097586102, 0.0 ], [ 125.339646009461234, 2.097588216533081, 0.0 ], [ 125.339596000000128, 2.097697, 0.0 ], [ 125.339579000000228, 2.097997000000158, 0.0 ], [ 125.339677, 2.098159, 0.0 ], [ 125.339718, 2.098345000000174, 0.0 ], [ 125.339637000000138, 2.098612, 0.0 ], [ 125.339539, 2.098831, 0.0 ], [ 125.339520759836162, 2.098924434308975, 0.0 ], [ 125.33952345200008, 2.098925951000103, 0.0 ], [ 125.339612730000084, 2.098986770000073, 0.0 ], [ 125.339634245000099, 2.099062032000083, 0.0 ], [ 125.339617026, 2.099146360000043, 0.0 ], [ 125.339506655000022, 2.099293532000052, 0.0 ], [ 125.339486270487185, 2.099350137278028, 0.0 ], [ 125.339515, 2.099455000000178, 0.0 ], [ 125.33973300000018, 2.099455000000178, 0.0 ], [ 125.339799, 2.099382000000178, 0.0 ], [ 125.339904, 2.099333, 0.0 ], [ 125.340098, 2.099292000000192, 0.0 ], [ 125.340123, 2.099365000000192, 0.0 ], [ 125.34013, 2.099414000000161, 0.0 ], [ 125.340033, 2.099495000000113, 0.0 ], [ 125.339823000000166, 2.099584000000194, 0.0 ], [ 125.339799, 2.099730000000195, 0.0 ], [ 125.339797769738027, 2.099751051150973, 0.0 ], [ 125.339818290000039, 2.099735263000097, 0.0 ], [ 125.339893152000016, 2.099699295000052, 0.0 ], [ 125.340040969, 2.099608595000097, 0.0 ] ] ], [ [ [ 125.343599, 2.099879, 0.0 ], [ 125.343448320426162, 2.099832018447573, 0.0 ], [ 125.343449307, 2.099916502000083, 0.0 ], [ 125.343490912000078, 2.100018281000066, 0.0 ], [ 125.343624673000036, 2.100147696000027, 0.0 ], [ 125.343929092000096, 2.10043887300005, 0.0 ], [ 125.344336164000111, 2.100810017000116, 0.0 ], [ 125.344375918955436, 2.100817513732773, 0.0 ], [ 125.344372, 2.100794000000123, 0.0 ], [ 125.344367, 2.100786000000172, 0.0 ], [ 125.344219, 2.10052000000019, 0.0 ], [ 125.343925, 2.100225000000117, 0.0 ], [ 125.343843000000248, 2.100113, 0.0 ], [ 125.343599, 2.099879, 0.0 ] ] ], [ [ [ 125.343289423000101, 2.100144386000109, 0.0 ], [ 125.343111895000064, 2.100125939000092, 0.0 ], [ 125.342890435905446, 2.10014853421468, 0.0 ], [ 125.342898000000133, 2.100174000000161, 0.0 ], [ 125.343142, 2.100215000000178, 0.0 ], [ 125.343203, 2.100316000000186, 0.0 ], [ 125.343152, 2.100449000000177, 0.0 ], [ 125.34305, 2.10054, 0.0 ], [ 125.343002155204232, 2.10056421773624, 0.0 ], [ 125.343044097000046, 2.100575147000045, 0.0 ], [ 125.343134268000057, 2.100629339, 0.0 ], [ 125.343145150000069, 2.100676406000074, 0.0 ], [ 125.343123646000066, 2.100756119, 0.0 ], [ 125.343076896000099, 2.100821382000079, 0.0 ], [ 125.342961690000067, 2.100893993000048, 0.0 ], [ 125.342781678, 2.101006541000034, 0.0 ], [ 125.342612380000119, 2.101053880000043, 0.0 ], [ 125.342545193738502, 2.101077481731279, 0.0 ], [ 125.342603, 2.101231, 0.0 ], [ 125.342786000000189, 2.101272, 0.0 ], [ 125.34297900000017, 2.101282000000177, 0.0 ], [ 125.343111, 2.101374000000151, 0.0 ], [ 125.343305000000143, 2.101556000000111, 0.0 ], [ 125.34331900000015, 2.101592, 0.0 ], [ 125.343461, 2.101619000000172, 0.0 ], [ 125.343579000000162, 2.101597000000128, 0.0 ], [ 125.343687, 2.101543000000101, 0.0 ], [ 125.343761000000214, 2.101425000000107, 0.0 ], [ 125.343773, 2.101329000000158, 0.0 ], [ 125.343901000000159, 2.101275000000131, 0.0 ], [ 125.344030000000174, 2.101232000000126, 0.0 ], [ 125.34415900000019, 2.101189000000121, 0.0 ], [ 125.344256069809632, 2.101091930190508, 0.0 ], [ 125.344217078000028, 2.101020266000015, 0.0 ], [ 125.344014650000062, 2.100751758000092, 0.0 ], [ 125.343873856000044, 2.100581745000058, 0.0 ], [ 125.343696996000077, 2.100390056, 0.0 ], [ 125.34344449700005, 2.100223833000021, 0.0 ], [ 125.343289423000101, 2.100144386000109, 0.0 ] ] ], [ [ [ 125.34273, 2.102865, 0.0 ], [ 125.342687663025544, 2.102816453602491, 0.0 ], [ 125.342661929000045, 2.102822990000048, 0.0 ], [ 125.342640415000133, 2.102895460000093, 0.0 ], [ 125.342640532999965, 2.102975140000114, 0.0 ], [ 125.34268390600009, 2.103061998000017, 0.0 ], [ 125.342799325000144, 2.103130638000012, 0.0 ], [ 125.342840964205024, 2.103147172701709, 0.0 ], [ 125.342837, 2.103122000000186, 0.0 ], [ 125.342837, 2.103031000000117, 0.0 ], [ 125.342805, 2.102984000000136, 0.0 ], [ 125.34273, 2.102865, 0.0 ] ] ], [ [ [ 125.341892004000115, 2.10246949000002, 0.0 ], [ 125.34184, 2.102458927365786, 0.0 ], [ 125.34184, 2.102705000000144, 0.0 ], [ 125.34184, 2.102929000000204, 0.0 ], [ 125.3418810000001, 2.103152000000181, 0.0 ], [ 125.342013, 2.103203000000137, 0.0 ], [ 125.342115, 2.103315000000167, 0.0 ], [ 125.342135, 2.103549000000166, 0.0 ], [ 125.342013, 2.103711, 0.0 ], [ 125.342023, 2.103914000000168, 0.0 ], [ 125.342126, 2.104036000000137, 0.0 ], [ 125.342237000000154, 2.104128000000111, 0.0 ], [ 125.342319000000188, 2.10428, 0.0 ], [ 125.342511, 2.104433000000123, 0.0 ], [ 125.342796, 2.104484, 0.0 ], [ 125.342935890273452, 2.104383515437631, 0.0 ], [ 125.34291998, 2.104305755000075, 0.0 ], [ 125.342899383000073, 2.104134055, 0.0 ], [ 125.342926480705927, 2.104020972658455, 0.0 ], [ 125.342898000000133, 2.103833, 0.0 ], [ 125.342908, 2.103650000000174, 0.0 ], [ 125.342886431473374, 2.103459362054211, 0.0 ], [ 125.342829087000027, 2.10339624200005, 0.0 ], [ 125.342690541000024, 2.103245165000073, 0.0 ], [ 125.342588609000018, 2.103094032000092, 0.0 ], [ 125.342527396000023, 2.10296737, 0.0 ], [ 125.342462017000116, 2.102775293, 0.0 ], [ 125.342364189000023, 2.102648687000015, 0.0 ], [ 125.342185034000025, 2.102546736000017, 0.0 ], [ 125.341892004000115, 2.10246949000002, 0.0 ] ] ], [ [ [ 125.346490684000031, 2.104457107000075, 0.0 ], [ 125.346244644000095, 2.104053565000081, 0.0 ], [ 125.346056690000097, 2.103673559000081, 0.0 ], [ 125.345973499000053, 2.103467241000063, 0.0 ], [ 125.345915473000133, 2.103221045000032, 0.0 ], [ 125.345864606000092, 2.102942243000056, 0.0 ], [ 125.345821015000041, 2.10271901300006, 0.0 ], [ 125.345773952000059, 2.102574210000069, 0.0 ], [ 125.345727013000086, 2.102512711000044, 0.0 ], [ 125.345676514000075, 2.102480191000017, 0.0 ], [ 125.345590061000024, 2.10250205200005, 0.0 ], [ 125.345503669000081, 2.102563753, 0.0 ], [ 125.345442396000067, 2.102556603000034, 0.0 ], [ 125.345283655000074, 2.102433701000079, 0.0 ], [ 125.345020371000061, 2.102285604, 0.0 ], [ 125.344741527000082, 2.102064045000047, 0.0 ], [ 125.344597120000117, 2.101886794000036, 0.0 ], [ 125.344485099000082, 2.10168051900011, 0.0 ], [ 125.344448778673254, 2.101595228175308, 0.0 ], [ 125.344428, 2.101597000000128, 0.0 ], [ 125.344342, 2.101597000000128, 0.0 ], [ 125.344245, 2.101640000000133, 0.0 ], [ 125.344224, 2.101737000000165, 0.0 ], [ 125.34415900000019, 2.101844000000137, 0.0 ], [ 125.344041, 2.101887000000142, 0.0 ], [ 125.343773, 2.101952, 0.0 ], [ 125.343633000000111, 2.101973000000152, 0.0 ], [ 125.343514000000113, 2.102059000000162, 0.0 ], [ 125.343461, 2.102135000000233, 0.0 ], [ 125.343418, 2.102221, 0.0 ], [ 125.343396000000126, 2.102392000000181, 0.0 ], [ 125.343428000000102, 2.102521000000197, 0.0 ], [ 125.343504, 2.10265, 0.0 ], [ 125.343633000000111, 2.102736, 0.0 ], [ 125.34374, 2.102865, 0.0 ], [ 125.343847000000224, 2.103037, 0.0 ], [ 125.343955, 2.103263000000128, 0.0 ], [ 125.34396, 2.103291000000135, 0.0 ], [ 125.343986, 2.103345000000163, 0.0 ], [ 125.344047, 2.103508000000149, 0.0 ], [ 125.344077000000155, 2.103721000000187, 0.0 ], [ 125.344088, 2.103894000000112, 0.0 ], [ 125.344169000000221, 2.104118000000172, 0.0 ], [ 125.344311000000161, 2.104240000000141, 0.0 ], [ 125.344535, 2.104230000000202, 0.0 ], [ 125.344697, 2.104158000000107, 0.0 ], [ 125.344860000000196, 2.104077000000155, 0.0 ], [ 125.344921, 2.104057, 0.0 ], [ 125.345094000000103, 2.104077000000155, 0.0 ], [ 125.345165000000208, 2.104097000000211, 0.0 ], [ 125.345307000000147, 2.104179, 0.0 ], [ 125.345501, 2.104128000000111, 0.0 ], [ 125.345571000000135, 2.104148000000167, 0.0 ], [ 125.345622000000191, 2.104199000000124, 0.0 ], [ 125.345866, 2.104209, 0.0 ], [ 125.346050000000247, 2.104209, 0.0 ], [ 125.34609, 2.104291, 0.0 ], [ 125.34609, 2.10447400000014, 0.0 ], [ 125.34608, 2.104667000000122, 0.0 ], [ 125.346121, 2.104829, 0.0 ], [ 125.346263, 2.104921000000177, 0.0 ], [ 125.346324, 2.104931000000116, 0.0 ], [ 125.34650700000023, 2.1049, 0.0 ], [ 125.346639000000138, 2.104789, 0.0 ], [ 125.346685014051189, 2.104726141519714, 0.0 ], [ 125.346490684000031, 2.104457107000075, 0.0 ] ] ], [ [ [ 125.38044266506067, 2.117767, 0.0 ], [ 125.380363, 2.117767, 0.0 ], [ 125.380282000000221, 2.11777800000011, 0.0 ], [ 125.380212, 2.117803, 0.0 ], [ 125.380131000000162, 2.117883, 0.0 ], [ 125.380111, 2.117959000000164, 0.0 ], [ 125.380106000000225, 2.118042000000104, 0.0 ], [ 125.38031871428268, 2.118028606878648, 0.0 ], [ 125.380318575000047, 2.117937904000017, 0.0 ], [ 125.380354702000105, 2.117833003000042, 0.0 ], [ 125.38044266506067, 2.117767, 0.0 ] ] ], [ [ [ 125.366066, 2.118855, 0.0 ], [ 125.365999000000244, 2.118844000000204, 0.0 ], [ 125.365955, 2.118855, 0.0 ], [ 125.365932000000114, 2.118905, 0.0 ], [ 125.36593800000017, 2.118956, 0.0 ], [ 125.365944, 2.118972000000136, 0.0 ], [ 125.365971000000144, 2.118989000000122, 0.0 ], [ 125.366005000000115, 2.118989000000122, 0.0 ], [ 125.366039, 2.118989000000122, 0.0 ], [ 125.366083, 2.118939, 0.0 ], [ 125.366066, 2.118855, 0.0 ] ] ], [ [ [ 125.367566, 2.119563000000186, 0.0 ], [ 125.367521, 2.119552000000164, 0.0 ], [ 125.367448000000238, 2.119563000000186, 0.0 ], [ 125.367409000000208, 2.119597000000157, 0.0 ], [ 125.367404, 2.119664000000194, 0.0 ], [ 125.367404, 2.119736000000112, 0.0 ], [ 125.367426, 2.119781000000104, 0.0 ], [ 125.367493000000223, 2.119809000000112, 0.0 ], [ 125.36756, 2.119809000000112, 0.0 ], [ 125.367588000000183, 2.119797000000185, 0.0 ], [ 125.36761, 2.119736000000112, 0.0 ], [ 125.36761, 2.119664000000194, 0.0 ], [ 125.36761, 2.119591000000193, 0.0 ], [ 125.367566, 2.119563000000186, 0.0 ] ] ], [ [ [ 125.351812, 2.117602000000113, 0.0 ], [ 125.35193600000018, 2.117445, 0.0 ], [ 125.352091000000215, 2.11732, 0.0 ], [ 125.352130000000244, 2.117250000000121, 0.0 ], [ 125.352215, 2.117085000000147, 0.0 ], [ 125.352409000000236, 2.116597, 0.0 ], [ 125.352463, 2.116480000000182, 0.0 ], [ 125.35253400000019, 2.116425, 0.0 ], [ 125.35265700000015, 2.116331000000111, 0.0 ], [ 125.352750000000114, 2.11619800000012, 0.0 ], [ 125.352797, 2.116073, 0.0 ], [ 125.352804000000233, 2.115987, 0.0 ], [ 125.35289, 2.115916, 0.0 ], [ 125.352936000000142, 2.115776, 0.0 ], [ 125.352967000000135, 2.115666000000155, 0.0 ], [ 125.352967000000135, 2.115573813621358, 0.0 ], [ 125.352933570616159, 2.115318141232231, 0.0 ], [ 125.352928000000105, 2.115307000000117, 0.0 ], [ 125.352842, 2.115205000000204, 0.0 ], [ 125.352819000000139, 2.115096, 0.0 ], [ 125.352865, 2.115002000000105, 0.0 ], [ 125.352912, 2.114939, 0.0 ], [ 125.352926207815926, 2.114901237121353, 0.0 ], [ 125.352928823000084, 2.114511806000047, 0.0 ], [ 125.352878079000149, 2.11412026700007, 0.0 ], [ 125.352765536000078, 2.113678416000015, 0.0 ], [ 125.352641681000037, 2.11341106500001, 0.0 ], [ 125.352521876000068, 2.113271662000022, 0.0 ], [ 125.352382859000031, 2.113182694000033, 0.0 ], [ 125.352114720000046, 2.113091855000066, 0.0 ], [ 125.351774551000062, 2.112992269000086, 0.0 ], [ 125.351516859000057, 2.112923624000091, 0.0 ], [ 125.351279751000149, 2.112841140000016, 0.0 ], [ 125.350963733000114, 2.112814006000081, 0.0 ], [ 125.350675221000046, 2.112807540000079, 0.0 ], [ 125.35048284100003, 2.112776766000019, 0.0 ], [ 125.350199424000024, 2.112662969000018, 0.0 ], [ 125.349986357999981, 2.112580448000118, 0.0 ], [ 125.349763051000068, 2.112539364, 0.0 ], [ 125.349546685000107, 2.112546597000071, 0.0 ], [ 125.349282311, 2.112602230000055, 0.0 ], [ 125.349045436000111, 2.112675080000043, 0.0 ], [ 125.348899598000131, 2.112731005000052, 0.0 ], [ 125.348700613000091, 2.112876288000082, 0.0 ], [ 125.348498235000051, 2.113049191000089, 0.0 ], [ 125.34839872200007, 2.113108024000072, 0.0 ], [ 125.347849492, 2.113305617999989, 0.0 ], [ 125.347271573000071, 2.113509377000062, 0.0 ], [ 125.346828788000025, 2.113689550000048, 0.0 ], [ 125.346643883024072, 2.113830131963008, 0.0 ], [ 125.346639000000138, 2.113940000000165, 0.0 ], [ 125.346648, 2.114120000000137, 0.0 ], [ 125.346680000000148, 2.114417000000197, 0.0 ], [ 125.346851, 2.114815, 0.0 ], [ 125.346968, 2.114909, 0.0 ], [ 125.347085000000263, 2.114995, 0.0 ], [ 125.347139000000112, 2.115065000000167, 0.0 ], [ 125.347108000000119, 2.115331000000149, 0.0 ], [ 125.347031, 2.115479000000137, 0.0 ], [ 125.346992, 2.11567500000019, 0.0 ], [ 125.347008000000116, 2.115870000000159, 0.0 ], [ 125.347274000000183, 2.116155000000115, 0.0 ], [ 125.347398, 2.116225, 0.0 ], [ 125.347554, 2.116241000000125, 0.0 ], [ 125.34767, 2.116319000000184, 0.0 ], [ 125.347787, 2.116444, 0.0 ], [ 125.347888, 2.116576000000132, 0.0 ], [ 125.347935, 2.116733000000155, 0.0 ], [ 125.347936000000161, 2.117006000000183, 0.0 ], [ 125.347944000000197, 2.117217, 0.0 ], [ 125.348007, 2.117381000000124, 0.0 ], [ 125.348389000000154, 2.117578, 0.0 ], [ 125.34849, 2.117656000000141, 0.0 ], [ 125.348661000000192, 2.117750000000102, 0.0 ], [ 125.348894000000101, 2.117788, 0.0 ], [ 125.349042000000182, 2.117710000000168, 0.0 ], [ 125.349353, 2.117592000000174, 0.0 ], [ 125.34947, 2.117608, 0.0 ], [ 125.349532000000224, 2.117740000000163, 0.0 ], [ 125.349735000000152, 2.118022, 0.0 ], [ 125.349804, 2.118084000000204, 0.0 ], [ 125.349851, 2.118217000000195, 0.0 ], [ 125.349898, 2.118443, 0.0 ], [ 125.349945, 2.118748, 0.0 ], [ 125.3499, 2.11933, 0.0 ], [ 125.349791, 2.119463, 0.0 ], [ 125.349628, 2.119627000000152, 0.0 ], [ 125.349559000000156, 2.119870000000185, 0.0 ], [ 125.349574, 2.120096, 0.0 ], [ 125.349621, 2.120323000000186, 0.0 ], [ 125.349738, 2.120487, 0.0 ], [ 125.349848000000165, 2.120573, 0.0 ], [ 125.349972000000122, 2.120604000000165, 0.0 ], [ 125.350112000000166, 2.120627000000114, 0.0 ], [ 125.350259, 2.120689, 0.0 ], [ 125.350306, 2.120736, 0.0 ], [ 125.350322, 2.120846000000116, 0.0 ], [ 125.350392, 2.120916000000223, 0.0 ], [ 125.350431, 2.120947000000124, 0.0 ], [ 125.350524000000149, 2.120947000000124, 0.0 ], [ 125.350602000000208, 2.120916000000223, 0.0 ], [ 125.350633000000101, 2.120869, 0.0 ], [ 125.350703, 2.1207590000002, 0.0 ], [ 125.350757, 2.12065700000011, 0.0 ], [ 125.350788000000236, 2.120571, 0.0 ], [ 125.350826, 2.120478, 0.0 ], [ 125.350880000000203, 2.120329000000149, 0.0 ], [ 125.350919000000232, 2.120243000000139, 0.0 ], [ 125.350974, 2.120188, 0.0 ], [ 125.351168000000143, 2.120071000000118, 0.0 ], [ 125.351315000000142, 2.119992000000154, 0.0 ], [ 125.351424, 2.119945000000174, 0.0 ], [ 125.351511000000102, 2.119857000000176, 0.0 ], [ 125.351535, 2.119810000000195, 0.0 ], [ 125.351557501341716, 2.119764997316837, 0.0 ], [ 125.351445429, 2.119525146000074, 0.0 ], [ 125.351389490000088, 2.119270874000085, 0.0 ], [ 125.351376931000104, 2.119128206, 0.0 ], [ 125.351382490812981, 2.119107593610698, 0.0 ], [ 125.351339, 2.118959000000126, 0.0 ], [ 125.351386, 2.118795000000235, 0.0 ], [ 125.351533, 2.118368, 0.0 ], [ 125.351595000000117, 2.118196, 0.0 ], [ 125.351673, 2.118024, 0.0 ], [ 125.351688000000181, 2.117860000000144, 0.0 ], [ 125.351711000000122, 2.117751000000185, 0.0 ], [ 125.351812, 2.117602000000113, 0.0 ] ] ], [ [ [ 125.34916182700006, 2.120732078000104, 0.0 ], [ 125.34908457800006, 2.120710854000036, 0.0 ], [ 125.348937902000102, 2.120734361000116, 0.0 ], [ 125.348824144000105, 2.120823782000054, 0.0 ], [ 125.348737530000122, 2.120992708000086, 0.0 ], [ 125.348660483000145, 2.121105354000081, 0.0 ], [ 125.348598814000113, 2.121173355000023, 0.0 ], [ 125.348498131000042, 2.121211328000056, 0.0 ], [ 125.348385986000082, 2.121251516, 0.0 ], [ 125.348338275870731, 2.121269580556346, 0.0 ], [ 125.348341, 2.121300000000199, 0.0 ], [ 125.348341, 2.1214770000001, 0.0 ], [ 125.348297419280087, 2.121631513461947, 0.0 ], [ 125.348352891000104, 2.121699036000086, 0.0 ], [ 125.348365351000069, 2.12172709600001, 0.0 ], [ 125.348359208, 2.121770784999983, 0.0 ], [ 125.348309199411176, 2.121922335373212, 0.0 ], [ 125.348375, 2.122033, 0.0 ], [ 125.348463000000152, 2.122088000000206, 0.0 ], [ 125.348619, 2.122077000000184, 0.0 ], [ 125.34869600000016, 2.121988000000103, 0.0 ], [ 125.348739000000165, 2.121843000000185, 0.0 ], [ 125.348783, 2.121743, 0.0 ], [ 125.348916, 2.12161, 0.0 ], [ 125.34900400000015, 2.121521000000188, 0.0 ], [ 125.349103, 2.121432000000107, 0.0 ], [ 125.349159000000185, 2.121298000000211, 0.0 ], [ 125.349279, 2.12116500000022, 0.0 ], [ 125.349312, 2.121076000000139, 0.0 ], [ 125.349320019518075, 2.121046352085171, 0.0 ], [ 125.349320586000047, 2.121040321000029, 0.0 ], [ 125.349324293000095, 2.120937487000047, 0.0 ], [ 125.34930484200008, 2.120840509000105, 0.0 ], [ 125.349242968000112, 2.120774638000073, 0.0 ], [ 125.34916182700006, 2.120732078000104, 0.0 ] ] ], [ [ [ 125.374185103000059, 2.122873976000045, 0.0 ], [ 125.374111138000075, 2.122598946000027, 0.0 ], [ 125.374114006380182, 2.122498724806727, 0.0 ], [ 125.3740600000001, 2.122472000000181, 0.0 ], [ 125.373915, 2.122405000000144, 0.0 ], [ 125.373887000000181, 2.122337000000202, 0.0 ], [ 125.37396300000016, 2.122211, 0.0 ], [ 125.374002000000104, 2.122018, 0.0 ], [ 125.373925000000128, 2.121825000000117, 0.0 ], [ 125.37383800000012, 2.121786, 0.0 ], [ 125.373751000000112, 2.121777, 0.0 ], [ 125.373626, 2.121786, 0.0 ], [ 125.373432000000193, 2.121777, 0.0 ], [ 125.373374, 2.121738, 0.0 ], [ 125.373181, 2.121671000000164, 0.0 ], [ 125.372998000000166, 2.121680000000199, 0.0 ], [ 125.372805000000184, 2.121680000000199, 0.0 ], [ 125.372554, 2.1217, 0.0 ], [ 125.372351, 2.121777, 0.0 ], [ 125.372168000000144, 2.12191200000021, 0.0 ], [ 125.37208, 2.122038000000154, 0.0 ], [ 125.372070000000122, 2.122192000000107, 0.0 ], [ 125.372042000000107, 2.122453000000208, 0.0 ], [ 125.372022000000143, 2.122665000000163, 0.0 ], [ 125.371936000000133, 2.122791000000108, 0.0 ], [ 125.37182, 2.12282, 0.0 ], [ 125.371695, 2.12282, 0.0 ], [ 125.371569, 2.122762000000195, 0.0 ], [ 125.371559000000204, 2.122694, 0.0 ], [ 125.371559000000204, 2.12260700000016, 0.0 ], [ 125.371559000000204, 2.122530000000184, 0.0 ], [ 125.37153, 2.122482000000121, 0.0 ], [ 125.371482, 2.122462, 0.0 ], [ 125.371432000000183, 2.122455000000196, 0.0 ], [ 125.371232, 2.122704000000192, 0.0 ], [ 125.371125, 2.123063, 0.0 ], [ 125.371090000000123, 2.123403000000119, 0.0 ], [ 125.371197, 2.123601000000159, 0.0 ], [ 125.371394, 2.123851, 0.0 ], [ 125.3716790000001, 2.124012, 0.0 ], [ 125.371983, 2.124138000000181, 0.0 ], [ 125.372376, 2.124370000000193, 0.0 ], [ 125.37269700000013, 2.124405, 0.0 ], [ 125.372789988848567, 2.124381425362449, 0.0 ], [ 125.37278103900006, 2.124342199000113, 0.0 ], [ 125.372728523000077, 2.124022733000059, 0.0 ], [ 125.372734200000096, 2.123953005000063, 0.0 ], [ 125.372780374000101, 2.12390645400003, 0.0 ], [ 125.372910120494893, 2.123862764363055, 0.0 ], [ 125.37291, 2.123813000000114, 0.0 ], [ 125.372982, 2.123652000000115, 0.0 ], [ 125.373213000000192, 2.123597000000183, 0.0 ], [ 125.373623, 2.123561, 0.0 ], [ 125.373873, 2.123381, 0.0 ], [ 125.374217104274678, 2.122947003316684, 0.0 ], [ 125.374185103000059, 2.122873976000045, 0.0 ] ] ], [ [ [ 125.368072, 2.124247000000141, 0.0 ], [ 125.368015, 2.124171, 0.0 ], [ 125.367949, 2.124095000000176, 0.0 ], [ 125.367893000000194, 2.124020000000188, 0.0 ], [ 125.367879293941144, 2.124006636592652, 0.0 ], [ 125.367866776000071, 2.124038230000098, 0.0 ], [ 125.367828571000018, 2.124192833000011, 0.0 ], [ 125.367780546000034, 2.124212225000106, 0.0 ], [ 125.367713273000064, 2.124212329000025, 0.0 ], [ 125.367669967000126, 2.124173759000032, 0.0 ], [ 125.367640952000116, 2.124053066000082, 0.0 ], [ 125.367583060000044, 2.123903440000047, 0.0 ], [ 125.367491665000117, 2.123840798000105, 0.0 ], [ 125.367150315000117, 2.123725415000061, 0.0 ], [ 125.366990356000116, 2.123673009000077, 0.0 ], [ 125.366894266999978, 2.123682817, 0.0 ], [ 125.366831908000151, 2.123755356000052, 0.0 ], [ 125.366760064000161, 2.123910011000058, 0.0 ], [ 125.366659315000078, 2.124016416000069, 0.0 ], [ 125.366438516000017, 2.12417613100005, 0.0 ], [ 125.366157276083683, 2.124402969204359, 0.0 ], [ 125.366167, 2.12442400000022, 0.0 ], [ 125.36623100000017, 2.12451, 0.0 ], [ 125.366323000000236, 2.124574000000196, 0.0 ], [ 125.366452000000251, 2.124581, 0.0 ], [ 125.36658, 2.12456700000015, 0.0 ], [ 125.366772000000168, 2.124380000000132, 0.0 ], [ 125.366878, 2.124301000000168, 0.0 ], [ 125.367013, 2.124215000000158, 0.0 ], [ 125.36712, 2.124172000000152, 0.0 ], [ 125.367227000000156, 2.124179000000199, 0.0 ], [ 125.367327, 2.124250000000211, 0.0 ], [ 125.367384, 2.124322000000129, 0.0 ], [ 125.367462, 2.124436000000147, 0.0 ], [ 125.367512000000104, 2.12449400000015, 0.0 ], [ 125.367683, 2.124536, 0.0 ], [ 125.367762000000184, 2.12459300000017, 0.0 ], [ 125.367819000000196, 2.124694000000177, 0.0 ], [ 125.367854000000165, 2.124779000000105, 0.0 ], [ 125.367911, 2.124837000000108, 0.0 ], [ 125.368011, 2.124887000000159, 0.0 ], [ 125.368132, 2.124894, 0.0 ], [ 125.368260000000177, 2.124886, 0.0 ], [ 125.368374, 2.124865000000115, 0.0 ], [ 125.36846, 2.124814000000159, 0.0 ], [ 125.368471000000142, 2.124681000000168, 0.0 ], [ 125.36846, 2.12465300000016, 0.0 ], [ 125.368384000000134, 2.124559000000199, 0.0 ], [ 125.368262000000172, 2.124426000000208, 0.0 ], [ 125.368157, 2.124351, 0.0 ], [ 125.368072, 2.124247000000141, 0.0 ] ] ], [ [ [ 125.370095000000134, 2.125958000000134, 0.0 ], [ 125.370163, 2.125912, 0.0 ], [ 125.370288000000201, 2.125912, 0.0 ], [ 125.370402, 2.125877000000182, 0.0 ], [ 125.370425, 2.125808000000157, 0.0 ], [ 125.370428756857578, 2.125757111658439, 0.0 ], [ 125.370287524000076, 2.125448920000023, 0.0 ], [ 125.370080315000067, 2.125067708000101, 0.0 ], [ 125.369824089000105, 2.12473229500006, 0.0 ], [ 125.369636368000116, 2.124524917000043, 0.0 ], [ 125.369496668000011, 2.124298145000109, 0.0 ], [ 125.369241423000034, 2.123926665000015, 0.0 ], [ 125.369034078000013, 2.123790124, 0.0 ], [ 125.368707234000155, 2.12373267300004, 0.0 ], [ 125.36837565499998, 2.123723526000083, 0.0 ], [ 125.368204000000262, 2.123760250868118, 0.0 ], [ 125.368204000000262, 2.123764000000145, 0.0 ], [ 125.36825200000014, 2.123935, 0.0 ], [ 125.368347, 2.124067000000169, 0.0 ], [ 125.36846, 2.124171, 0.0 ], [ 125.368602000000152, 2.124266000000114, 0.0 ], [ 125.368734, 2.124341000000102, 0.0 ], [ 125.368895000000137, 2.12445500000012, 0.0 ], [ 125.369009, 2.124606000000179, 0.0 ], [ 125.369065000000177, 2.124786000000151, 0.0 ], [ 125.369046, 2.124928000000176, 0.0 ], [ 125.368923, 2.125032, 0.0 ], [ 125.368781000000126, 2.125098000000209, 0.0 ], [ 125.368712220469959, 2.1251323897652, 0.0 ], [ 125.36875629500004, 2.125180564000024, 0.0 ], [ 125.368761291000098, 2.12530612400011, 0.0 ], [ 125.368641358000119, 2.125436707000079, 0.0 ], [ 125.368276674000057, 2.12577533600003, 0.0 ], [ 125.368032062000154, 2.126075144000056, 0.0 ], [ 125.367816068000039, 2.126234851000037, 0.0 ], [ 125.367417555000117, 2.126447965000084, 0.0 ], [ 125.366979553000107, 2.126639692000049, 0.0 ], [ 125.366645345660174, 2.126864366646403, 0.0 ], [ 125.366655000000165, 2.12686800000011, 0.0 ], [ 125.366727000000168, 2.126925000000208, 0.0 ], [ 125.36679, 2.126997000000125, 0.0 ], [ 125.366869000000108, 2.127075000000184, 0.0 ], [ 125.367076, 2.127256, 0.0 ], [ 125.367169000000246, 2.12732, 0.0 ], [ 125.367283, 2.127392000000123, 0.0 ], [ 125.367319000000222, 2.127470000000182, 0.0 ], [ 125.367333, 2.12757100000019, 0.0 ], [ 125.367333, 2.127664, 0.0 ], [ 125.367362000000227, 2.127785000000133, 0.0 ], [ 125.367448000000238, 2.127871000000143, 0.0 ], [ 125.367476, 2.127921000000194, 0.0 ], [ 125.367526, 2.127993000000112, 0.0 ], [ 125.367605, 2.128230000000181, 0.0 ], [ 125.367683, 2.128308, 0.0 ], [ 125.367805000000189, 2.128337000000153, 0.0 ], [ 125.367904, 2.128337000000153, 0.0 ], [ 125.367961000000136, 2.128294000000148, 0.0 ], [ 125.368025000000102, 2.128222, 0.0 ], [ 125.368068000000108, 2.128064000000125, 0.0 ], [ 125.368089, 2.127957000000153, 0.0 ], [ 125.368209000000135, 2.127484, 0.0 ], [ 125.368344000000207, 2.127326000000169, 0.0 ], [ 125.368487000000229, 2.1272040000002, 0.0 ], [ 125.368628, 2.127018, 0.0 ], [ 125.368757, 2.126932, 0.0 ], [ 125.369162000000117, 2.12660000000014, 0.0 ], [ 125.369538, 2.12652, 0.0 ], [ 125.369675, 2.126416000000193, 0.0 ], [ 125.369788000000227, 2.126348, 0.0 ], [ 125.36997, 2.126153000000103, 0.0 ], [ 125.370027, 2.12606100000013, 0.0 ], [ 125.370095000000134, 2.125958000000134, 0.0 ] ] ], [ [ [ 125.408283345000072, 2.114313387000061, 0.0 ], [ 125.408174539000029, 2.114113167000015, 0.0 ], [ 125.408160129021852, 2.113918210629057, 0.0 ], [ 125.408006, 2.113763, 0.0 ], [ 125.407916000000142, 2.11340500000013, 0.0 ], [ 125.40788, 2.112938, 0.0 ], [ 125.407968, 2.112472000000205, 0.0 ], [ 125.408099327190101, 2.111819493836526, 0.0 ], [ 125.408094788000099, 2.111743935000094, 0.0 ], [ 125.408124948000022, 2.11159884500008, 0.0 ], [ 125.408148338052399, 2.111574880833606, 0.0 ], [ 125.40832600000013, 2.110683000000153, 0.0 ], [ 125.408356843172854, 2.110082879982295, 0.0 ], [ 125.408099725000056, 2.109909030000063, 0.0 ], [ 125.407863273000132, 2.10964707500006, 0.0 ], [ 125.407543806000078, 2.10934985300007, 0.0 ], [ 125.407361200000068, 2.109144024, 0.0 ], [ 125.407292676000083, 2.109037256000052, 0.0 ], [ 125.40726962100004, 2.108861713000094, 0.0 ], [ 125.407345057000057, 2.108525707000092, 0.0 ], [ 125.407340135502452, 2.108325455090638, 0.0 ], [ 125.407288000000136, 2.108174000000213, 0.0 ], [ 125.407287656890148, 2.108044647536273, 0.0 ], [ 125.407214023000051, 2.107874230000013, 0.0 ], [ 125.406932371000025, 2.107470074000057, 0.0 ], [ 125.406756538000124, 2.107124363000052, 0.0 ], [ 125.406581551000031, 2.10693379, 0.0 ], [ 125.40632308400005, 2.106789147000027, 0.0 ], [ 125.406246918000065, 2.106651856000036, 0.0 ], [ 125.406269330000143, 2.106407539000072, 0.0 ], [ 125.406290485976669, 2.106312133003547, 0.0 ], [ 125.406125000000188, 2.106185000000133, 0.0 ], [ 125.406090000000219, 2.106023, 0.0 ], [ 125.406143, 2.105790000000136, 0.0 ], [ 125.406249, 2.105610000000164, 0.0 ], [ 125.406267, 2.105341000000111, 0.0 ], [ 125.406409, 2.104731, 0.0 ], [ 125.406569000000246, 2.104516, 0.0 ], [ 125.406997, 2.104354000000159, 0.0 ], [ 125.407603, 2.104335000000185, 0.0 ], [ 125.40803100000015, 2.104226, 0.0 ], [ 125.408191, 2.104011000000201, 0.0 ], [ 125.408262000000164, 2.103760000000216, 0.0 ], [ 125.408352, 2.103616, 0.0 ], [ 125.408654000000183, 2.103508000000149, 0.0 ], [ 125.408993, 2.1034, 0.0 ], [ 125.409073179255756, 2.103307633497471, 0.0 ], [ 125.40903115700003, 2.103305416000085, 0.0 ], [ 125.408636327000053, 2.103390002000067, 0.0 ], [ 125.408431145000037, 2.103321616000093, 0.0 ], [ 125.408294298000087, 2.103237856, 0.0 ], [ 125.408194091000055, 2.103066070000088, 0.0 ], [ 125.408125482000059, 2.102834655000036, 0.0 ], [ 125.408120471218766, 2.102823120549486, 0.0 ], [ 125.408082000000192, 2.102827000000113, 0.0 ], [ 125.40783300000011, 2.102792, 0.0 ], [ 125.407708, 2.102684000000183, 0.0 ], [ 125.40769, 2.102541, 0.0 ], [ 125.407707000000158, 2.102308000000159, 0.0 ], [ 125.407736668433202, 2.102241996070459, 0.0 ], [ 125.407185753000022, 2.10202150500008, 0.0 ], [ 125.406818683000111, 2.101884877000055, 0.0 ], [ 125.406468531000101, 2.10165390000004, 0.0 ], [ 125.406135572000082, 2.101508643000011, 0.0 ], [ 125.405777033000078, 2.101372001000074, 0.0 ], [ 125.40529924900008, 2.101364167000048, 0.0 ], [ 125.404864318999969, 2.101484889000089, 0.0 ], [ 125.404744905000044, 2.101502223000102, 0.0 ], [ 125.404546752000073, 2.101590151, 0.0 ], [ 125.40431576000006, 2.101578897000051, 0.0 ], [ 125.404148222000146, 2.101526904000012, 0.0 ], [ 125.403899854000102, 2.101480844000021, 0.0 ], [ 125.403767051000045, 2.101486854000074, 0.0 ], [ 125.403686326000113, 2.101562455000023, 0.0 ], [ 125.40360572500002, 2.101719335000036, 0.0 ], [ 125.403496313000119, 2.10191690000004, 0.0 ], [ 125.403277056000093, 2.102027550000047, 0.0 ], [ 125.403075059000074, 2.102097532000064, 0.0 ], [ 125.40293077000004, 2.102144201000018, 0.0 ], [ 125.402798119000082, 2.102248910000066, 0.0 ], [ 125.402686616000082, 2.102361949000093, 0.0 ], [ 125.402456165000117, 2.102704846000043, 0.0 ], [ 125.402294695999984, 2.102844435000046, 0.0 ], [ 125.402092752000073, 2.102949251000014, 0.0 ], [ 125.401642713000129, 2.10318798500005, 0.0 ], [ 125.40152156700006, 2.103263647000093, 0.0 ], [ 125.401435111000097, 2.103368285000046, 0.0 ], [ 125.401227579000064, 2.103595031000067, 0.0 ], [ 125.401042949000072, 2.103694016, 0.0 ], [ 125.400737055999983, 2.103793188000031, 0.0 ], [ 125.400575497000119, 2.103874719000027, 0.0 ], [ 125.400506337999985, 2.103961912000047, 0.0 ], [ 125.400424600000065, 2.104109349000078, 0.0 ], [ 125.400246171000049, 2.104487, 0.0 ], [ 125.400078855000061, 2.104580152000041, 0.0 ], [ 125.399802128000076, 2.104870869000026, 0.0 ], [ 125.399713811000055, 2.104940859000044, 0.0 ], [ 125.399479152, 2.105126824000065, 0.0 ], [ 125.399196455000052, 2.105289824000051, 0.0 ], [ 125.39895986400002, 2.105394694000024, 0.0 ], [ 125.398763958999979, 2.105424923000038, 0.0 ], [ 125.398503791000039, 2.105465069000074, 0.0 ], [ 125.398248310000128, 2.105428812000094, 0.0 ], [ 125.397988600000033, 2.105356934, 0.0 ], [ 125.397872813000049, 2.105324889000022, 0.0 ], [ 125.397780272000119, 2.105226334000038, 0.0 ], [ 125.397728080000064, 2.105081270000026, 0.0 ], [ 125.397629507, 2.104814356000057, 0.0 ], [ 125.397484800000015, 2.104588155000082, 0.0 ], [ 125.397311444000053, 2.10450714200004, 0.0 ], [ 125.396606593000087, 2.104264388000027, 0.0 ], [ 125.396017273000083, 2.104050484, 0.0 ], [ 125.395777991, 2.10384243500002, 0.0 ], [ 125.395737998000072, 2.103657378999985, 0.0 ], [ 125.395716153000038, 2.103537631000025, 0.0 ], [ 125.395495697000101, 2.103381893000106, 0.0 ], [ 125.395199373000096, 2.103189973000037, 0.0 ], [ 125.394971834000103, 2.103124989000078, 0.0 ], [ 125.394870762000082, 2.103132404000069, 0.0 ], [ 125.394748078000063, 2.103172522000014, 0.0 ], [ 125.394437200000098, 2.103397441000061, 0.0 ], [ 125.394227945000011, 2.103484879000101, 0.0 ], [ 125.394054681000057, 2.103499665000081, 0.0 ], [ 125.393762149000011, 2.103427521000063, 0.0 ], [ 125.393231192000044, 2.103254112000103, 0.0 ], [ 125.392884464000048, 2.103153014000087, 0.0 ], [ 125.392447425000128, 2.10301575700001, 0.0 ], [ 125.392259550000034, 2.102918044, 0.0 ], [ 125.392103536, 2.102791874000049, 0.0 ], [ 125.391911574000105, 2.102599531000033, 0.0 ], [ 125.391737336000077, 2.102244623000066, 0.0 ], [ 125.391649998000048, 2.101826247, 0.0 ], [ 125.391643850000079, 2.101666039000067, 0.0 ], [ 125.391597994000094, 2.101328506000117, 0.0 ], [ 125.391584961, 2.101120753999981, 0.0 ], [ 125.391597115915118, 2.100892856772758, 0.0 ], [ 125.39150600000012, 2.100619, 0.0 ], [ 125.391488914262325, 2.100377101920776, 0.0 ], [ 125.391309543000034, 2.100306570000027, 0.0 ], [ 125.390912601000053, 2.099866816000057, 0.0 ], [ 125.390676608000064, 2.099297514000027, 0.0 ], [ 125.390634902000087, 2.099106031000082, 0.0 ], [ 125.390651051000091, 2.098831178000077, 0.0 ], [ 125.390717076000129, 2.098672841000033, 0.0 ], [ 125.390733590000082, 2.098639503000117, 0.0 ], [ 125.390807860000095, 2.098456170000047, 0.0 ], [ 125.390812953174063, 2.098448463527786, 0.0 ], [ 125.390830479464441, 2.098390947673396, 0.0 ], [ 125.390857192000084, 2.098214578000041, 0.0 ], [ 125.390782504000043, 2.098123083000109, 0.0 ], [ 125.390658183000056, 2.098073305000076, 0.0 ], [ 125.390484237000052, 2.09807357300001, 0.0 ], [ 125.390393160000059, 2.098098698000046, 0.0 ], [ 125.390169594000128, 2.098149010000034, 0.0 ], [ 125.390111662000137, 2.098182412000044, 0.0 ], [ 125.390012365000089, 2.098249189000063, 0.0 ], [ 125.389971013000036, 2.09829089400005, 0.0 ], [ 125.389880025999972, 2.098374315000024, 0.0 ], [ 125.389855252000061, 2.098424321999987, 0.0 ], [ 125.389722887000033, 2.09853279200008, 0.0 ], [ 125.389590394999985, 2.098557979000033, 0.0 ], [ 125.389548980000114, 2.098558043000038, 0.0 ], [ 125.389408077000098, 2.098499963000029, 0.0 ], [ 125.389275346000119, 2.098366916000034, 0.0 ], [ 125.389126047000119, 2.098233895000041, 0.0 ], [ 125.388943566000123, 2.098067613000049, 0.0 ], [ 125.388802449000082, 2.09786795400005, 0.0 ], [ 125.388520330000091, 2.097543590000035, 0.0 ], [ 125.388337964000016, 2.097452260000027, 0.0 ], [ 125.388039417000087, 2.097219530000045, 0.0 ], [ 125.387740832000077, 2.096961815000038, 0.0 ], [ 125.387458840000022, 2.096720732000074, 0.0 ], [ 125.386994469000143, 2.096379990000036, 0.0 ], [ 125.386439235000026, 2.096205950000114, 0.0 ], [ 125.385627273000082, 2.096065616000049, 0.0 ], [ 125.385055751000138, 2.0960748200001, 0.0 ], [ 125.384475981000037, 2.096109021000087, 0.0 ], [ 125.383696509000032, 2.096161248000056, 0.0 ], [ 125.383480801000033, 2.096151089000015, 0.0 ], [ 125.38284524700012, 2.096104453000065, 0.0 ], [ 125.3823824360001, 2.096152634000054, 0.0 ], [ 125.382075401000094, 2.096138862999981, 0.0 ], [ 125.381782526000023, 2.096120322000045, 0.0 ], [ 125.381451753000107, 2.096025883000047, 0.0 ], [ 125.381139987000068, 2.096007372000026, 0.0 ], [ 125.38096516700007, 2.095969662000103, 0.0 ], [ 125.380917840000066, 2.095908019000065, 0.0 ], [ 125.380922399, 2.095798826, 0.0 ], [ 125.380950416, 2.095585158000086, 0.0 ], [ 125.380892053000068, 2.09537970200005, 0.0 ], [ 125.380806904000124, 2.095294382, 0.0 ], [ 125.38069345100007, 2.095232842000067, 0.0 ], [ 125.380443218000053, 2.095299685, 0.0 ], [ 125.380192996000133, 2.095376023000012, 0.0 ], [ 125.38004186700006, 2.095385749000018, 0.0 ], [ 125.379918932000024, 2.095300487000069, 0.0 ], [ 125.379899923000039, 2.09522456, 0.0 ], [ 125.379899636000104, 2.095034670000102, 0.0 ], [ 125.379875755000086, 2.094859060000049, 0.0 ], [ 125.37980351800006, 2.094585797, 0.0 ], [ 125.379680411000095, 2.094386601000037, 0.0 ], [ 125.379415611000027, 2.094192369000043, 0.0 ], [ 125.379122624000033, 2.09409787200004, 0.0 ], [ 125.378787177000078, 2.094036671000039, 0.0 ], [ 125.378621754000065, 2.09396571400003, 0.0 ], [ 125.37842309400007, 2.093780875000013, 0.0 ], [ 125.378370952000097, 2.09365752600011, 0.0 ], [ 125.378370802000092, 2.093557834000032, 0.0 ], [ 125.378427188000046, 2.093363111, 0.0 ], [ 125.378495552000103, 2.093000317000088, 0.0 ], [ 125.378698143000079, 2.092371193000082, 0.0 ], [ 125.37879264, 2.09188787700006, 0.0 ], [ 125.378802260000086, 2.091671233000076, 0.0 ], [ 125.378831909000056, 2.091541210000065, 0.0 ], [ 125.378833143292809, 2.091538719511005, 0.0 ], [ 125.378833000000228, 2.091537000000161, 0.0 ], [ 125.378886, 2.091322000000135, 0.0 ], [ 125.378832000000145, 2.091035000000192, 0.0 ], [ 125.378939, 2.090802, 0.0 ], [ 125.379153000000244, 2.090784, 0.0 ], [ 125.379243432182875, 2.090783701544014, 0.0 ], [ 125.379231963000024, 2.090760734000058, 0.0 ], [ 125.379119145000104, 2.090710916000022, 0.0 ], [ 125.378897385000045, 2.090682341000056, 0.0 ], [ 125.378366859000025, 2.090699147000025, 0.0 ], [ 125.378116211877156, 2.090769053191616, 0.0 ], [ 125.378029, 2.090857000000208, 0.0 ], [ 125.377655, 2.091216, 0.0 ], [ 125.37760878206592, 2.091235410267862, 0.0 ], [ 125.377566600999984, 2.091281600000078, 0.0 ], [ 125.377365329000114, 2.091505869000072, 0.0 ], [ 125.377137432, 2.091666189000014, 0.0 ], [ 125.376776897000013, 2.091826711000062, 0.0 ], [ 125.376238984000096, 2.092161688000067, 0.0 ], [ 125.37529725300007, 2.092776784000067, 0.0 ], [ 125.375271153000128, 2.092799346000069, 0.0 ], [ 125.374976330000067, 2.092871114000056, 0.0 ], [ 125.374885044000067, 2.092891656000068, 0.0 ], [ 125.374707621000042, 2.092931582000086, 0.0 ], [ 125.374647905000074, 2.092942934000048, 0.0 ], [ 125.374341807000064, 2.092965921, 0.0 ], [ 125.374024583000022, 2.093037724000075, 0.0 ], [ 125.374013382000072, 2.093037741000076, 0.0 ], [ 125.373733492, 2.093109486000062, 0.0 ], [ 125.373377578000046, 2.09329219000008, 0.0 ], [ 125.373284560000158, 2.093389348000036, 0.0 ], [ 125.373251419000084, 2.093476378000043, 0.0 ], [ 125.3731517370001, 2.093566854000068, 0.0 ], [ 125.373055282000109, 2.093590419000064, 0.0 ], [ 125.372932218000045, 2.093620714000084, 0.0 ], [ 125.372912271, 2.093630781000028, 0.0 ], [ 125.372819197000027, 2.093691139000049, 0.0 ], [ 125.372789282000127, 2.093711257000026, 0.0 ], [ 125.372729518000071, 2.093794982000025, 0.0 ], [ 125.372712910000018, 2.093815079, 0.0 ], [ 125.372623175000058, 2.093882123000041, 0.0 ], [ 125.372599915, 2.093902231000106, 0.0 ], [ 125.372463552000085, 2.093939238000059, 0.0 ], [ 125.37200438500011, 2.093936591000018, 0.0 ], [ 125.371871283000019, 2.093930104000014, 0.0 ], [ 125.371824661000161, 2.093903411000026, 0.0 ], [ 125.371735540000074, 2.093811491000059, 0.0 ], [ 125.371659296000061, 2.093773322000098, 0.0 ], [ 125.37144164900009, 2.093714782000051, 0.0 ], [ 125.371203030000061, 2.093622635000065, 0.0 ], [ 125.37097204900013, 2.093550179000021, 0.0 ], [ 125.370775244000015, 2.093441147000059, 0.0 ], [ 125.370637006000038, 2.093327822, 0.0 ], [ 125.370343121000062, 2.093112764000066, 0.0 ], [ 125.370301169000044, 2.093037137000026, 0.0 ], [ 125.370275760999988, 2.092835333000027, 0.0 ], [ 125.370299540185982, 2.092596154824983, 0.0 ], [ 125.370201000000108, 2.092448, 0.0 ], [ 125.370147000000173, 2.09212500000014, 0.0 ], [ 125.370003, 2.09165900000013, 0.0 ], [ 125.369947650895753, 2.091506112614178, 0.0 ], [ 125.369582848000036, 2.091346554000035, 0.0 ], [ 125.369154755000054, 2.091114486000018, 0.0 ], [ 125.368865787000118, 2.09092569600003, 0.0 ], [ 125.368447024000019, 2.090674030000079, 0.0 ], [ 125.367881764000145, 2.090380534000042, 0.0 ], [ 125.367469162000035, 2.090176880000067, 0.0 ], [ 125.367020809000152, 2.090065007000048, 0.0 ], [ 125.366895679000095, 2.09003295000006, 0.0 ], [ 125.366834752000031, 2.090039492000068, 0.0 ], [ 125.366825129000034, 2.090039507000069, 0.0 ], [ 125.366777065000051, 2.090068601000079, 0.0 ], [ 125.366764245000056, 2.090075071000081, 0.0 ], [ 125.366757902999979, 2.09012345, 0.0 ], [ 125.36675793200007, 2.090142799, 0.0 ], [ 125.366777252999981, 2.090194364000093, 0.0 ], [ 125.366790119999976, 2.090220142, 0.0 ], [ 125.366838340000058, 2.090294237, 0.0 ], [ 125.366928263000133, 2.090374717, 0.0 ], [ 125.367005320000104, 2.09042942, 0.0 ], [ 125.367082413000091, 2.090509921, 0.0 ], [ 125.367095393000099, 2.09060986600001, 0.0 ], [ 125.367050573000029, 2.090664753000022, 0.0 ], [ 125.366976890000061, 2.090719686000037, 0.0 ], [ 125.366861495000109, 2.090765006000057, 0.0 ], [ 125.366771751000144, 2.090803838000072, 0.0 ], [ 125.3666531370001, 2.090839490000091, 0.0 ], [ 125.366640313000104, 2.090842734, 0.0 ], [ 125.366342040000035, 2.090843186000042, 0.0 ], [ 125.366114244000102, 2.090788712000064, 0.0 ], [ 125.365825646000118, 2.090671365000036, 0.0 ], [ 125.365298078999984, 2.090403041000039, 0.0 ], [ 125.364998773, 2.090231095000023, 0.0 ], [ 125.364860466000096, 2.090071513000053, 0.0 ], [ 125.36475972700012, 2.089853001000092, 0.0 ], [ 125.364700738000025, 2.089575556000051, 0.0 ], [ 125.364579179000103, 2.089424358000064, 0.0 ], [ 125.364340530000064, 2.089311182000115, 0.0 ], [ 125.363829969000108, 2.089223649000067, 0.0 ], [ 125.363357162000057, 2.089203339000074, 0.0 ], [ 125.362810400000029, 2.089177144000038, 0.0 ], [ 125.362609536000022, 2.089152218000018, 0.0 ], [ 125.36247555200012, 2.089085139000064, 0.0 ], [ 125.362316384000096, 2.08896343200003, 0.0 ], [ 125.362155878000053, 2.088824529, 0.0 ], [ 125.361914503000065, 2.088555584000035, 0.0 ], [ 125.361785889000089, 2.088323641000029, 0.0 ], [ 125.361767384000061, 2.088202073, 0.0 ], [ 125.361767362000066, 2.088187335000031, 0.0 ], [ 125.361785504000053, 2.088065712000093, 0.0 ], [ 125.361789119, 2.088032544000013, 0.0 ], [ 125.361804190899903, 2.088019098112943, 0.0 ], [ 125.361776000000148, 2.087690000000181, 0.0 ], [ 125.361864000000239, 2.087264000000106, 0.0 ], [ 125.361998, 2.086839000000113, 0.0 ], [ 125.362152, 2.086301000000185, 0.0 ], [ 125.362089404768867, 2.085882452781791, 0.0 ], [ 125.361975015000098, 2.085669704000088, 0.0 ], [ 125.361786687000063, 2.08541042200004, 0.0 ], [ 125.361726178000026, 2.085235582000051, 0.0 ], [ 125.361739235000044, 2.085013534000064, 0.0 ], [ 125.361742210650348, 2.084970757077704, 0.0 ], [ 125.361727000000187, 2.084734000000205, 0.0 ], [ 125.361720779792279, 2.084625011140135, 0.0 ], [ 125.361698396000037, 2.084562811000074, 0.0 ], [ 125.36154421099998, 2.084415024000103, 0.0 ], [ 125.361423385000109, 2.084193179000044, 0.0 ], [ 125.361376155000016, 2.083944310000058, 0.0 ], [ 125.36137690328421, 2.083934598049259, 0.0 ], [ 125.361280000000235, 2.0838160000001, 0.0 ], [ 125.361213000000106, 2.08354800000013, 0.0 ], [ 125.361190000000164, 2.083212, 0.0 ], [ 125.361190000000164, 2.082898000000172, 0.0 ], [ 125.361012000000173, 2.082608000000159, 0.0 ], [ 125.360867538656137, 2.082427557577821, 0.0 ], [ 125.360746769000087, 2.082393838000025, 0.0 ], [ 125.360402650000125, 2.082257285, 0.0 ], [ 125.36026012800005, 2.082114467000091, 0.0 ], [ 125.360114634000098, 2.081894932000045, 0.0 ], [ 125.359960504000043, 2.081720538000093, 0.0 ], [ 125.359680553000061, 2.081580380000043, 0.0 ], [ 125.359294026000057, 2.081433687000073, 0.0 ], [ 125.359140496000052, 2.08120631200009, 0.0 ], [ 125.359000209000072, 2.080925363000025, 0.0 ], [ 125.358906605000058, 2.08068451, 0.0 ], [ 125.358852832000053, 2.080356571000037, 0.0 ], [ 125.358839078000074, 2.080019322000021, 0.0 ], [ 125.358851902000069, 2.079684588000037, 0.0 ], [ 125.358891667000066, 2.079550643000056, 0.0 ], [ 125.359018005000038, 2.079409873000044, 0.0 ], [ 125.359078588740999, 2.079397992874094, 0.0 ], [ 125.359181, 2.079318, 0.0 ], [ 125.359833376584689, 2.07927300851159, 0.0 ], [ 125.359857044, 2.07923004, 0.0 ], [ 125.359890133, 2.07887524300004, 0.0 ], [ 125.359822362000074, 2.078512152000018, 0.0 ], [ 125.359611770000058, 2.078174614000067, 0.0 ], [ 125.359375770000071, 2.077884295000027, 0.0 ], [ 125.359190375, 2.077538274000085, 0.0 ], [ 125.359122545000076, 2.077132950000033, 0.0 ], [ 125.359062344971107, 2.076478207398653, 0.0 ], [ 125.359042, 2.076407, 0.0 ], [ 125.359055707432418, 2.076239707019296, 0.0 ], [ 125.359061527000094, 2.075654930000043, 0.0 ], [ 125.359027332000096, 2.075117896000018, 0.0 ], [ 125.359085684000135, 2.074796847000099, 0.0 ], [ 125.359011793000064, 2.074573955000043, 0.0 ], [ 125.35896410700002, 2.074367344000089, 0.0 ], [ 125.358909707000052, 2.074071484000035, 0.0 ], [ 125.35897684861996, 2.073867950519565, 0.0 ], [ 125.358963000000102, 2.073817000000206, 0.0 ], [ 125.358963000000102, 2.073482204923033, 0.0 ], [ 125.358962848, 2.073480049000038, 0.0 ], [ 125.358868179000083, 2.07331822900006, 0.0 ], [ 125.358723412, 2.073083880000032, 0.0 ], [ 125.35865094600004, 2.072910856000016, 0.0 ], [ 125.358511906000089, 2.072793782000099, 0.0 ], [ 125.358489672000019, 2.072782646000066, 0.0 ], [ 125.35833963100005, 2.072738191000029, 0.0 ], [ 125.35831185800005, 2.072738233000033, 0.0 ], [ 125.358134127000099, 2.072749669000091, 0.0 ], [ 125.357950856000116, 2.072772283000097, 0.0 ], [ 125.357811959000088, 2.072750152000042, 0.0 ], [ 125.357528533000078, 2.072655632000037, 0.0 ], [ 125.357117417000083, 2.072605984000104, 0.0 ], [ 125.357067417000025, 2.072600474000092, 0.0 ], [ 125.356578610000085, 2.072601206000064, 0.0 ], [ 125.355908242000041, 2.072582184000089, 0.0 ], [ 125.35567622000012, 2.072529246000061, 0.0 ], [ 125.355483841, 2.072396321000076, 0.0 ], [ 125.355278061000035, 2.072163508000086, 0.0 ], [ 125.355065882000062, 2.072083897000072, 0.0 ], [ 125.35491350100007, 2.072110768000075, 0.0 ], [ 125.354774629000033, 2.072310794000016, 0.0 ], [ 125.354688774000039, 2.072510742000039, 0.0 ], [ 125.354576204000054, 2.07257085600004, 0.0 ], [ 125.354456919000128, 2.072571034000054, 0.0 ], [ 125.354258032000104, 2.072518046000022, 0.0 ], [ 125.353992749000099, 2.072378570000028, 0.0 ], [ 125.353767205000082, 2.072225713, 0.0 ], [ 125.353548123000081, 2.071959616000091, 0.0 ], [ 125.35330909000001, 2.071646922000065, 0.0 ], [ 125.352997317999979, 2.071440909000072, 0.0 ], [ 125.352625971000066, 2.071281607000037, 0.0 ], [ 125.352155201000116, 2.071109134000066, 0.0 ], [ 125.351719648000042, 2.071020872000046, 0.0 ], [ 125.351507563999988, 2.071007869000036, 0.0 ], [ 125.351275719000085, 2.071074821000069, 0.0 ], [ 125.350964568000094, 2.071288425000068, 0.0 ], [ 125.35066011900004, 2.071555307000034, 0.0 ], [ 125.350434939000067, 2.07164889200005, 0.0 ], [ 125.350017618000081, 2.071769407000074, 0.0 ], [ 125.349666712, 2.071989732, 0.0 ], [ 125.349415288000074, 2.072263194000074, 0.0 ], [ 125.349148885000062, 2.072561933000012, 0.0 ], [ 125.348943656000046, 2.072702114000064, 0.0 ], [ 125.348731709000091, 2.072782358000042, 0.0 ], [ 125.348265768, 2.072827626000057, 0.0 ], [ 125.347894616000104, 2.07280153700003, 0.0 ], [ 125.347476901000093, 2.072655626000037, 0.0 ], [ 125.34720484000006, 2.072416247000037, 0.0 ], [ 125.34694597500004, 2.072136885000015, 0.0 ], [ 125.346720325000106, 2.071910758000046, 0.0 ], [ 125.346547679000125, 2.071677893000052, 0.0 ], [ 125.346479239999965, 2.071594279000061, 0.0 ], [ 125.346470284000034, 2.071530143000084, 0.0 ], [ 125.346490486000107, 2.071429287000088, 0.0 ], [ 125.34655189800003, 2.071294982000078, 0.0 ], [ 125.346613362000056, 2.071196810000037, 0.0 ], [ 125.346656571000082, 2.071017990000074, 0.0 ], [ 125.346684913000118, 2.070878539, 0.0 ], [ 125.346672346000133, 2.070653046000077, 0.0 ], [ 125.346668250000064, 2.070640751000036, 0.0 ], [ 125.346598489999977, 2.070345638000044, 0.0 ], [ 125.34651660300004, 2.07012434700003, 0.0 ], [ 125.346516561000044, 2.070095646000054, 0.0 ], [ 125.346418497000101, 2.069964585000045, 0.0 ], [ 125.346402166000075, 2.069952308, 0.0 ], [ 125.346214555000103, 2.069936186000094, 0.0 ], [ 125.346051485000103, 2.069969231000075, 0.0 ], [ 125.346035184, 2.069977456000045, 0.0 ], [ 125.345851850000017, 2.070096635000047, 0.0 ], [ 125.345717669000024, 2.07036335, 0.0 ], [ 125.345506065000095, 2.070671183000067, 0.0 ], [ 125.345288448000034, 2.071001004, 0.0 ], [ 125.345204442000096, 2.071046821000062, 0.0 ], [ 125.345093180000035, 2.071099533000071, 0.0 ], [ 125.345022734000068, 2.071095069000057, 0.0 ], [ 125.344977186000037, 2.071024313000065, 0.0 ], [ 125.344945272999965, 2.070955822, 0.0 ], [ 125.344917939000112, 2.070910170000035, 0.0 ], [ 125.344883841000041, 2.070901082, 0.0 ], [ 125.344850884000067, 2.070896468000056, 0.0 ], [ 125.344823301, 2.070980077000046, 0.0 ], [ 125.34474035100007, 2.071091625000038, 0.0 ], [ 125.344583539000055, 2.071217211000038, 0.0 ], [ 125.344445090000065, 2.071268487000017, 0.0 ], [ 125.34405747700005, 2.071445487000096, 0.0 ], [ 125.343553082000071, 2.071666290000069, 0.0 ], [ 125.34324831300016, 2.071861393000047, 0.0 ], [ 125.34323072100004, 2.071867318, 0.0 ], [ 125.34300215500005, 2.07202101800002, 0.0 ], [ 125.342955648430873, 2.072108165721238, 0.0 ], [ 125.342919209072491, 2.072206187595144, 0.0 ], [ 125.342914635000085, 2.072345564000051, 0.0 ], [ 125.342891568000042, 2.072616927000032, 0.0 ], [ 125.342888417000054, 2.073037378, 0.0 ], [ 125.342889020000015, 2.073446775000038, 0.0 ], [ 125.34283259700014, 2.073713443999987, 0.0 ], [ 125.342709763000016, 2.073894524000048, 0.0 ], [ 125.342575552940318, 2.074125500004415, 0.0 ], [ 125.342574, 2.074133, 0.0 ], [ 125.342548111718145, 2.074174304899207, 0.0 ], [ 125.342360689000088, 2.07477096600009, 0.0 ], [ 125.342120125000079, 2.075510470000081, 0.0 ], [ 125.34196294400013, 2.076032511000021, 0.0 ], [ 125.341939385735714, 2.076087361095775, 0.0 ], [ 125.341931, 2.076150000000149, 0.0 ], [ 125.341798, 2.076576, 0.0 ], [ 125.341655030264548, 2.076759985643479, 0.0 ], [ 125.341631527000146, 2.076968803000041, 0.0 ], [ 125.341594919000045, 2.077021866000079, 0.0 ], [ 125.341445989999983, 2.077102750000021, 0.0 ], [ 125.341317691000114, 2.077176691000011, 0.0 ], [ 125.341251336000042, 2.077273586000034, 0.0 ], [ 125.341185076000073, 2.077435011000068, 0.0 ], [ 125.34107745200005, 2.077536577000034, 0.0 ], [ 125.340877511000016, 2.077588037000028, 0.0 ], [ 125.340548965000011, 2.077712426000106, 0.0 ], [ 125.340446054983957, 2.077835932236367, 0.0 ], [ 125.340418, 2.077928000000179, 0.0 ], [ 125.340436000000167, 2.07809, 0.0 ], [ 125.340526000000153, 2.078233000000191, 0.0 ], [ 125.340705, 2.078394000000189, 0.0 ], [ 125.341294000000204, 2.078842000000131, 0.0 ], [ 125.341437, 2.079057000000157, 0.0 ], [ 125.34145500000011, 2.0793440000001, 0.0 ], [ 125.341491000000161, 2.079774000000151, 0.0 ], [ 125.341528000000196, 2.080169000000149, 0.0 ], [ 125.341421000000224, 2.080420000000133, 0.0 ], [ 125.341243000000148, 2.080654000000132, 0.0 ], [ 125.341119, 2.080995000000103, 0.0 ], [ 125.341137, 2.081282, 0.0 ], [ 125.341030000000202, 2.081425000000154, 0.0 ], [ 125.340816, 2.08148, 0.0 ], [ 125.340638, 2.081462, 0.0 ], [ 125.340423000000257, 2.081301000000197, 0.0 ], [ 125.340245000000181, 2.081211, 0.0 ], [ 125.339987806234433, 2.08122153164137, 0.0 ], [ 125.339832381000051, 2.081392214000106, 0.0 ], [ 125.339667946000034, 2.081477066000021, 0.0 ], [ 125.339415453000015, 2.081531283000066, 0.0 ], [ 125.339135838000061, 2.081362488000044, 0.0 ], [ 125.33901307500004, 2.08115884800007, 0.0 ], [ 125.338794587000081, 2.080916893000035, 0.0 ], [ 125.338643444, 2.080903739000101, 0.0 ], [ 125.338403498000048, 2.080967762000069, 0.0 ], [ 125.338186423000025, 2.081118595000026, 0.0 ], [ 125.337964536000058, 2.081279144000076, 0.0 ], [ 125.337752269, 2.08141540300007, 0.0 ], [ 125.33757378200005, 2.08153704700001, 0.0 ], [ 125.337371095000066, 2.081619886000025, 0.0 ], [ 125.337105582000035, 2.081668833000078, 0.0 ], [ 125.336908155222886, 2.081702924156554, 0.0 ], [ 125.336678, 2.081934000000169, 0.0 ], [ 125.336643000000137, 2.0821500000001, 0.0 ], [ 125.33671500000014, 2.082293, 0.0 ], [ 125.336929, 2.082598000000219, 0.0 ], [ 125.337088, 2.082987, 0.0 ], [ 125.337094916831816, 2.083010206940179, 0.0 ], [ 125.337104936000074, 2.083020753000026, 0.0 ], [ 125.337214624, 2.083197850000024, 0.0 ], [ 125.337215075000032, 2.083503471, 0.0 ], [ 125.337195697886969, 2.083671215256972, 0.0 ], [ 125.337196000000148, 2.083812000000124, 0.0 ], [ 125.337126, 2.08422500000019, 0.0 ], [ 125.336983000000103, 2.084871000000172, 0.0 ], [ 125.33691300000018, 2.085373000000141, 0.0 ], [ 125.336825000000175, 2.086001, 0.0 ], [ 125.336718, 2.086575000000119, 0.0 ], [ 125.336398, 2.08715, 0.0 ], [ 125.336221000000123, 2.087868000000165, 0.0 ], [ 125.336258, 2.088262, 0.0 ], [ 125.3364720000001, 2.088603000000228, 0.0 ], [ 125.336722, 2.088800000000186, 0.0 ], [ 125.336936000000122, 2.088997000000143, 0.0 ], [ 125.337222, 2.089337, 0.0 ], [ 125.337294000000171, 2.08964200000022, 0.0 ], [ 125.337294000000171, 2.090001, 0.0 ], [ 125.3372770000001, 2.090234000000175, 0.0 ], [ 125.337366000000173, 2.090629000000172, 0.0 ], [ 125.337349, 2.090951000000169, 0.0 ], [ 125.337225000000146, 2.0911670000001, 0.0 ], [ 125.337185191111516, 2.091263167540253, 0.0 ], [ 125.337209809000129, 2.091400538000061, 0.0 ], [ 125.337180786000133, 2.09152385800005, 0.0 ], [ 125.337123687478126, 2.091590628846502, 0.0 ], [ 125.337118000000174, 2.091687000000137, 0.0 ], [ 125.337297, 2.091884, 0.0 ], [ 125.337493, 2.092045, 0.0 ], [ 125.337833000000188, 2.092206, 0.0 ], [ 125.338029, 2.092350000000105, 0.0 ], [ 125.3380650000001, 2.092655000000116, 0.0 ], [ 125.338048000000214, 2.09288800000021, 0.0 ], [ 125.337995000000177, 2.093336000000152, 0.0 ], [ 125.337960000000209, 2.093713, 0.0 ], [ 125.33806700000018, 2.094054000000229, 0.0 ], [ 125.338264000000137, 2.094287000000145, 0.0 ], [ 125.338496, 2.094358000000158, 0.0 ], [ 125.338835, 2.094393000000212, 0.0 ], [ 125.339013, 2.094393000000212, 0.0 ], [ 125.339309000000185, 2.094477, 0.0 ], [ 125.339558, 2.094477, 0.0 ], [ 125.339790000000193, 2.094333, 0.0 ], [ 125.339950000000201, 2.094081000000154, 0.0 ], [ 125.340128000000178, 2.093956000000114, 0.0 ], [ 125.340378000000257, 2.093919, 0.0 ], [ 125.340878000000245, 2.094134, 0.0 ], [ 125.341556000000111, 2.094563, 0.0 ], [ 125.34234200000013, 2.094885, 0.0 ], [ 125.342984, 2.095117, 0.0 ], [ 125.343537, 2.095152000000128, 0.0 ], [ 125.343769, 2.095083000000104, 0.0 ], [ 125.343674000000121, 2.095341000000134, 0.0 ], [ 125.343615, 2.09556900000017, 0.0 ], [ 125.343483000000219, 2.095826000000118, 0.0 ], [ 125.343292, 2.095973000000201, 0.0 ], [ 125.342876073789327, 2.096244924867269, 0.0 ], [ 125.342876246000017, 2.096360867000053, 0.0 ], [ 125.342905212000105, 2.096538033000057, 0.0 ], [ 125.342884933000022, 2.096686424999989, 0.0 ], [ 125.34279458200001, 2.096750783000074, 0.0 ], [ 125.342618473, 2.096891167000054, 0.0 ], [ 125.34248347300003, 2.097101551000053, 0.0 ], [ 125.342438657000145, 2.097295313000098, 0.0 ], [ 125.342389667, 2.097439627000048, 0.0 ], [ 125.342299475000075, 2.09762738500004, 0.0 ], [ 125.342156401000054, 2.097924324000095, 0.0 ], [ 125.342041793, 2.098060495, 0.0 ], [ 125.341936919359554, 2.098146220925285, 0.0 ], [ 125.342058, 2.098315000000179, 0.0 ], [ 125.342212, 2.09841, 0.0 ], [ 125.343064, 2.098572000000127, 0.0 ], [ 125.343321000000131, 2.098638, 0.0 ], [ 125.343461, 2.098748000000123, 0.0 ], [ 125.343557000000118, 2.098873000000163, 0.0 ], [ 125.343579000000162, 2.09905700000011, 0.0 ], [ 125.343748000000119, 2.099499, 0.0 ], [ 125.34383600000011, 2.099683000000214, 0.0 ], [ 125.343984000000106, 2.099822000000168, 0.0 ], [ 125.344137000000146, 2.099925000000164, 0.0 ], [ 125.344277, 2.100050000000204, 0.0 ], [ 125.344431000000228, 2.100182000000112, 0.0 ], [ 125.344534000000223, 2.100263, 0.0 ], [ 125.344931000000116, 2.100292000000154, 0.0 ], [ 125.3451510000002, 2.100234000000151, 0.0 ], [ 125.345335000000247, 2.100234000000151, 0.0 ], [ 125.345408873337107, 2.100221527878327, 0.0 ], [ 125.345338269000067, 2.099853026000071, 0.0 ], [ 125.34527055600006, 2.099546342000098, 0.0 ], [ 125.34529613600013, 2.099353911999986, 0.0 ], [ 125.345394140000067, 2.099156174000056, 0.0 ], [ 125.345626724000127, 2.099005029000073, 0.0 ], [ 125.345693089789179, 2.098968423007969, 0.0 ], [ 125.345717000000135, 2.098750000000111, 0.0 ], [ 125.345842, 2.098596000000159, 0.0 ], [ 125.346050000000247, 2.098212000000183, 0.0 ], [ 125.346174000000119, 2.097999000000145, 0.0 ], [ 125.346306, 2.097676, 0.0 ], [ 125.346416, 2.097427, 0.0 ], [ 125.346468000000101, 2.097038, 0.0 ], [ 125.346578, 2.096869, 0.0 ], [ 125.346689, 2.09667000000014, 0.0 ], [ 125.346754000000146, 2.096443000000187, 0.0 ], [ 125.34682, 2.096193000000108, 0.0 ], [ 125.34685, 2.09598, 0.0 ], [ 125.346916, 2.09587, 0.0 ], [ 125.346960000000223, 2.095797000000205, 0.0 ], [ 125.347348, 2.095804, 0.0 ], [ 125.347445000000121, 2.096025, 0.0 ], [ 125.347713, 2.096294000000116, 0.0 ], [ 125.347945, 2.096598000000222, 0.0 ], [ 125.347999000000215, 2.096885000000166, 0.0 ], [ 125.34792800000011, 2.097226000000136, 0.0 ], [ 125.347822, 2.097621000000133, 0.0 ], [ 125.347769, 2.098016000000131, 0.0 ], [ 125.347752000000114, 2.098680000000181, 0.0 ], [ 125.347860000000168, 2.099271, 0.0 ], [ 125.348129, 2.099737, 0.0 ], [ 125.348504, 2.100652, 0.0 ], [ 125.348683, 2.101082000000149, 0.0 ], [ 125.348844000000142, 2.101279000000106, 0.0 ], [ 125.349076, 2.101368000000187, 0.0 ], [ 125.34938, 2.101440000000105, 0.0 ], [ 125.349558, 2.101547, 0.0 ], [ 125.349701, 2.101726000000143, 0.0 ], [ 125.349897000000141, 2.101851000000183, 0.0 ], [ 125.350076, 2.101869, 0.0 ], [ 125.350343, 2.101833000000115, 0.0 ], [ 125.350753, 2.101563000000157, 0.0 ], [ 125.35116300000017, 2.101114000000132, 0.0 ], [ 125.351358000000147, 2.100522000000177, 0.0 ], [ 125.35149900000026, 2.09975, 0.0 ], [ 125.351695, 2.099427000000171, 0.0 ], [ 125.351873, 2.099373000000144, 0.0 ], [ 125.352035000000114, 2.099408, 0.0 ], [ 125.352213, 2.099516, 0.0 ], [ 125.352427, 2.0997310000001, 0.0 ], [ 125.352713, 2.099999, 0.0 ], [ 125.352927, 2.100214, 0.0 ], [ 125.353259000000222, 2.10042, 0.0 ], [ 125.353598000000119, 2.100563000000195, 0.0 ], [ 125.353741, 2.100760000000152, 0.0 ], [ 125.353687, 2.100993, 0.0 ], [ 125.353581000000219, 2.101262000000121, 0.0 ], [ 125.353580382924136, 2.101273690164424, 0.0 ], [ 125.353668600000091, 2.101259998000044, 0.0 ], [ 125.353756296999975, 2.101291579000081, 0.0 ], [ 125.353801951000023, 2.101340843000072, 0.0 ], [ 125.353840718000043, 2.101474688000044, 0.0 ], [ 125.353854558000123, 2.101617688000063, 0.0 ], [ 125.353840613000116, 2.101670565000086, 0.0 ], [ 125.353818729000082, 2.101888827000026, 0.0 ], [ 125.353835509411638, 2.101992436120154, 0.0 ], [ 125.354153, 2.102176, 0.0 ], [ 125.354439, 2.102427000000235, 0.0 ], [ 125.354528000000144, 2.102624000000192, 0.0 ], [ 125.35449300000019, 2.102929000000204, 0.0 ], [ 125.354398616506899, 2.10301087483778, 0.0 ], [ 125.354405385000035, 2.103044636000091, 0.0 ], [ 125.354356043000038, 2.103359523000032, 0.0 ], [ 125.354207013000064, 2.103631632999987, 0.0 ], [ 125.354008007000019, 2.103796496000038, 0.0 ], [ 125.353751921000068, 2.103861278000069, 0.0 ], [ 125.353300523000016, 2.103849544000076, 0.0 ], [ 125.353160225000039, 2.103810995000083, 0.0 ], [ 125.352977768000045, 2.10371613100005, 0.0 ], [ 125.352805919000033, 2.103681153, 0.0 ], [ 125.35269376700009, 2.103709514000036, 0.0 ], [ 125.352620262000045, 2.103790673000089, 0.0 ], [ 125.352581897000064, 2.103924635000071, 0.0 ], [ 125.352507551000045, 2.104129544000061, 0.0 ], [ 125.352371149000035, 2.104351749000061, 0.0 ], [ 125.352343930534687, 2.104383017266082, 0.0 ], [ 125.352355000000117, 2.104637000000126, 0.0 ], [ 125.35253400000019, 2.105085, 0.0 ], [ 125.352732, 2.105587000000215, 0.0 ], [ 125.352982, 2.106053000000225, 0.0 ], [ 125.353143000000131, 2.106555000000194, 0.0 ], [ 125.353250282024192, 2.107049456256666, 0.0 ], [ 125.353279799, 2.107103222000079, 0.0 ], [ 125.353380083000033, 2.107354194000061, 0.0 ], [ 125.353441422000046, 2.107543840000032, 0.0 ], [ 125.35343243444845, 2.10768254437424, 0.0 ], [ 125.353610000000131, 2.108169000000155, 0.0 ], [ 125.353824, 2.108527000000111, 0.0 ], [ 125.354038000000202, 2.108760000000204, 0.0 ], [ 125.354341000000218, 2.108921000000203, 0.0 ], [ 125.354681, 2.108956, 0.0 ], [ 125.35495075750444, 2.108884171078779, 0.0 ], [ 125.355171759000129, 2.108638797000035, 0.0 ], [ 125.355457254771764, 2.108405100640082, 0.0 ], [ 125.355536, 2.108273, 0.0 ], [ 125.355562768682887, 2.108074002621658, 0.0 ], [ 125.355548250000098, 2.107859985000077, 0.0 ], [ 125.355547939000076, 2.107653129000015, 0.0 ], [ 125.355556002995769, 2.107631703770425, 0.0 ], [ 125.355498000000111, 2.107197, 0.0 ], [ 125.355516000000179, 2.10687400000012, 0.0 ], [ 125.355640000000136, 2.106712000000217, 0.0 ], [ 125.355855, 2.106748000000175, 0.0 ], [ 125.356051000000136, 2.106819000000188, 0.0 ], [ 125.356337, 2.107016000000145, 0.0 ], [ 125.356783, 2.107195, 0.0 ], [ 125.35710400000012, 2.107248000000157, 0.0 ], [ 125.357336000000132, 2.107140000000102, 0.0 ], [ 125.357549000000176, 2.106871, 0.0 ], [ 125.357763000000119, 2.106584000000106, 0.0 ], [ 125.357959, 2.106476, 0.0 ], [ 125.358280000000178, 2.106403, 0.0 ], [ 125.358511, 2.106260000000121, 0.0 ], [ 125.358654, 2.106008000000232, 0.0 ], [ 125.358778000000171, 2.105721000000111, 0.0 ], [ 125.359117, 2.105398000000209, 0.0 ], [ 125.359277, 2.105057, 0.0 ], [ 125.35930846790248, 2.104750412722717, 0.0 ], [ 125.359308228000074, 2.104731896999985, 0.0 ], [ 125.359313390326193, 2.104702454251656, 0.0 ], [ 125.359347, 2.10437500000012, 0.0 ], [ 125.359453, 2.103944000000164, 0.0 ], [ 125.35981, 2.103674000000206, 0.0 ], [ 125.36013, 2.103387, 0.0 ], [ 125.360808, 2.102955, 0.0 ], [ 125.361307000000167, 2.10265, 0.0 ], [ 125.361521, 2.102649000000129, 0.0 ], [ 125.361770000000192, 2.102739000000115, 0.0 ], [ 125.361931, 2.102954000000141, 0.0 ], [ 125.36212800000024, 2.103204, 0.0 ], [ 125.362360000000152, 2.103348, 0.0 ], [ 125.362646, 2.103455, 0.0 ], [ 125.36278900000012, 2.103616, 0.0 ], [ 125.362860000000225, 2.103849000000119, 0.0 ], [ 125.362950000000211, 2.104226, 0.0 ], [ 125.3631290000001, 2.104459000000142, 0.0 ], [ 125.363343000000128, 2.104548000000223, 0.0 ], [ 125.363628, 2.10454700000014, 0.0 ], [ 125.364039, 2.10454700000014, 0.0 ], [ 125.364235, 2.104654000000112, 0.0 ], [ 125.364307000000139, 2.104851, 0.0 ], [ 125.364343, 2.105174000000149, 0.0 ], [ 125.364290000000238, 2.105569000000147, 0.0 ], [ 125.364005, 2.106000000000103, 0.0 ], [ 125.363779161988262, 2.106214620892095, 0.0 ], [ 125.363689013000069, 2.10639905100008, 0.0 ], [ 125.36354397500007, 2.106626959000019, 0.0 ], [ 125.363402559000093, 2.10674171200001, 0.0 ], [ 125.363199030000033, 2.106887798000018, 0.0 ], [ 125.363012815000076, 2.107065096000033, 0.0 ], [ 125.362799140000078, 2.107353503000093, 0.0 ], [ 125.362695156000086, 2.107560486000077, 0.0 ], [ 125.362598688, 2.107709880000092, 0.0 ], [ 125.362484931000012, 2.107845417000027, 0.0 ], [ 125.362378001000053, 2.10792888, 0.0 ], [ 125.362164075000024, 2.108050686000047, 0.0 ], [ 125.361881145000055, 2.108214248, 0.0 ], [ 125.361656837000069, 2.10832218600004, 0.0 ], [ 125.361579441000146, 2.108390397000088, 0.0 ], [ 125.361448569000146, 2.108626614000093, 0.0 ], [ 125.361310747000033, 2.108835075000021, 0.0 ], [ 125.361241768, 2.108894184000027, 0.0 ], [ 125.361088575000025, 2.108996411000048, 0.0 ], [ 125.360944277000087, 2.108991719000104, 0.0 ], [ 125.360839854612991, 2.108997127674945, 0.0 ], [ 125.360817, 2.109018, 0.0 ], [ 125.360746000000105, 2.109306, 0.0 ], [ 125.360748041283074, 2.1093212529199, 0.0 ], [ 125.360801229000145, 2.109525929000073, 0.0 ], [ 125.360857619000015, 2.109751259000065, 0.0 ], [ 125.360870185080643, 2.109855214274676, 0.0 ], [ 125.360889000000128, 2.109915000000202, 0.0 ], [ 125.361068, 2.110202000000145, 0.0 ], [ 125.361140000000105, 2.110507000000156, 0.0 ], [ 125.361176000000157, 2.110955, 0.0 ], [ 125.361156136378298, 2.111357689785882, 0.0 ], [ 125.361161873918249, 2.111425788261007, 0.0 ], [ 125.361262000000167, 2.111741000000118, 0.0 ], [ 125.36140500000019, 2.111938, 0.0 ], [ 125.361655000000184, 2.11213500000021, 0.0 ], [ 125.36203, 2.11244, 0.0 ], [ 125.362191, 2.112619000000111, 0.0 ], [ 125.3623520000002, 2.112924000000122, 0.0 ], [ 125.362370000000183, 2.113193000000175, 0.0 ], [ 125.362299, 2.113372, 0.0 ], [ 125.362121000000101, 2.113408, 0.0 ], [ 125.362006215116551, 2.113408357585362, 0.0 ], [ 125.361923941000143, 2.113675185000014, 0.0 ], [ 125.361857797000084, 2.113780800000049, 0.0 ], [ 125.361774982000071, 2.113825354, 0.0 ], [ 125.361620270000145, 2.113825591000024, 0.0 ], [ 125.361371635000097, 2.113831524000071, 0.0 ], [ 125.36123358200004, 2.113887269000065, 0.0 ], [ 125.361123235000051, 2.113992952000016, 0.0 ], [ 125.361029570000028, 2.114170802000077, 0.0 ], [ 125.360947169000056, 2.114487469999988, 0.0 ], [ 125.360632975000087, 2.114987754, 0.0 ], [ 125.360456470000045, 2.115193498000052, 0.0 ], [ 125.360278585000074, 2.115334744000014, 0.0 ], [ 125.360118415000144, 2.115379417000069, 0.0 ], [ 125.359858770000059, 2.115413134000017, 0.0 ], [ 125.359604583000078, 2.115402417000018, 0.0 ], [ 125.35936697300005, 2.115391673000017, 0.0 ], [ 125.359295075000048, 2.115347357000081, 0.0 ], [ 125.359250721000109, 2.115247464000076, 0.0 ], [ 125.359173086000084, 2.115064321000022, 0.0 ], [ 125.35908454500013, 2.114975603000053, 0.0 ], [ 125.35899613, 2.114970185000049, 0.0 ], [ 125.35885609900005, 2.114974344000037, 0.0 ], [ 125.358508005000118, 2.114980429000097, 0.0 ], [ 125.358253826000052, 2.114975265000025, 0.0 ], [ 125.358010647, 2.114936763000037, 0.0 ], [ 125.357789555000096, 2.114887121000015, 0.0 ], [ 125.357568410000098, 2.114804157999989, 0.0 ], [ 125.357452225000074, 2.114704375, 0.0 ], [ 125.357418930000065, 2.114610019000091, 0.0 ], [ 125.357396576000085, 2.114443452000076, 0.0 ], [ 125.357356412000044, 2.114282250000061, 0.0 ], [ 125.357306640000019, 2.114254559000079, 0.0 ], [ 125.357151921000096, 2.114249242, 0.0 ], [ 125.357024961000064, 2.114332737000064, 0.0 ], [ 125.356881610000116, 2.11453843100003, 0.0 ], [ 125.356815171000122, 2.11484031700005, 0.0 ], [ 125.356727066000118, 2.115040374000083, 0.0 ], [ 125.356605664000099, 2.115146073000036, 0.0 ], [ 125.356439986000069, 2.115201860000033, 0.0 ], [ 125.356318383000044, 2.11517427900006, 0.0 ], [ 125.356218818000158, 2.11510223700005, 0.0 ], [ 125.356091523000018, 2.114963597000036, 0.0 ], [ 125.355892329000056, 2.114780640000086, 0.0 ], [ 125.355713499000089, 2.114517185000048, 0.0 ], [ 125.355558553000066, 2.114361927000081, 0.0 ], [ 125.355392705000114, 2.114306646000037, 0.0 ], [ 125.355099848000037, 2.114301540000058, 0.0 ], [ 125.354994839000057, 2.114328709000086, 0.0 ], [ 125.354742082000016, 2.114578280000041, 0.0 ], [ 125.354678653186781, 2.114678433470713, 0.0 ], [ 125.354667000000191, 2.114765000000213, 0.0 ], [ 125.354685, 2.115321, 0.0 ], [ 125.354561000000217, 2.115608000000153, 0.0 ], [ 125.354508, 2.11600300000015, 0.0 ], [ 125.354474000000124, 2.116613000000173, 0.0 ], [ 125.354456, 2.117205000000128, 0.0 ], [ 125.354457000000139, 2.117690000000112, 0.0 ], [ 125.354618000000229, 2.118084000000204, 0.0 ], [ 125.354940000000127, 2.118424, 0.0 ], [ 125.355172000000138, 2.118818000000184, 0.0 ], [ 125.355226, 2.119195000000113, 0.0 ], [ 125.355191000000119, 2.119392, 0.0 ], [ 125.355048, 2.11944700000018, 0.0 ], [ 125.354965603077304, 2.119416731742769, 0.0 ], [ 125.354965477000107, 2.119424487000094, 0.0 ], [ 125.354928950000016, 2.119544445000072, 0.0 ], [ 125.354861760000048, 2.119615260000069, 0.0 ], [ 125.354773086, 2.119639991000072, 0.0 ], [ 125.354705775000113, 2.119630871000028, 0.0 ], [ 125.354620021000031, 2.119563364000038, 0.0 ], [ 125.354509689000139, 2.119425184000063, 0.0 ], [ 125.354420740000066, 2.119268525000068, 0.0 ], [ 125.354374619000069, 2.119111798000068, 0.0 ], [ 125.354315575000072, 2.118827518000083, 0.0 ], [ 125.354272270071718, 2.118635741166115, 0.0 ], [ 125.354219617438972, 2.118546947179107, 0.0 ], [ 125.354201932, 2.11852332300005, 0.0 ], [ 125.354119252, 2.118465034000023, 0.0 ], [ 125.353963216000054, 2.118446826000026, 0.0 ], [ 125.353681800000118, 2.118453405000038, 0.0 ], [ 125.353554473482703, 2.118478699431654, 0.0 ], [ 125.353548, 2.118498000000175, 0.0 ], [ 125.353495000000208, 2.118983000000158, 0.0 ], [ 125.353443, 2.119664000000194, 0.0 ], [ 125.353302000000227, 2.120741000000132, 0.0 ], [ 125.35334, 2.121674, 0.0 ], [ 125.353465000000128, 2.122355, 0.0 ], [ 125.353723000000159, 2.123349, 0.0 ], [ 125.353736451771496, 2.123386302116065, 0.0 ], [ 125.353821765999982, 2.123484643000035, 0.0 ], [ 125.35389686200007, 2.123682786000087, 0.0 ], [ 125.353896924000068, 2.123723804000106, 0.0 ], [ 125.353893584020753, 2.123822033978213, 0.0 ], [ 125.354027, 2.124192, 0.0 ], [ 125.354295, 2.124604000000192, 0.0 ], [ 125.354367, 2.12498, 0.0 ], [ 125.354247405567577, 2.125252877437928, 0.0 ], [ 125.354280459000094, 2.125359236000063, 0.0 ], [ 125.354287476000053, 2.12550279100004, 0.0 ], [ 125.354209814673439, 2.125608770047799, 0.0 ], [ 125.354457000000139, 2.125608000000129, 0.0 ], [ 125.354814, 2.125536000000212, 0.0 ], [ 125.355046, 2.125715000000101, 0.0 ], [ 125.355368, 2.126001000000139, 0.0 ], [ 125.355671, 2.126091000000125, 0.0 ], [ 125.3560990000001, 2.126072000000152, 0.0 ], [ 125.356598000000176, 2.126053000000178, 0.0 ], [ 125.357098000000164, 2.126070000000164, 0.0 ], [ 125.357455, 2.126159, 0.0 ], [ 125.357848000000132, 2.12632, 0.0 ], [ 125.358115000000112, 2.12632, 0.0 ], [ 125.358544, 2.1265170000002, 0.0 ], [ 125.358936000000185, 2.126749000000212, 0.0 ], [ 125.359133000000142, 2.127054, 0.0 ], [ 125.359473000000207, 2.127233000000112, 0.0 ], [ 125.359865, 2.127375000000137, 0.0 ], [ 125.360079, 2.127608, 0.0 ], [ 125.360151000000172, 2.127859, 0.0 ], [ 125.360119790038624, 2.127994986260779, 0.0 ], [ 125.360215019000051, 2.128073976000062, 0.0 ], [ 125.360323395000052, 2.12826097800008, 0.0 ], [ 125.360264015000112, 2.128701820000051, 0.0 ], [ 125.360220697722696, 2.129001960198257, 0.0 ], [ 125.36033100000023, 2.129187000000138, 0.0 ], [ 125.360599000000107, 2.12933, 0.0 ], [ 125.360956000000257, 2.129383000000191, 0.0 ], [ 125.361188000000169, 2.129365000000123, 0.0 ], [ 125.361402, 2.129149, 0.0 ], [ 125.361562, 2.128898, 0.0 ], [ 125.361758, 2.128682, 0.0 ], [ 125.362061000000196, 2.128538, 0.0 ], [ 125.362614, 2.128609, 0.0 ], [ 125.363309000000157, 2.128608, 0.0 ], [ 125.364166000000111, 2.128642000000164, 0.0 ], [ 125.364648000000102, 2.128642000000164, 0.0 ], [ 125.364658170603576, 2.128634264611657, 0.0 ], [ 125.36461149900002, 2.128553925000071, 0.0 ], [ 125.364571302000073, 2.128436015, 0.0 ], [ 125.364520248000105, 2.128194788000021, 0.0 ], [ 125.364450658000038, 2.128044749000042, 0.0 ], [ 125.364309056000039, 2.12790554500007, 0.0 ], [ 125.364065049000018, 2.127753214000078, 0.0 ], [ 125.363805769000052, 2.127608491, 0.0 ], [ 125.363716363000123, 2.127463507000089, 0.0 ], [ 125.363601354000011, 2.127237465000038, 0.0 ], [ 125.363511760000065, 2.1269687, 0.0 ], [ 125.363498780000143, 2.126744147000077, 0.0 ], [ 125.363549281000061, 2.126441019000042, 0.0 ], [ 125.363663420000094, 2.126095111000021, 0.0 ], [ 125.363718398000017, 2.125948076000023, 0.0 ], [ 125.363730858000068, 2.125764520000113, 0.0 ], [ 125.363717846000057, 2.125585271000025, 0.0 ], [ 125.363645143000085, 2.12525245500011, 0.0 ], [ 125.363640595000064, 2.12505612100003, 0.0 ], [ 125.363713405113472, 2.124909081257071, 0.0 ], [ 125.363625000000113, 2.124786000000151, 0.0 ], [ 125.363571000000164, 2.124535000000167, 0.0 ], [ 125.36357, 2.124284000000182, 0.0 ], [ 125.363713000000104, 2.124069000000157, 0.0 ], [ 125.364034000000203, 2.123907, 0.0 ], [ 125.364319000000151, 2.123709000000213, 0.0 ], [ 125.364496864032901, 2.123469342829305, 0.0 ], [ 125.364520549000048, 2.123331069000118, 0.0 ], [ 125.364629764000014, 2.123000085000088, 0.0 ], [ 125.364731689359999, 2.122804725738698, 0.0 ], [ 125.364763, 2.122704000000192, 0.0 ], [ 125.364986907866054, 2.122356942807786, 0.0 ], [ 125.364995709000013, 2.12209817000007, 0.0 ], [ 125.365008317000076, 2.121888878000073, 0.0 ], [ 125.365045705000057, 2.121737589, 0.0 ], [ 125.36505173272505, 2.121725747212794, 0.0 ], [ 125.36504, 2.121422000000168, 0.0 ], [ 125.36510698755562, 2.121219531995228, 0.0 ], [ 125.365059677000062, 2.121030562000021, 0.0 ], [ 125.365036678000024, 2.12069946400007, 0.0 ], [ 125.365073991, 2.120499025000095, 0.0 ], [ 125.365156491000079, 2.120328762000041, 0.0 ], [ 125.365217908931271, 2.120259472321424, 0.0 ], [ 125.365217000000115, 2.120256000000149, 0.0 ], [ 125.365198000000234, 2.119807000000124, 0.0 ], [ 125.365287, 2.119538, 0.0 ], [ 125.3655, 2.119215000000169, 0.0 ], [ 125.365857, 2.118873000000116, 0.0 ], [ 125.366338000000141, 2.118657000000185, 0.0 ], [ 125.366694000000194, 2.118567, 0.0 ], [ 125.367016000000191, 2.118638000000212, 0.0 ], [ 125.367284, 2.118817000000101, 0.0 ], [ 125.367766000000159, 2.119121000000208, 0.0 ], [ 125.368248, 2.11944400000011, 0.0 ], [ 125.36832, 2.119677000000204, 0.0 ], [ 125.368248, 2.119820000000134, 0.0 ], [ 125.368195, 2.119874000000161, 0.0 ], [ 125.367803000000208, 2.120018000000174, 0.0 ], [ 125.367482, 2.12018, 0.0 ], [ 125.367304000000132, 2.120378000000118, 0.0 ], [ 125.367233000000212, 2.120629000000102, 0.0 ], [ 125.367233000000212, 2.121042000000168, 0.0 ], [ 125.367305000000215, 2.121400000000124, 0.0 ], [ 125.36755500000011, 2.121597, 0.0 ], [ 125.367859, 2.121651000000108, 0.0 ], [ 125.368215000000191, 2.121614, 0.0 ], [ 125.368590000000125, 2.12147, 0.0 ], [ 125.368804, 2.121416000000204, 0.0 ], [ 125.369000000000128, 2.121505000000107, 0.0 ], [ 125.369090000000114, 2.12164900000012, 0.0 ], [ 125.369197, 2.121953, 0.0 ], [ 125.369429, 2.122097, 0.0 ], [ 125.369822, 2.122150000000184, 0.0 ], [ 125.370481000000183, 2.122095, 0.0 ], [ 125.37094500000012, 2.121825000000117, 0.0 ], [ 125.37139, 2.121663000000213, 0.0 ], [ 125.371623, 2.121681000000104, 0.0 ], [ 125.37164900000019, 2.121712000000182, 0.0 ], [ 125.371684000000158, 2.121709000000111, 0.0 ], [ 125.371830000000159, 2.121632000000135, 0.0 ], [ 125.371984000000111, 2.12150600000019, 0.0 ], [ 125.371993000000231, 2.121381000000151, 0.0 ], [ 125.372042000000107, 2.121275, 0.0 ], [ 125.372235000000188, 2.121188000000169, 0.0 ], [ 125.37252500000011, 2.121168000000113, 0.0 ], [ 125.372843000000131, 2.121226000000116, 0.0 ], [ 125.373046, 2.121255000000206, 0.0 ], [ 125.373258000000178, 2.121255000000206, 0.0 ], [ 125.373442000000225, 2.121217, 0.0 ], [ 125.373635000000107, 2.121197, 0.0 ], [ 125.373741, 2.121140000000105, 0.0 ], [ 125.373893000000137, 2.121049000000214, 0.0 ], [ 125.373887000000181, 2.120995000000187, 0.0 ], [ 125.374082000000143, 2.120565000000136, 0.0 ], [ 125.374350000000206, 2.120313, 0.0 ], [ 125.374635000000168, 2.120241000000151, 0.0 ], [ 125.374974, 2.120204000000109, 0.0 ], [ 125.375241000000216, 2.120347, 0.0 ], [ 125.375581, 2.120598000000202, 0.0 ], [ 125.37588500000011, 2.120705000000173, 0.0 ], [ 125.376116, 2.120705000000173, 0.0 ], [ 125.376366000000218, 2.12056100000016, 0.0 ], [ 125.376383569755731, 2.120539745202327, 0.0 ], [ 125.376385759000073, 2.120522565000089, 0.0 ], [ 125.376439893000111, 2.12033102200005, 0.0 ], [ 125.376543845, 2.120089260000031, 0.0 ], [ 125.376698844000131, 2.119850533, 0.0 ], [ 125.376721745584135, 2.119827926187662, 0.0 ], [ 125.376721000000188, 2.119520000000181, 0.0 ], [ 125.37681, 2.119305000000155, 0.0 ], [ 125.377005, 2.119125000000183, 0.0 ], [ 125.377683, 2.118711000000213, 0.0 ], [ 125.378360000000171, 2.118298000000147, 0.0 ], [ 125.378450244774498, 2.118228165726228, 0.0 ], [ 125.378516149000035, 2.118132175000015, 0.0 ], [ 125.378661100000045, 2.118008871000027, 0.0 ], [ 125.378765872736125, 2.117983922780182, 0.0 ], [ 125.378895000000213, 2.117884000000176, 0.0 ], [ 125.379144, 2.117830000000149, 0.0 ], [ 125.379149000000169, 2.117831, 0.0 ], [ 125.379193, 2.117783000000168, 0.0 ], [ 125.379269, 2.117662000000104, 0.0 ], [ 125.379324, 2.117576, 0.0 ], [ 125.379431, 2.117505, 0.0 ], [ 125.379561000000152, 2.11749, 0.0 ], [ 125.379672, 2.11752, 0.0 ], [ 125.379793000000163, 2.117581000000152, 0.0 ], [ 125.379879000000173, 2.117621, 0.0 ], [ 125.379995, 2.117641000000143, 0.0 ], [ 125.380091000000135, 2.117631000000204, 0.0 ], [ 125.380217000000172, 2.117581000000152, 0.0 ], [ 125.380338000000137, 2.117485, 0.0 ], [ 125.380459000000116, 2.117384000000195, 0.0 ], [ 125.380575, 2.117253000000192, 0.0 ], [ 125.380741, 2.117087000000135, 0.0 ], [ 125.380842000000186, 2.116986000000127, 0.0 ], [ 125.380943000000102, 2.11693500000017, 0.0 ], [ 125.380981, 2.116928000000124, 0.0 ], [ 125.381265, 2.1166250000001, 0.0 ], [ 125.381728, 2.116337, 0.0 ], [ 125.382102000000174, 2.116103, 0.0 ], [ 125.382227000000213, 2.115870000000159, 0.0 ], [ 125.382226906315054, 2.11584817135398, 0.0 ], [ 125.382212957000107, 2.115700400000071, 0.0 ], [ 125.382226339000155, 2.115554508000079, 0.0 ], [ 125.382233545674168, 2.11553631914841, 0.0 ], [ 125.382261, 2.11517000000015, 0.0 ], [ 125.382404000000108, 2.114955000000124, 0.0 ], [ 125.382721000000132, 2.114679000000203, 0.0 ], [ 125.383041000000148, 2.114589000000217, 0.0 ], [ 125.38331, 2.114642000000162, 0.0 ], [ 125.383506000000168, 2.114893000000146, 0.0 ], [ 125.383524000000236, 2.115252000000185, 0.0 ], [ 125.383535678903499, 2.115298499337188, 0.0 ], [ 125.383570695000103, 2.115314437000022, 0.0 ], [ 125.38372712743795, 2.11549362989974, 0.0 ], [ 125.383774, 2.115502, 0.0 ], [ 125.384131000000181, 2.115627000000126, 0.0 ], [ 125.384327000000241, 2.115699, 0.0 ], [ 125.38456, 2.115968, 0.0 ], [ 125.38481, 2.116200000000108, 0.0 ], [ 125.385132, 2.116289000000188, 0.0 ], [ 125.385345, 2.116235000000161, 0.0 ], [ 125.385612, 2.116038000000204, 0.0 ], [ 125.385969000000202, 2.115714000000219, 0.0 ], [ 125.386592000000149, 2.115301000000153, 0.0 ], [ 125.3872700000002, 2.114851, 0.0 ], [ 125.387590000000117, 2.114599000000156, 0.0 ], [ 125.387787, 2.114509000000171, 0.0 ], [ 125.387982, 2.114527, 0.0 ], [ 125.388125000000159, 2.114706000000128, 0.0 ], [ 125.388357, 2.114903, 0.0 ], [ 125.388554, 2.114975000000181, 0.0 ], [ 125.38879430720155, 2.114925683223651, 0.0 ], [ 125.388791391000055, 2.114884111000032, 0.0 ], [ 125.388809093000091, 2.114765457999985, 0.0 ], [ 125.388905414000064, 2.114603546000088, 0.0 ], [ 125.389098147000027, 2.114337237, 0.0 ], [ 125.38912694024728, 2.114309890069849, 0.0 ], [ 125.389141, 2.113879, 0.0 ], [ 125.389265, 2.113395000000191, 0.0 ], [ 125.389497, 2.113072000000111, 0.0 ], [ 125.389853, 2.112766000000194, 0.0 ], [ 125.390191, 2.112622000000181, 0.0 ], [ 125.390601, 2.112568000000154, 0.0 ], [ 125.39094, 2.112477, 0.0 ], [ 125.391136, 2.112513000000222, 0.0 ], [ 125.3912610000001, 2.112692000000111, 0.0 ], [ 125.391351, 2.112961000000164, 0.0 ], [ 125.391423, 2.113463000000133, 0.0 ], [ 125.391477, 2.113678000000158, 0.0 ], [ 125.391510788951223, 2.113764617708275, 0.0 ], [ 125.391588999000064, 2.113884433000097, 0.0 ], [ 125.391640626999987, 2.114186470000041, 0.0 ], [ 125.391660385000023, 2.114559264000066, 0.0 ], [ 125.391590626000024, 2.114851374000077, 0.0 ], [ 125.391392921, 2.115218079000043, 0.0 ], [ 125.391316010159471, 2.115550187024235, 0.0 ], [ 125.391320000000107, 2.115580000000145, 0.0 ], [ 125.391493000000111, 2.115926000000174, 0.0 ], [ 125.3917, 2.116007000000126, 0.0 ], [ 125.391907, 2.115914, 0.0 ], [ 125.391837, 2.115556000000113, 0.0 ], [ 125.392032000000214, 2.115093000000174, 0.0 ], [ 125.392111, 2.114226000000203, 0.0 ], [ 125.392494000000156, 2.113784, 0.0 ], [ 125.392779000000118, 2.113730000000198, 0.0 ], [ 125.39304700000018, 2.113784, 0.0 ], [ 125.393368, 2.114034000000126, 0.0 ], [ 125.3938330000001, 2.11441000000015, 0.0 ], [ 125.394243000000102, 2.114661000000135, 0.0 ], [ 125.394565000000185, 2.114786000000175, 0.0 ], [ 125.394832000000164, 2.114749000000133, 0.0 ], [ 125.394992, 2.114659000000147, 0.0 ], [ 125.395188000000218, 2.11446200000019, 0.0 ], [ 125.395456, 2.114300000000108, 0.0 ], [ 125.395812, 2.114281000000135, 0.0 ], [ 125.395973000000154, 2.114389000000189, 0.0 ], [ 125.396099, 2.114550000000188, 0.0 ], [ 125.396241, 2.114783000000104, 0.0 ], [ 125.396527, 2.115034, 0.0 ], [ 125.396866, 2.115159000000128, 0.0 ], [ 125.397081, 2.115356, 0.0 ], [ 125.397134, 2.115517, 0.0 ], [ 125.397242, 2.115965000000203, 0.0 ], [ 125.397409, 2.116368000000152, 0.0 ], [ 125.397606, 2.116636000000122, 0.0 ], [ 125.397927, 2.116869, 0.0 ], [ 125.398480000000106, 2.116958000000119, 0.0 ], [ 125.3987300000001, 2.117101, 0.0 ], [ 125.399355000000114, 2.117602000000113, 0.0 ], [ 125.399891, 2.118122000000151, 0.0 ], [ 125.400410000000193, 2.118785000000118, 0.0 ], [ 125.40066, 2.1193580000001, 0.0 ], [ 125.400893, 2.119968000000123, 0.0 ], [ 125.401179, 2.120559000000172, 0.0 ], [ 125.401573000000226, 2.121366000000153, 0.0 ], [ 125.401615013900326, 2.121616916348296, 0.0 ], [ 125.401803457000028, 2.121870553000067, 0.0 ], [ 125.4019588970001, 2.122250947000099, 0.0 ], [ 125.401925002000127, 2.122585498000069, 0.0 ], [ 125.401736022000037, 2.122770344000086, 0.0 ], [ 125.401638797000075, 2.122949279000059, 0.0 ], [ 125.401626732588568, 2.123116590186298, 0.0 ], [ 125.401808, 2.123446000000124, 0.0 ], [ 125.402165, 2.123840000000216, 0.0 ], [ 125.402647, 2.124288000000158, 0.0 ], [ 125.403064, 2.124838000000191, 0.0 ], [ 125.403350000000174, 2.125250000000174, 0.0 ], [ 125.40379700000021, 2.125895, 0.0 ], [ 125.404029000000136, 2.126307, 0.0 ], [ 125.404244000000162, 2.126863, 0.0 ], [ 125.404314155667393, 2.127107570451143, 0.0 ], [ 125.404593798000064, 2.127641588000079, 0.0 ], [ 125.405132670649763, 2.128523670649757, 0.0 ], [ 125.405246000000105, 2.128637000000106, 0.0 ], [ 125.405585, 2.129049, 0.0 ], [ 125.405729000000193, 2.1293, 0.0 ], [ 125.405819, 2.129641, 0.0 ], [ 125.405821945100698, 2.129690903093968, 0.0 ], [ 125.405842163000145, 2.129726477000011, 0.0 ], [ 125.406075023000042, 2.130154787000011, 0.0 ], [ 125.406070425000024, 2.130670290000031, 0.0 ], [ 125.406083500865833, 2.130848194306251, 0.0 ], [ 125.40632000000015, 2.131165000000196, 0.0 ], [ 125.406713000000167, 2.131541000000221, 0.0 ], [ 125.407445000000152, 2.131880000000203, 0.0 ], [ 125.407891000000205, 2.132149, 0.0 ], [ 125.408159, 2.132507000000212, 0.0 ], [ 125.408392, 2.132883, 0.0 ], [ 125.408856, 2.133331000000178, 0.0 ], [ 125.409356, 2.133581, 0.0 ], [ 125.409891, 2.133706000000119, 0.0 ], [ 125.410355, 2.133723000000105, 0.0 ], [ 125.410569, 2.133615, 0.0 ], [ 125.410872, 2.133113, 0.0 ], [ 125.411102, 2.132413, 0.0 ], [ 125.411048, 2.1317490000002, 0.0 ], [ 125.411044380701384, 2.131685300343717, 0.0 ], [ 125.411036091000014, 2.131621433000037, 0.0 ], [ 125.411037920431198, 2.131571599587973, 0.0 ], [ 125.410993, 2.130781, 0.0 ], [ 125.411063, 2.130027000000185, 0.0 ], [ 125.411187000000155, 2.129471000000189, 0.0 ], [ 125.411349, 2.129086000000131, 0.0 ], [ 125.411633000000194, 2.128548000000203, 0.0 ], [ 125.411864, 2.128099000000178, 0.0 ], [ 125.411971000000179, 2.127686000000113, 0.0 ], [ 125.412006000000147, 2.127148000000185, 0.0 ], [ 125.412112000000121, 2.126825000000105, 0.0 ], [ 125.412290000000112, 2.126412000000217, 0.0 ], [ 125.412521000000126, 2.126107, 0.0 ], [ 125.412547076142445, 2.126031505362109, 0.0 ], [ 125.412489636000018, 2.125821125000089, 0.0 ], [ 125.41231457100001, 2.125506784000015, 0.0 ], [ 125.412109413000096, 2.125198542, 0.0 ], [ 125.411910175000131, 2.124823736000076, 0.0 ], [ 125.411782629000058, 2.124403761000055, 0.0 ], [ 125.411577173000111, 2.12390190900001, 0.0 ], [ 125.411390021000074, 2.12355733500001, 0.0 ], [ 125.411371671000069, 2.123369804000037, 0.0 ], [ 125.411376688000033, 2.122722413000117, 0.0 ], [ 125.41150083300009, 2.121881732000015, 0.0 ], [ 125.411520811000059, 2.121259167000106, 0.0 ], [ 125.411400909, 2.120683046000044, 0.0 ], [ 125.411205004000038, 2.119933063000074, 0.0 ], [ 125.41090107600003, 2.119291987000055, 0.0 ], [ 125.410476867000014, 2.118558452000025, 0.0 ], [ 125.410183575, 2.117797748000056, 0.0 ], [ 125.409792490000058, 2.116765350999989, 0.0 ], [ 125.40967202400013, 2.116065092000047, 0.0 ], [ 125.40945456599998, 2.115369510000049, 0.0 ], [ 125.409290610000099, 2.115018610000059, 0.0 ], [ 125.409084678000113, 2.114779708000098, 0.0 ], [ 125.408835672000023, 2.114671359000015, 0.0 ], [ 125.408283345000072, 2.114313387000061, 0.0 ] ] ], [ [ [ 125.40953, 2.133685000000158, 0.0 ], [ 125.409450000000135, 2.133685000000158, 0.0 ], [ 125.409339, 2.133705000000214, 0.0 ], [ 125.409218, 2.133765, 0.0 ], [ 125.409208, 2.133886, 0.0 ], [ 125.409268, 2.134017, 0.0 ], [ 125.409329, 2.134097000000141, 0.0 ], [ 125.409359, 2.134097000000141, 0.0 ], [ 125.40946, 2.134097000000141, 0.0 ], [ 125.409540000000121, 2.134077, 0.0 ], [ 125.409590000000179, 2.134017, 0.0 ], [ 125.409641000000221, 2.133926000000203, 0.0 ], [ 125.409661, 2.133866000000213, 0.0 ], [ 125.409651, 2.133805000000139, 0.0 ], [ 125.409600000000211, 2.133735, 0.0 ], [ 125.40953, 2.133685000000158, 0.0 ] ] ] ] } },
{ "type": "Feature", "properties": { "KDPPUM": null, "NAMOBJ": "Tagulandang Selatan", "REMARK": "Wilayah Administrasi Kecamatan", "KDPBPS": null, "FCODE": null, "LUASWH": 0.0, "UUPP": null, "SRS_ID": null, "LCODE": "BA0080", "METADATA": null, "KDEBPS": null, "KDEPUM": null, "KDCBPS": null, "KDCPUM": null, "KDBBPS": null, "KDBPUM": null, "WADMKD": null, "WIADKD": null, "WADMKC": null, "WIADKC": null, "WADMKK": "Kepulauan Siau Tagulandang Biaro", "WIADKK": null, "WADMPR": "Sulawesi Utara", "WIADPR": null, "TIPADM": 0, "SHAPE_Leng": 0.17737025024, "SHAPE_Area": 0.00119527725 }, "geometry": { "type": "MultiPolygon", "coordinates": [ [ [ [ 125.400322649000074, 2.323353216000063, 0.0 ], [ 125.40094731700006, 2.323563742000074, 0.0 ], [ 125.401030398000103, 2.323627385000099, 0.0 ], [ 125.401074500000021, 2.323730345000092, 0.0 ], [ 125.401128385000121, 2.323848009000058, 0.0 ], [ 125.401162717000034, 2.32394608, 0.0 ], [ 125.401182422000062, 2.324053989000047, 0.0 ], [ 125.401216768000069, 2.324161874, 0.0 ], [ 125.401255955000025, 2.32424521600006, 0.0 ], [ 125.401408446000119, 2.324472509000037, 0.0 ], [ 125.401584502000119, 2.324678279000098, 0.0 ], [ 125.401643253000088, 2.324786122000051, 0.0 ], [ 125.401687369000101, 2.324898896000056, 0.0 ], [ 125.401726589000063, 2.325001864000049, 0.0 ], [ 125.401760979000059, 2.325134281, 0.0 ], [ 125.401805111000073, 2.325256867000098, 0.0 ], [ 125.40184432300012, 2.32535493000004, 0.0 ], [ 125.402001031000026, 2.325663770000103, 0.0 ], [ 125.402373306000101, 2.326297515000048, 0.0 ], [ 125.402417397000022, 2.326395569000079, 0.0 ], [ 125.402446856000054, 2.326498554000073, 0.0 ], [ 125.402446971999979, 2.326567245000073, 0.0 ], [ 125.402432539000117, 2.32668993100001, 0.0 ], [ 125.402432722000043, 2.326797874000059, 0.0 ], [ 125.402428039000014, 2.326915638000033, 0.0 ], [ 125.402433120000069, 2.327033385000094, 0.0 ], [ 125.40248206000004, 2.32711180400001, 0.0 ], [ 125.402555369000069, 2.327170556000075, 0.0 ], [ 125.402638409, 2.327209666000025, 0.0 ], [ 125.402731174000138, 2.327229133000037, 0.0 ], [ 125.402804401999973, 2.327238820000039, 0.0 ], [ 125.403058754000057, 2.327313293000072, 0.0 ], [ 125.403200418000054, 2.327386647000013, 0.0 ], [ 125.403264026000073, 2.327479761000079, 0.0 ], [ 125.403281040999971, 2.327539244000027, 0.0 ], [ 125.403307459000118, 2.327697015000114, 0.0 ], [ 125.404215475000115, 2.328273755000049, 0.0 ], [ 125.405123491000012, 2.328850495000074, 0.0 ], [ 125.406031508000083, 2.329427232000098, 0.0 ], [ 125.40693952400008, 2.330003969000034, 0.0 ], [ 125.407847541999985, 2.330580704000058, 0.0 ], [ 125.408619793000099, 2.331067133999982, 0.0 ], [ 125.409392045000146, 2.331553563000083, 0.0 ], [ 125.410164297000094, 2.332039991, 0.0 ], [ 125.410936549000127, 2.33252641800002, 0.0 ], [ 125.411708801999978, 2.333012844000033, 0.0 ], [ 125.412481054000111, 2.333499269000045, 0.0 ], [ 125.413253307000147, 2.333985693000058, 0.0 ], [ 125.414025561, 2.33447211600007, 0.0 ], [ 125.414854194000085, 2.334977261000033, 0.0 ], [ 125.415682828000087, 2.335482405000084, 0.0 ], [ 125.416511461999988, 2.335987548000046, 0.0 ], [ 125.417340096000075, 2.336492690000098, 0.0 ], [ 125.41820279200013, 2.336913954000048, 0.0 ], [ 125.419065487000012, 2.337335217, 0.0 ], [ 125.419928183000067, 2.337756479000037, 0.0 ], [ 125.420790879000037, 2.338177740000075, 0.0 ], [ 125.421653576000011, 2.338598999000025, 0.0 ], [ 125.422516272000067, 2.339020258000064, 0.0 ], [ 125.423378968000037, 2.339441515000013, 0.0 ], [ 125.424241665000096, 2.339862771000051, 0.0 ], [ 125.425104361000066, 2.34028402700009, 0.0 ], [ 125.425996074000039, 2.340541201000052, 0.0 ], [ 125.426887786000108, 2.340798374000014, 0.0 ], [ 125.427779498000078, 2.341055546000065, 0.0 ], [ 125.428671210000047, 2.341312717000028, 0.0 ], [ 125.429562922000017, 2.341569887000079, 0.0 ], [ 125.430454633000082, 2.34182705600004, 0.0 ], [ 125.431346345000051, 2.342084225000091, 0.0 ], [ 125.432238056000116, 2.342341392000053, 0.0 ], [ 125.433129767000096, 2.342598559000104, 0.0 ], [ 125.434021477000059, 2.342855725000065, 0.0 ], [ 125.434913188000124, 2.343112890000027, 0.0 ], [ 125.435804898000015, 2.343370053000077, 0.0 ], [ 125.436696608000076, 2.343627216000039, 0.0 ], [ 125.437588318000039, 2.343884378, 0.0 ], [ 125.438480027000111, 2.34414153900005, 0.0 ], [ 125.439774963000133, 2.344487367000065, 0.0 ], [ 125.440785452000071, 2.344967445000085, 0.0 ], [ 125.441795941000024, 2.345447521000017, 0.0 ], [ 125.442806430000047, 2.345927597000037, 0.0 ], [ 125.443816919999989, 2.346407670000056, 0.0 ], [ 125.444685659000015, 2.346798995000016, 0.0 ], [ 125.445554398000041, 2.347190319000065, 0.0 ], [ 125.446423136999982, 2.347581642000025, 0.0 ], [ 125.447291876, 2.347972963000073, 0.0 ], [ 125.448160615000035, 2.348364284000032, 0.0 ], [ 125.449029354000146, 2.348755604000081, 0.0 ], [ 125.449885236000085, 2.349127123000089, 0.0 ], [ 125.45074111800011, 2.349498641, 0.0 ], [ 125.451597000000149, 2.349870158000018, 0.0 ], [ 125.452452882000088, 2.350241674000115, 0.0 ], [ 125.453308763000109, 2.350613189000034, 0.0 ], [ 125.454164645000134, 2.350984703000043, 0.0 ], [ 125.455020527000073, 2.351356216000051, 0.0 ], [ 125.45586611800006, 2.351714181, 0.0 ], [ 125.456711708000029, 2.352072145000045, 0.0 ], [ 125.457557299000101, 2.352430109000087, 0.0 ], [ 125.458402890000158, 2.35278807100004, 0.0 ], [ 125.459248480000042, 2.353146032000081, 0.0 ], [ 125.460094071000114, 2.353503993000034, 0.0 ], [ 125.460939662000087, 2.353861952000075, 0.0 ], [ 125.46178525200007, 2.354219911000028, 0.0 ], [ 125.462630843000042, 2.354577868000069, 0.0 ], [ 125.462856373457555, 2.354673340044384, 0.0 ], [ 125.463115, 2.354689000000116, 0.0 ], [ 125.463557, 2.354603000000106, 0.0 ], [ 125.463948, 2.354328, 0.0 ], [ 125.464305, 2.353968000000146, 0.0 ], [ 125.464644000000163, 2.353471, 0.0 ], [ 125.464917, 2.353317000000105, 0.0 ], [ 125.465223, 2.353196000000219, 0.0 ], [ 125.465358, 2.353025000000104, 0.0 ], [ 125.465426000000122, 2.352494000000222, 0.0 ], [ 125.465527000000222, 2.352152000000169, 0.0 ], [ 125.465714000000148, 2.351997000000134, 0.0 ], [ 125.465901, 2.351792, 0.0 ], [ 125.465901, 2.35162100000011, 0.0 ], [ 125.465628000000137, 2.351262, 0.0 ], [ 125.465439000000217, 2.350766, 0.0 ], [ 125.465286, 2.350287000000224, 0.0 ], [ 125.465319, 2.349979000000141, 0.0 ], [ 125.465455, 2.349705000000208, 0.0 ], [ 125.465625, 2.349636000000183, 0.0 ], [ 125.466033, 2.349721000000111, 0.0 ], [ 125.466425000000172, 2.34961700000021, 0.0 ], [ 125.466517315808247, 2.349469920576814, 0.0 ], [ 125.46644227, 2.349361404000023, 0.0 ], [ 125.466132148000014, 2.349273700000049, 0.0 ], [ 125.465651558000133, 2.349196680000071, 0.0 ], [ 125.465036658000059, 2.34912509400001, 0.0 ], [ 125.464421813000072, 2.349084653000039, 0.0 ], [ 125.463985401000031, 2.349026150000084, 0.0 ], [ 125.463540955000113, 2.348938683000041, 0.0 ], [ 125.46306554100012, 2.348866849000048, 0.0 ], [ 125.462827731000075, 2.348773822000078, 0.0 ], [ 125.462662126000055, 2.348607990000035, 0.0 ], [ 125.462594734000078, 2.348478323000053, 0.0 ], [ 125.462585422307768, 2.34838818486905, 0.0 ], [ 125.46252500000017, 2.348324000000163, 0.0 ], [ 125.46243900000016, 2.348033, 0.0 ], [ 125.462267000000139, 2.347280000000113, 0.0 ], [ 125.462148000000141, 2.346801, 0.0 ], [ 125.461891, 2.346220000000161, 0.0 ], [ 125.461822000000168, 2.345809, 0.0 ], [ 125.461839000000154, 2.345364000000211, 0.0 ], [ 125.461972000000145, 2.345058000000117, 0.0 ], [ 125.462262, 2.3448, 0.0 ], [ 125.462737, 2.344406000000172, 0.0 ], [ 125.463264000000109, 2.34396, 0.0 ], [ 125.463383, 2.34372, 0.0 ], [ 125.463365000000209, 2.343446000000144, 0.0 ], [ 125.463297, 2.343258, 0.0 ], [ 125.462990000000175, 2.343071000000203, 0.0 ], [ 125.462667, 2.342797, 0.0 ], [ 125.462444, 2.342455000000216, 0.0 ], [ 125.462274, 2.34225000000013, 0.0 ], [ 125.462069, 2.34208, 0.0 ], [ 125.461810102937193, 2.34208, 0.0 ], [ 125.46146442000007, 2.342159381, 0.0 ], [ 125.46083087600006, 2.342299591000058, 0.0 ], [ 125.460248249000074, 2.342395788000024, 0.0 ], [ 125.459825793000036, 2.342433138, 0.0 ], [ 125.459490545000094, 2.342353204000053, 0.0 ], [ 125.459257119000057, 2.342177922000117, 0.0 ], [ 125.458990209548617, 2.341910224115813, 0.0 ], [ 125.4585450000001, 2.34159, 0.0 ], [ 125.457965, 2.340872000000155, 0.0 ], [ 125.457843688105328, 2.340705040730723, 0.0 ], [ 125.457482684000055, 2.340320217000064, 0.0 ], [ 125.457056972, 2.339803461000029, 0.0 ], [ 125.456698865000035, 2.339145238000102, 0.0 ], [ 125.456698465672886, 2.339143484205747, 0.0 ], [ 125.456498, 2.338787000000126, 0.0 ], [ 125.456378000000129, 2.338410000000197, 0.0 ], [ 125.456394000000117, 2.338000000000202, 0.0 ], [ 125.456496, 2.337657, 0.0 ], [ 125.456665, 2.337400000000118, 0.0 ], [ 125.45675, 2.337109000000199, 0.0 ], [ 125.456732000000201, 2.336869000000236, 0.0 ], [ 125.456630000000104, 2.336493000000212, 0.0 ], [ 125.456561, 2.336117000000188, 0.0 ], [ 125.456611000000223, 2.335774, 0.0 ], [ 125.456696, 2.335603000000114, 0.0 ], [ 125.456764, 2.335449000000162, 0.0 ], [ 125.456696, 2.3352090000002, 0.0 ], [ 125.45661, 2.334936000000171, 0.0 ], [ 125.456643000000113, 2.334696000000209, 0.0 ], [ 125.456831, 2.334405000000112, 0.0 ], [ 125.456881, 2.334080000000222, 0.0 ], [ 125.456880010366035, 2.334076651354772, 0.0 ], [ 125.456713530000087, 2.333938232000039, 0.0 ], [ 125.456582460000078, 2.333788234000062, 0.0 ], [ 125.456537120152475, 2.333694778387391, 0.0 ], [ 125.45621600000014, 2.333653, 0.0 ], [ 125.455935000000153, 2.33352, 0.0 ], [ 125.455662000000217, 2.333212000000168, 0.0 ], [ 125.455355000000125, 2.332716000000163, 0.0 ], [ 125.454895, 2.332204, 0.0 ], [ 125.454605000000157, 2.331879000000187, 0.0 ], [ 125.454536, 2.331571000000105, 0.0 ], [ 125.454672000000102, 2.331212, 0.0 ], [ 125.45463501471923, 2.331110692491373, 0.0 ], [ 125.45447019300002, 2.331091956, 0.0 ], [ 125.454276637, 2.331076737000066, 0.0 ], [ 125.454152534000031, 2.330936931000045, 0.0 ], [ 125.454144046778609, 2.330904000000162, 0.0 ], [ 125.454093000000157, 2.330904000000162, 0.0 ], [ 125.453786, 2.330614000000148, 0.0 ], [ 125.453598, 2.330426, 0.0 ], [ 125.453411, 2.33034100000012, 0.0 ], [ 125.452832000000186, 2.330445000000198, 0.0 ], [ 125.452652095177328, 2.330427009517939, 0.0 ], [ 125.452479601000078, 2.330457555000082, 0.0 ], [ 125.452219763999977, 2.330431450000054, 0.0 ], [ 125.452085208828535, 2.330352226958061, 0.0 ], [ 125.451709, 2.330241000000195, 0.0 ], [ 125.451453, 2.330139000000104, 0.0 ], [ 125.451255937338473, 2.330139579596208, 0.0 ], [ 125.451243876000063, 2.330145329000095, 0.0 ], [ 125.45100398000011, 2.330192425000083, 0.0 ], [ 125.450833596000038, 2.330146047000065, 0.0 ], [ 125.450686869480833, 2.330040277031015, 0.0 ], [ 125.450444882392873, 2.329935890444085, 0.0 ], [ 125.450275758000075, 2.329874752, 0.0 ], [ 125.450089605000031, 2.329665041000057, 0.0 ], [ 125.450071316975254, 2.329642019832418, 0.0 ], [ 125.449767000000165, 2.329304000000116, 0.0 ], [ 125.449725809149882, 2.329260252476379, 0.0 ], [ 125.449477056000063, 2.329090452000033, 0.0 ], [ 125.449242138000074, 2.328971619000059, 0.0 ], [ 125.448545253000063, 2.328871707000053, 0.0 ], [ 125.448142483000041, 2.328740166, 0.0 ], [ 125.447902277999972, 2.328608338000022, 0.0 ], [ 125.44754580200005, 2.328391144, 0.0 ], [ 125.44731318000008, 2.328165954000012, 0.0 ], [ 125.447150065000088, 2.327847291000113, 0.0 ], [ 125.447157953734106, 2.327712617580142, 0.0 ], [ 125.447040000000129, 2.327460000000132, 0.0 ], [ 125.447074000000185, 2.327135, 0.0 ], [ 125.447277000000199, 2.326912, 0.0 ], [ 125.447447000000139, 2.326569000000129, 0.0 ], [ 125.447446, 2.32621, 0.0 ], [ 125.447361000000129, 2.325816000000176, 0.0 ], [ 125.447241, 2.325474000000122, 0.0 ], [ 125.447274000000121, 2.325218, 0.0 ], [ 125.44741000000019, 2.324978000000117, 0.0 ], [ 125.447546, 2.324721000000169, 0.0 ], [ 125.447565322461131, 2.324584606157282, 0.0 ], [ 125.447220770000072, 2.324290965000026, 0.0 ], [ 125.446709021000103, 2.323809547000073, 0.0 ], [ 125.446321052000059, 2.323281237000058, 0.0 ], [ 125.446115668000033, 2.32270636100001, 0.0 ], [ 125.445975486000066, 2.322094937000047, 0.0 ], [ 125.445722780000125, 2.321780805000079, 0.0 ], [ 125.445478520000066, 2.32161406400005, 0.0 ], [ 125.44501197000011, 2.321284958, 0.0 ], [ 125.444535026000082, 2.321072936000041, 0.0 ], [ 125.44431231400003, 2.320892397000025, 0.0 ], [ 125.443972902000013, 2.320594996000109, 0.0 ], [ 125.44380307100009, 2.320371795000026, 0.0 ], [ 125.443717890000059, 2.320105880000051, 0.0 ], [ 125.44372789500008, 2.319765298000027, 0.0 ], [ 125.443790617000118, 2.319286273, 0.0 ], [ 125.443755735000082, 2.318706856000025, 0.0 ], [ 125.44361729, 2.318260105, 0.0 ], [ 125.443404985000015, 2.317973126000068, 0.0 ], [ 125.443266723000121, 2.317632801000064, 0.0 ], [ 125.443160181000096, 2.317260496000079, 0.0 ], [ 125.443053913000099, 2.31704782599998, 0.0 ], [ 125.44294784100012, 2.316952228000064, 0.0 ], [ 125.442693743000049, 2.31699524000007, 0.0 ], [ 125.442259804000031, 2.317155631000018, 0.0 ], [ 125.441815038000087, 2.317177688000067, 0.0 ], [ 125.441243020000101, 2.317104181000024, 0.0 ], [ 125.440944701289652, 2.317138014652082, 0.0 ], [ 125.440788000000111, 2.317346000000137, 0.0 ], [ 125.44055000000013, 2.317569000000114, 0.0 ], [ 125.440311, 2.317621000000154, 0.0 ], [ 125.440208209547663, 2.317598157677365, 0.0 ], [ 125.440104328000118, 2.317732854000083, 0.0 ], [ 125.440009033000052, 2.317743662000089, 0.0 ], [ 125.439680504000052, 2.317616521000049, 0.0 ], [ 125.439086795000122, 2.317245056000045, 0.0 ], [ 125.438440350000107, 2.317001395000046, 0.0 ], [ 125.437959722000045, 2.316906160000071, 0.0 ], [ 125.437253344000041, 2.316877496000098, 0.0 ], [ 125.436688220000093, 2.316841117000019, 0.0 ], [ 125.436368398, 2.316774425000096, 0.0 ], [ 125.436003877000047, 2.316655510000027, 0.0 ], [ 125.435520381000089, 2.316529330000067, 0.0 ], [ 125.434757387000118, 2.316447441000042, 0.0 ], [ 125.434325959000034, 2.316336111000068, 0.0 ], [ 125.433604419000105, 2.316135626000088, 0.0 ], [ 125.433165545000037, 2.31601683800003, 0.0 ], [ 125.433016640000147, 2.315897549000018, 0.0 ], [ 125.432562440000041, 2.315509812000089, 0.0 ], [ 125.432119383000071, 2.315133170000012, 0.0 ], [ 125.431607199000055, 2.314751140000022, 0.0 ], [ 125.431434798000097, 2.31466226700004, 0.0 ], [ 125.431199849000109, 2.314625955000055, 0.0 ], [ 125.430855338000015, 2.314621303000026, 0.0 ], [ 125.430761085933781, 2.314638185510704, 0.0 ], [ 125.430525000000131, 2.314757000000151, 0.0 ], [ 125.430220000000119, 2.315049000000153, 0.0 ], [ 125.430101000000136, 2.315357, 0.0 ], [ 125.430051, 2.316025, 0.0 ], [ 125.429881, 2.316453000000147, 0.0 ], [ 125.429575, 2.316624, 0.0 ], [ 125.429569753920291, 2.316624729401513, 0.0 ], [ 125.429311086000055, 2.316892919000042, 0.0 ], [ 125.428964324000049, 2.31709148900004, 0.0 ], [ 125.42861722900011, 2.317092088, 0.0 ], [ 125.428082574000101, 2.317130718000088, 0.0 ], [ 125.427679270000127, 2.317178549000049, 0.0 ], [ 125.427088281, 2.317188993000025, 0.0 ], [ 125.426675422000031, 2.317133144000023, 0.0 ], [ 125.426131126000115, 2.317020954000066, 0.0 ], [ 125.42560574000008, 2.316993579000021, 0.0 ], [ 125.424967764000044, 2.316956970000012, 0.0 ], [ 125.424484977999981, 2.316881729, 0.0 ], [ 125.42415646700006, 2.316778597000086, 0.0 ], [ 125.423931062000065, 2.316628149000072, 0.0 ], [ 125.42368995545813, 2.316515080476728, 0.0 ], [ 125.423141000000243, 2.316516000000208, 0.0 ], [ 125.423061547220513, 2.316518472169699, 0.0 ], [ 125.422790527000117, 2.316700713000037, 0.0 ], [ 125.422494680000142, 2.316736904000011, 0.0 ], [ 125.42216318400007, 2.31668989700003, 0.0 ], [ 125.421524971966093, 2.316642414612852, 0.0 ], [ 125.421456, 2.316656, 0.0 ], [ 125.421141, 2.316796000000105, 0.0 ], [ 125.420665, 2.317208, 0.0 ], [ 125.420326000000117, 2.317568, 0.0 ], [ 125.420313025837402, 2.317577826020296, 0.0 ], [ 125.42022941700013, 2.317749503000039, 0.0 ], [ 125.420012303, 2.317891510000065, 0.0 ], [ 125.419667647113954, 2.317925781491132, 0.0 ], [ 125.419606, 2.317950000000197, 0.0 ], [ 125.418690976369945, 2.318105715900016, 0.0 ], [ 125.418471118000042, 2.318155471000056, 0.0 ], [ 125.417746947000069, 2.318278038000072, 0.0 ], [ 125.417686448684734, 2.318273342856065, 0.0 ], [ 125.417278, 2.318341000000219, 0.0 ], [ 125.416456, 2.318503000000122, 0.0 ], [ 125.415741, 2.31898400000013, 0.0 ], [ 125.415591641522241, 2.319056112522128, 0.0 ], [ 125.415590410000078, 2.319057794000019, 0.0 ], [ 125.415284241000137, 2.319235638000078, 0.0 ], [ 125.414551077000056, 2.319535541000024, 0.0 ], [ 125.413817564000027, 2.319630125000034, 0.0 ], [ 125.413442287000066, 2.319707790000065, 0.0 ], [ 125.412913344000089, 2.319951346000055, 0.0 ], [ 125.41238422, 2.320092242000078, 0.0 ], [ 125.411743562000112, 2.320177335000013, 0.0 ], [ 125.411667281777881, 2.320198769374288, 0.0 ], [ 125.411551000000159, 2.320245000000194, 0.0 ], [ 125.41147032122575, 2.320254114338722, 0.0 ], [ 125.411409388999985, 2.320271236000055, 0.0 ], [ 125.410991742000078, 2.320430606000096, 0.0 ], [ 125.410768857000107, 2.320430988000039, 0.0 ], [ 125.410053709000081, 2.320404216000044, 0.0 ], [ 125.409594914000053, 2.320414317, 0.0 ], [ 125.409149374000137, 2.320555069, 0.0 ], [ 125.40859245200015, 2.320733343, 0.0 ], [ 125.408221037000061, 2.320771310000042, 0.0 ], [ 125.407978934174636, 2.32075857486514, 0.0 ], [ 125.407929, 2.320768000000124, 0.0 ], [ 125.407298432939186, 2.32087494290621, 0.0 ], [ 125.407218258000043, 2.320903687000071, 0.0 ], [ 125.406930596000052, 2.321044168000059, 0.0 ], [ 125.406652048000097, 2.321081976000078, 0.0 ], [ 125.406038932000087, 2.321032772, 0.0 ], [ 125.405723796132719, 2.321033311457105, 0.0 ], [ 125.405064000000152, 2.321120000000116, 0.0 ], [ 125.404455000000212, 2.321281000000115, 0.0 ], [ 125.40350000000015, 2.321816000000149, 0.0 ], [ 125.403349660499131, 2.321876986778888, 0.0 ], [ 125.402818264000061, 2.322253085000076, 0.0 ], [ 125.402294695, 2.322469372000031, 0.0 ], [ 125.402004440000042, 2.322558196, 0.0 ], [ 125.401183018000111, 2.322679259999989, 0.0 ], [ 125.400837899000066, 2.32279951200008, 0.0 ], [ 125.400564511000098, 2.323087165000077, 0.0 ], [ 125.400322649000074, 2.323353216000063, 0.0 ] ] ] ] } },
{ "type": "Feature", "properties": { "KDPPUM": null, "NAMOBJ": "Tagulandang Utara", "REMARK": "Wilayah Administrasi Kecamatan", "KDPBPS": null, "FCODE": null, "LUASWH": 0.0, "UUPP": null, "SRS_ID": null, "LCODE": "BA0080", "METADATA": null, "KDEBPS": null, "KDEPUM": null, "KDCBPS": null, "KDCPUM": null, "KDBBPS": null, "KDBPUM": null, "WADMKD": null, "WIADKD": null, "WADMKC": null, "WIADKC": null, "WADMKK": "Kepulauan Siau Tagulandang Biaro", "WIADKK": null, "WADMPR": "Sulawesi Utara", "WIADPR": null, "TIPADM": 0, "SHAPE_Leng": 0.15319771849, "SHAPE_Area": 0.00107819481 }, "geometry": { "type": "MultiPolygon", "coordinates": [ [ [ [ 125.462856373457555, 2.354673340044384, 0.0 ], [ 125.462630843000042, 2.354577868000069, 0.0 ], [ 125.46178525200007, 2.354219911000028, 0.0 ], [ 125.460939662000087, 2.353861952000075, 0.0 ], [ 125.460094071000114, 2.353503993000034, 0.0 ], [ 125.459248480000042, 2.353146032000081, 0.0 ], [ 125.458402890000158, 2.35278807100004, 0.0 ], [ 125.457557299000101, 2.352430109000087, 0.0 ], [ 125.456711708000029, 2.352072145000045, 0.0 ], [ 125.45586611800006, 2.351714181, 0.0 ], [ 125.455020527000073, 2.351356216000051, 0.0 ], [ 125.454164645000134, 2.350984703000043, 0.0 ], [ 125.453308763000109, 2.350613189000034, 0.0 ], [ 125.452452882000088, 2.350241674000115, 0.0 ], [ 125.451597000000149, 2.349870158000018, 0.0 ], [ 125.45074111800011, 2.349498641, 0.0 ], [ 125.449885236000085, 2.349127123000089, 0.0 ], [ 125.449029354000146, 2.348755604000081, 0.0 ], [ 125.448160615000035, 2.348364284000032, 0.0 ], [ 125.447291876, 2.347972963000073, 0.0 ], [ 125.446423136999982, 2.347581642000025, 0.0 ], [ 125.445554398000041, 2.347190319000065, 0.0 ], [ 125.444685659000015, 2.346798995000016, 0.0 ], [ 125.443816919999989, 2.346407670000056, 0.0 ], [ 125.442806430000047, 2.345927597000037, 0.0 ], [ 125.441795941000024, 2.345447521000017, 0.0 ], [ 125.440785452000071, 2.344967445000085, 0.0 ], [ 125.439774963000133, 2.344487367000065, 0.0 ], [ 125.438480027000111, 2.34414153900005, 0.0 ], [ 125.436986209000139, 2.345130138000046, 0.0 ], [ 125.436222602000015, 2.345650426000018, 0.0 ], [ 125.435458995000076, 2.346170714000079, 0.0 ], [ 125.434695387000048, 2.346691003000052, 0.0 ], [ 125.433931778000101, 2.347211292000024, 0.0 ], [ 125.433168168000066, 2.347731580000085, 0.0 ], [ 125.432404557000041, 2.348251869000057, 0.0 ], [ 125.431640946, 2.348772158000029, 0.0 ], [ 125.430877334000158, 2.349292448, 0.0 ], [ 125.430113721000126, 2.349812737000063, 0.0 ], [ 125.42935010700009, 2.350333027000035, 0.0 ], [ 125.428586546000062, 2.351171171000017, 0.0 ], [ 125.427822985000034, 2.352009315, 0.0 ], [ 125.427059422000099, 2.35284745999998, 0.0 ], [ 125.42626178400009, 2.353642089000092, 0.0 ], [ 125.425464144000088, 2.354436720000026, 0.0 ], [ 125.424666503999987, 2.355231350000048, 0.0 ], [ 125.423699517, 2.355953760000046, 0.0 ], [ 125.422732530000104, 2.356676170000044, 0.0 ], [ 125.421895186000015, 2.357242345, 0.0 ], [ 125.421057840000103, 2.357808520000033, 0.0 ], [ 125.420220494000091, 2.358374695000071, 0.0 ], [ 125.41938314700009, 2.358940870000021, 0.0 ], [ 125.418595484000107, 2.35964516400003, 0.0 ], [ 125.41780782000005, 2.360349458000039, 0.0 ], [ 125.417020156000063, 2.361053752000048, 0.0 ], [ 125.416260335000075, 2.362162126, 0.0 ], [ 125.415803014000076, 2.362992264000036, 0.0 ], [ 125.415345692000074, 2.363822402000066, 0.0 ], [ 125.414888371000075, 2.364652540000096, 0.0 ], [ 125.414431049000072, 2.365482679000037, 0.0 ], [ 125.414028792000096, 2.366315035000072, 0.0 ], [ 125.413626534000031, 2.367147392000019, 0.0 ], [ 125.4133215290001, 2.368015503000082, 0.0 ], [ 125.413016524000099, 2.368883615000057, 0.0 ], [ 125.412952515128651, 2.369065798680376, 0.0 ], [ 125.413372000000109, 2.368795000000185, 0.0 ], [ 125.414075178817683, 2.368557333416527, 0.0 ], [ 125.414127546, 2.36851474, 0.0 ], [ 125.414341879584398, 2.368432533855886, 0.0 ], [ 125.414990000000131, 2.368125000000171, 0.0 ], [ 125.415196023612353, 2.36808126857307, 0.0 ], [ 125.415349094, 2.36801403900005, 0.0 ], [ 125.415577547000069, 2.367969880000038, 0.0 ], [ 125.41618709000015, 2.368045387000068, 0.0 ], [ 125.416233375769593, 2.368072162133378, 0.0 ], [ 125.416794, 2.36814800000012, 0.0 ], [ 125.417749, 2.368493, 0.0 ], [ 125.418333, 2.368892000000217, 0.0 ], [ 125.418713477140699, 2.369383821781296, 0.0 ], [ 125.418855807000156, 2.369506592000088, 0.0 ], [ 125.418920968702594, 2.369652034660936, 0.0 ], [ 125.418972, 2.369718000000171, 0.0 ], [ 125.419081035847199, 2.370009308804628, 0.0 ], [ 125.419281870000063, 2.37045757600008, 0.0 ], [ 125.419298350180568, 2.370589902988291, 0.0 ], [ 125.419371000000154, 2.370784, 0.0 ], [ 125.419532, 2.371931000000133, 0.0 ], [ 125.419654000000122, 2.373015000000118, 0.0 ], [ 125.419842, 2.374322, 0.0 ], [ 125.420188, 2.375121000000108, 0.0 ], [ 125.420587, 2.375708000000182, 0.0 ], [ 125.420694, 2.376401000000145, 0.0 ], [ 125.420682282683032, 2.376908750406665, 0.0 ], [ 125.420774214000076, 2.377235540000095, 0.0 ], [ 125.420884164000114, 2.377880773000102, 0.0 ], [ 125.420873929000066, 2.378252732000059, 0.0 ], [ 125.420863716000113, 2.378635631000032, 0.0 ], [ 125.420940465000072, 2.378963679, 0.0 ], [ 125.421148101000114, 2.379198250000043, 0.0 ], [ 125.421300760000037, 2.379373012000025, 0.0 ], [ 125.421350471855476, 2.37958783337467, 0.0 ], [ 125.421682, 2.379787000000173, 0.0 ], [ 125.422213000000198, 2.379973000000108, 0.0 ], [ 125.422373000000206, 2.380399000000184, 0.0 ], [ 125.422532, 2.380612, 0.0 ], [ 125.422851000000136, 2.380505, 0.0 ], [ 125.423009, 2.380291000000129, 0.0 ], [ 125.423115000000138, 2.380131, 0.0 ], [ 125.423301, 2.380237000000102, 0.0 ], [ 125.423382, 2.380557000000112, 0.0 ], [ 125.423541, 2.38074400000013, 0.0 ], [ 125.4237, 2.380664, 0.0 ], [ 125.424018, 2.38047600000016, 0.0 ], [ 125.424177, 2.380289000000142, 0.0 ], [ 125.424442, 2.380235000000114, 0.0 ], [ 125.424920000000185, 2.380395000000208, 0.0 ], [ 125.425096719307547, 2.380689716838964, 0.0 ], [ 125.425297307000051, 2.380919345000072, 0.0 ], [ 125.425355650531657, 2.381106695761288, 0.0 ], [ 125.425585, 2.38146, 0.0 ], [ 125.425956, 2.38154, 0.0 ], [ 125.426566000000122, 2.381485000000156, 0.0 ], [ 125.427044, 2.381298000000138, 0.0 ], [ 125.427468, 2.380950000000121, 0.0 ], [ 125.427785000000171, 2.380763000000103, 0.0 ], [ 125.428422000000211, 2.380788, 0.0 ], [ 125.428900000000155, 2.380948000000133, 0.0 ], [ 125.429272000000111, 2.38116, 0.0 ], [ 125.429697000000189, 2.381266000000155, 0.0 ], [ 125.429799394845688, 2.381425804508181, 0.0 ], [ 125.429936839000135, 2.381425561000034, 0.0 ], [ 125.430089326000058, 2.381501866000042, 0.0 ], [ 125.430209800000071, 2.381939227, 0.0 ], [ 125.430273155699169, 2.382441537207287, 0.0 ], [ 125.430335, 2.382545000000109, 0.0 ], [ 125.430708, 2.382598000000231, 0.0 ], [ 125.431344000000223, 2.382544, 0.0 ], [ 125.432220000000129, 2.382489, 0.0 ], [ 125.432750000000198, 2.38262100000018, 0.0 ], [ 125.433281000000164, 2.38286, 0.0 ], [ 125.433891, 2.382886, 0.0 ], [ 125.434687000000153, 2.382778000000203, 0.0 ], [ 125.435137, 2.382430000000186, 0.0 ], [ 125.435641, 2.381949000000178, 0.0 ], [ 125.436065000000127, 2.381681000000208, 0.0 ], [ 125.436673, 2.380907000000116, 0.0 ], [ 125.437017000000111, 2.379759000000165, 0.0 ], [ 125.436988000000198, 2.378665, 0.0 ], [ 125.436588, 2.377466000000156, 0.0 ], [ 125.436454, 2.376746, 0.0 ], [ 125.436465953779546, 2.376645271829043, 0.0 ], [ 125.436376432000046, 2.376407994000013, 0.0 ], [ 125.436403940000105, 2.376088338000033, 0.0 ], [ 125.436627925000067, 2.375768332000023, 0.0 ], [ 125.436973738, 2.375560914000092, 0.0 ], [ 125.437347388, 2.375221843000014, 0.0 ], [ 125.437553821000037, 2.375014954000038, 0.0 ], [ 125.437933823000122, 2.374622068000038, 0.0 ], [ 125.438291506000056, 2.374378326000032, 0.0 ], [ 125.438643361000118, 2.374130836000072, 0.0 ], [ 125.438825848000121, 2.374097907000012, 0.0 ], [ 125.439004460000064, 2.374166876000034, 0.0 ], [ 125.439130673939715, 2.374278192554319, 0.0 ], [ 125.439305000000246, 2.374328, 0.0 ], [ 125.43988900000025, 2.37459300000012, 0.0 ], [ 125.44026100000012, 2.374699000000186, 0.0 ], [ 125.440818000000192, 2.374698000000103, 0.0 ], [ 125.441481, 2.374617000000152, 0.0 ], [ 125.442091, 2.374589000000144, 0.0 ], [ 125.442569, 2.374855000000126, 0.0 ], [ 125.442809, 2.375095, 0.0 ], [ 125.443365000000171, 2.375174, 0.0 ], [ 125.443843000000101, 2.375066000000176, 0.0 ], [ 125.443878912829533, 2.375017890360704, 0.0 ], [ 125.443880777000118, 2.374781989000036, 0.0 ], [ 125.443860745000066, 2.374589560000102, 0.0 ], [ 125.443891391500784, 2.374412216876093, 0.0 ], [ 125.443868, 2.374319000000186, 0.0 ], [ 125.443894000000157, 2.373839, 0.0 ], [ 125.444159, 2.373545, 0.0 ], [ 125.444663, 2.373278000000207, 0.0 ], [ 125.445432000000125, 2.373143000000228, 0.0 ], [ 125.446386000000103, 2.373141, 0.0 ], [ 125.447181000000157, 2.372766000000121, 0.0 ], [ 125.447473, 2.372446000000112, 0.0 ], [ 125.447499, 2.372126000000103, 0.0 ], [ 125.447206, 2.37143300000014, 0.0 ], [ 125.447232000000199, 2.371006000000159, 0.0 ], [ 125.447417, 2.370739, 0.0 ], [ 125.447761, 2.37041800000018, 0.0 ], [ 125.448318000000171, 2.370070000000164, 0.0 ], [ 125.448741, 2.369482000000184, 0.0 ], [ 125.449032000000102, 2.369135, 0.0 ], [ 125.449324000000189, 2.369081, 0.0 ], [ 125.449695000000162, 2.369161, 0.0 ], [ 125.449790999015207, 2.369234117529457, 0.0 ], [ 125.449870156000088, 2.369207452000028, 0.0 ], [ 125.450167694000015, 2.369213149000055, 0.0 ], [ 125.450422094, 2.369362163000039, 0.0 ], [ 125.450658067000077, 2.369604626000028, 0.0 ], [ 125.450962349000037, 2.369921699000061, 0.0 ], [ 125.451068036783624, 2.370011533696454, 0.0 ], [ 125.451210000000103, 2.370011, 0.0 ], [ 125.451554000000144, 2.369904000000107, 0.0 ], [ 125.451818000000131, 2.36953, 0.0 ], [ 125.452091, 2.36938, 0.0 ], [ 125.452304000000112, 2.369425, 0.0 ], [ 125.452585, 2.369621000000139, 0.0 ], [ 125.452803, 2.369592, 0.0 ], [ 125.452963, 2.369389000000128, 0.0 ], [ 125.453019000000111, 2.369061000000167, 0.0 ], [ 125.453094000000107, 2.368841, 0.0 ], [ 125.453202, 2.368738, 0.0 ], [ 125.453426, 2.368587, 0.0 ], [ 125.45399900000011, 2.368379, 0.0 ], [ 125.45459, 2.368181000000186, 0.0 ], [ 125.455099000000175, 2.367967, 0.0 ], [ 125.45542, 2.367759, 0.0 ], [ 125.455661, 2.367476000000119, 0.0 ], [ 125.455946, 2.36706000000016, 0.0 ], [ 125.456088, 2.36684900000011, 0.0 ], [ 125.456275000000133, 2.366712000000144, 0.0 ], [ 125.456819, 2.366505, 0.0 ], [ 125.4572450000001, 2.366299, 0.0 ], [ 125.457465, 2.36612800000014, 0.0 ], [ 125.457652000000209, 2.365785000000182, 0.0 ], [ 125.457720000000151, 2.365597, 0.0 ], [ 125.457753000000125, 2.365049, 0.0 ], [ 125.457821, 2.364707000000161, 0.0 ], [ 125.457905, 2.364484000000184, 0.0 ], [ 125.458228000000162, 2.364227, 0.0 ], [ 125.458278, 2.363953000000125, 0.0 ], [ 125.458244, 2.363337000000138, 0.0 ], [ 125.458106, 2.362721000000152, 0.0 ], [ 125.45802, 2.362344, 0.0 ], [ 125.458139, 2.362053000000126, 0.0 ], [ 125.45853000000011, 2.361676, 0.0 ], [ 125.458852000000107, 2.361333, 0.0 ], [ 125.45909, 2.360973000000117, 0.0 ], [ 125.459294, 2.360477000000111, 0.0 ], [ 125.459446, 2.359809, 0.0 ], [ 125.459616, 2.359466000000127, 0.0 ], [ 125.459853000000152, 2.35929500000019, 0.0 ], [ 125.460143, 2.35924300000015, 0.0 ], [ 125.460840000000104, 2.35907100000013, 0.0 ], [ 125.461248000000197, 2.358864, 0.0 ], [ 125.461554000000206, 2.358676000000132, 0.0 ], [ 125.461826000000244, 2.358367000000145, 0.0 ], [ 125.461961000000215, 2.35787100000014, 0.0 ], [ 125.462063, 2.357374, 0.0 ], [ 125.462011000000174, 2.357032000000176, 0.0 ], [ 125.461891, 2.356775000000228, 0.0 ], [ 125.461857000000137, 2.356399000000204, 0.0 ], [ 125.461686000000114, 2.355749, 0.0 ], [ 125.461584, 2.355308000000173, 0.0 ], [ 125.461617000000174, 2.355, 0.0 ], [ 125.461702000000102, 2.354743000000143, 0.0 ], [ 125.461906, 2.354589000000191, 0.0 ], [ 125.46211, 2.354571000000123, 0.0 ], [ 125.462570000000156, 2.354656000000228, 0.0 ], [ 125.462856373457555, 2.354673340044384, 0.0 ] ] ] ] } },
{ "type": "Feature", "properties": { "KDPPUM": null, "NAMOBJ": "Tagulandang", "REMARK": "Wilayah Administrasi Kecamatan", "KDPBPS": null, "FCODE": null, "LUASWH": 0.0, "UUPP": null, "SRS_ID": null, "LCODE": "BA0080", "METADATA": null, "KDEBPS": null, "KDEPUM": null, "KDCBPS": null, "KDCPUM": null, "KDBBPS": null, "KDBPUM": null, "WADMKD": null, "WIADKD": null, "WADMKC": null, "WIADKC": null, "WADMKK": "Kepulauan Siau Tagulandang Biaro", "WIADKK": null, "WADMPR": "Sulawesi Utara", "WIADPR": null, "TIPADM": 0, "SHAPE_Leng": 0.39410035299000001, "SHAPE_Area": 0.0033868255 }, "geometry": { "type": "MultiPolygon", "coordinates": [ [ [ [ 125.378506000000172, 2.305760000000207, 0.0 ], [ 125.378423, 2.30575, 0.0 ], [ 125.378353, 2.305751000000173, 0.0 ], [ 125.378288, 2.305755000000149, 0.0 ], [ 125.378256000000178, 2.305784, 0.0 ], [ 125.378241, 2.305854000000169, 0.0 ], [ 125.378241, 2.305929000000157, 0.0 ], [ 125.378274000000161, 2.305985000000172, 0.0 ], [ 125.378325, 2.306031, 0.0 ], [ 125.378409, 2.306041000000187, 0.0 ], [ 125.378493, 2.306026000000189, 0.0 ], [ 125.378549000000177, 2.305980000000114, 0.0 ], [ 125.378581, 2.305928, 0.0 ], [ 125.378590000000102, 2.305867000000179, 0.0 ], [ 125.378590000000102, 2.305834000000113, 0.0 ], [ 125.378572, 2.305764000000183, 0.0 ], [ 125.378506000000172, 2.305760000000207, 0.0 ] ] ], [ [ [ 125.379845, 2.306685000000181, 0.0 ], [ 125.379742000000121, 2.306675, 0.0 ], [ 125.379648, 2.306685000000181, 0.0 ], [ 125.379545000000164, 2.306704000000154, 0.0 ], [ 125.379413, 2.306723000000128, 0.0 ], [ 125.379347, 2.306761, 0.0 ], [ 125.379225000000162, 2.306847, 0.0 ], [ 125.379179, 2.30693200000019, 0.0 ], [ 125.379207000000179, 2.307036, 0.0 ], [ 125.37930100000014, 2.307073000000132, 0.0 ], [ 125.379386, 2.307092000000106, 0.0 ], [ 125.379489, 2.30710100000014, 0.0 ], [ 125.37962, 2.30710100000014, 0.0 ], [ 125.379743000000204, 2.307072, 0.0 ], [ 125.379836000000168, 2.306978, 0.0 ], [ 125.379874000000115, 2.306912000000134, 0.0 ], [ 125.379883000000149, 2.306836, 0.0 ], [ 125.379845, 2.306685000000181, 0.0 ] ] ], [ [ [ 125.378566, 2.326732000000115, 0.0 ], [ 125.37866600000018, 2.32653, 0.0 ], [ 125.378794000000113, 2.326299000000171, 0.0 ], [ 125.378951000000129, 2.326068, 0.0 ], [ 125.379080000000144, 2.325880000000142, 0.0 ], [ 125.379323, 2.325606, 0.0 ], [ 125.379494946573075, 2.325552668977588, 0.0 ], [ 125.379560078000083, 2.325497716000042, 0.0 ], [ 125.379945147000058, 2.325294180000077, 0.0 ], [ 125.379971680119397, 2.325282431819693, 0.0 ], [ 125.380083, 2.325114000000179, 0.0 ], [ 125.380225, 2.325013000000171, 0.0 ], [ 125.380383000000137, 2.324898, 0.0 ], [ 125.380754036908883, 2.324747659695776, 0.0 ], [ 125.380843741000064, 2.324647933000074, 0.0 ], [ 125.380998156000047, 2.324380889000095, 0.0 ], [ 125.381034442000129, 2.324032529000048, 0.0 ], [ 125.380966711000028, 2.323510832000048, 0.0 ], [ 125.380983957279895, 2.32341635508922, 0.0 ], [ 125.380939, 2.323282000000122, 0.0 ], [ 125.380867000000123, 2.322965000000183, 0.0 ], [ 125.38088100000013, 2.322763000000167, 0.0 ], [ 125.380938, 2.32259, 0.0 ], [ 125.38099500000024, 2.322446, 0.0 ], [ 125.381070000000136, 2.321990000000158, 0.0 ], [ 125.381170000000154, 2.321701, 0.0 ], [ 125.381256000000164, 2.321528000000123, 0.0 ], [ 125.381241, 2.321211000000185, 0.0 ], [ 125.38124, 2.320908000000161, 0.0 ], [ 125.381297000000174, 2.320360000000116, 0.0 ], [ 125.381397000000192, 2.320173, 0.0 ], [ 125.381526, 2.320072, 0.0 ], [ 125.38164, 2.319971, 0.0 ], [ 125.381647856433858, 2.319957753687236, 0.0 ], [ 125.381683574, 2.319802942000033, 0.0 ], [ 125.381705338000032, 2.319587998000012, 0.0 ], [ 125.381744160862382, 2.319442676086398, 0.0 ], [ 125.381754000000157, 2.319235000000115, 0.0 ], [ 125.381811000000155, 2.319048, 0.0 ], [ 125.38185400000016, 2.318947, 0.0 ], [ 125.381925, 2.318759000000165, 0.0 ], [ 125.381953, 2.318514000000144, 0.0 ], [ 125.381866, 2.318139000000203, 0.0 ], [ 125.381895000000185, 2.3179660000001, 0.0 ], [ 125.38193800000019, 2.317793000000174, 0.0 ], [ 125.382009, 2.317692000000166, 0.0 ], [ 125.382097, 2.317251, 0.0 ], [ 125.38214, 2.316962000000162, 0.0 ], [ 125.382212877770158, 2.316763943942741, 0.0 ], [ 125.382180013000053, 2.316455191000061, 0.0 ], [ 125.382182740337257, 2.316343942979044, 0.0 ], [ 125.382167000000123, 2.316270000000104, 0.0 ], [ 125.382081000000113, 2.316097000000179, 0.0 ], [ 125.382081000000113, 2.315881, 0.0 ], [ 125.382127909450759, 2.315639751396843, 0.0 ], [ 125.382067242000048, 2.315443443000015, 0.0 ], [ 125.381933973000031, 2.315125012000047, 0.0 ], [ 125.381828862468282, 2.314809897003462, 0.0 ], [ 125.381821000000187, 2.314801, 0.0 ], [ 125.381820926261213, 2.314786104736195, 0.0 ], [ 125.38168939300013, 2.314391776000042, 0.0 ], [ 125.381571021000028, 2.314162248000057, 0.0 ], [ 125.381533790000049, 2.313947404000045, 0.0 ], [ 125.381542494483767, 2.313877744037002, 0.0 ], [ 125.381532000000263, 2.31385, 0.0 ], [ 125.381503, 2.313633, 0.0 ], [ 125.381503, 2.313273000000111, 0.0 ], [ 125.381546, 2.313042000000182, 0.0 ], [ 125.381645000000191, 2.312855000000164, 0.0 ], [ 125.381731000000201, 2.312768, 0.0 ], [ 125.381846000000124, 2.31271, 0.0 ], [ 125.382075000000242, 2.312067000000157, 0.0 ], [ 125.382146, 2.311822000000136, 0.0 ], [ 125.38216, 2.311519000000112, 0.0 ], [ 125.382174000000177, 2.311216, 0.0 ], [ 125.382245, 2.310942000000155, 0.0 ], [ 125.382559000000143, 2.31025, 0.0 ], [ 125.382745, 2.310005, 0.0 ], [ 125.382888, 2.309817000000153, 0.0 ], [ 125.383002000000118, 2.309644, 0.0 ], [ 125.383160000000132, 2.309398000000124, 0.0 ], [ 125.383245000000244, 2.309254000000111, 0.0 ], [ 125.383404, 2.309182000000193, 0.0 ], [ 125.383561000000185, 2.3090950000001, 0.0 ], [ 125.383761, 2.308979, 0.0 ], [ 125.383789000000135, 2.308806000000169, 0.0 ], [ 125.383761, 2.308662000000156, 0.0 ], [ 125.383732000000123, 2.308533000000141, 0.0 ], [ 125.38374600000013, 2.308403, 0.0 ], [ 125.38383200000014, 2.308287, 0.0 ], [ 125.384175, 2.308071000000107, 0.0 ], [ 125.384419000000122, 2.307955000000101, 0.0 ], [ 125.384534, 2.307926000000188, 0.0 ], [ 125.384705000000153, 2.307897, 0.0 ], [ 125.384877000000174, 2.307795000000185, 0.0 ], [ 125.384963000000184, 2.30768, 0.0 ], [ 125.385092000000199, 2.307579, 0.0 ], [ 125.38515, 2.307492000000162, 0.0 ], [ 125.385106000000206, 2.307348000000149, 0.0 ], [ 125.385048000000111, 2.307334, 0.0 ], [ 125.384862, 2.307363000000146, 0.0 ], [ 125.384133000000176, 2.307211000000182, 0.0 ], [ 125.38386, 2.307139, 0.0 ], [ 125.38363, 2.307096, 0.0 ], [ 125.383444000000182, 2.307082000000166, 0.0 ], [ 125.383243000000249, 2.307155000000167, 0.0 ], [ 125.383086000000134, 2.307097000000164, 0.0 ], [ 125.383014000000131, 2.306924, 0.0 ], [ 125.38297, 2.306809000000138, 0.0 ], [ 125.382856000000203, 2.306809000000138, 0.0 ], [ 125.382727000000187, 2.306896, 0.0 ], [ 125.382599, 2.306968000000149, 0.0 ], [ 125.382412000000144, 2.306969, 0.0 ], [ 125.38214, 2.306868, 0.0 ], [ 125.381982, 2.306840000000216, 0.0 ], [ 125.381474, 2.307116000000137, 0.0 ], [ 125.381159, 2.307232000000143, 0.0 ], [ 125.380844000000181, 2.307275000000148, 0.0 ], [ 125.380643000000148, 2.307276, 0.0 ], [ 125.380242000000109, 2.307363000000146, 0.0 ], [ 125.380084, 2.307392, 0.0 ], [ 125.379769, 2.307407, 0.0 ], [ 125.379525, 2.307436000000147, 0.0 ], [ 125.379267, 2.307451000000144, 0.0 ], [ 125.379067000000234, 2.307509000000147, 0.0 ], [ 125.378866, 2.307524000000145, 0.0 ], [ 125.37860800000017, 2.307524000000145, 0.0 ], [ 125.378029, 2.307526000000133, 0.0 ], [ 125.377757000000102, 2.307526000000133, 0.0 ], [ 125.377484, 2.307498000000125, 0.0 ], [ 125.377269, 2.307498000000125, 0.0 ], [ 125.377054, 2.30736900000011, 0.0 ], [ 125.376996000000119, 2.30721, 0.0 ], [ 125.376953000000114, 2.307009000000166, 0.0 ], [ 125.376809000000179, 2.307009000000166, 0.0 ], [ 125.376709, 2.307023, 0.0 ], [ 125.376609, 2.307168000000177, 0.0 ], [ 125.376494, 2.307197, 0.0 ], [ 125.376337, 2.307067000000169, 0.0 ], [ 125.376322, 2.306894, 0.0 ], [ 125.376293000000118, 2.306664, 0.0 ], [ 125.376293000000118, 2.306491000000117, 0.0 ], [ 125.376264000000205, 2.306419000000199, 0.0 ], [ 125.37615, 2.306361, 0.0 ], [ 125.376378, 2.305842, 0.0 ], [ 125.376477000000165, 2.305568000000131, 0.0 ], [ 125.376621, 2.305553000000133, 0.0 ], [ 125.376764000000193, 2.305697000000146, 0.0 ], [ 125.376836000000111, 2.305884000000164, 0.0 ], [ 125.377066, 2.305999, 0.0 ], [ 125.377223000000157, 2.305725000000153, 0.0 ], [ 125.377309000000167, 2.30561, 0.0 ], [ 125.377509, 2.305494, 0.0 ], [ 125.377782, 2.305450000000137, 0.0 ], [ 125.377982, 2.305349000000129, 0.0 ], [ 125.37836900000012, 2.30532, 0.0 ], [ 125.37857, 2.305262000000214, 0.0 ], [ 125.378799000000171, 2.305247, 0.0 ], [ 125.378942000000194, 2.305304000000136, 0.0 ], [ 125.379100000000207, 2.305304000000136, 0.0 ], [ 125.37921500000013, 2.305260000000226, 0.0 ], [ 125.379401, 2.305231000000136, 0.0 ], [ 125.379602000000176, 2.305188000000131, 0.0 ], [ 125.379731000000191, 2.305159, 0.0 ], [ 125.379903, 2.305072000000125, 0.0 ], [ 125.380023, 2.304936, 0.0 ], [ 125.380237000000221, 2.304791000000145, 0.0 ], [ 125.380353, 2.304791000000145, 0.0 ], [ 125.380596000000168, 2.304819000000153, 0.0 ], [ 125.380797000000101, 2.304891, 0.0 ], [ 125.381055000000131, 2.304804000000155, 0.0 ], [ 125.381126, 2.304660000000142, 0.0 ], [ 125.381183, 2.304444, 0.0 ], [ 125.381312, 2.304342000000121, 0.0 ], [ 125.381498000000107, 2.304256000000111, 0.0 ], [ 125.381756000000138, 2.304068000000187, 0.0 ], [ 125.382214000000104, 2.303577, 0.0 ], [ 125.382522, 2.303285, 0.0 ], [ 125.382621000000128, 2.303059000000191, 0.0 ], [ 125.382938000000237, 2.302757, 0.0 ], [ 125.383104749093533, 2.302720373031592, 0.0 ], [ 125.382964727000058, 2.302643145000067, 0.0 ], [ 125.38285856800006, 2.302635118000113, 0.0 ], [ 125.382658554000031, 2.302651864999989, 0.0 ], [ 125.38252385300008, 2.302626673000036, 0.0 ], [ 125.382397099000073, 2.302507910000068, 0.0 ], [ 125.382294620000025, 2.302257823000071, 0.0 ], [ 125.382290935512472, 2.30221130906852, 0.0 ], [ 125.382283000000129, 2.302207, 0.0 ], [ 125.382168000000121, 2.302092000000117, 0.0 ], [ 125.382168000000121, 2.301905, 0.0 ], [ 125.382182000000213, 2.301689000000168, 0.0 ], [ 125.382225000000219, 2.301530000000158, 0.0 ], [ 125.382282, 2.301357, 0.0 ], [ 125.382296859344123, 2.301336479953504, 0.0 ], [ 125.382289965, 2.301235098000094, 0.0 ], [ 125.382200665341315, 2.30090283341749, 0.0 ], [ 125.382182000000213, 2.300858000000156, 0.0 ], [ 125.382096000000203, 2.300686000000136, 0.0 ], [ 125.382024, 2.300455, 0.0 ], [ 125.381975783020906, 2.300271507607016, 0.0 ], [ 125.381770941000042, 2.299737712000011, 0.0 ], [ 125.381683506538593, 2.29947778069331, 0.0 ], [ 125.381592000000154, 2.299360000000201, 0.0 ], [ 125.381501929335897, 2.299143830405887, 0.0 ], [ 125.381382656999975, 2.298996811000082, 0.0 ], [ 125.381163648000069, 2.298896381000032, 0.0 ], [ 125.38083399100006, 2.298863142000036, 0.0 ], [ 125.38070590700012, 2.298831191000057, 0.0 ], [ 125.380577652000071, 2.298696312000088, 0.0 ], [ 125.38038513900004, 2.298413579000053, 0.0 ], [ 125.380109266000133, 2.298047358000039, 0.0 ], [ 125.379800327000154, 2.297774825000049, 0.0 ], [ 125.379479773000099, 2.297485874000033, 0.0 ], [ 125.379191130000109, 2.297138972000019, 0.0 ], [ 125.379068761000113, 2.296936744000073, 0.0 ], [ 125.378946663000036, 2.296653894000029, 0.0 ], [ 125.378785965999981, 2.296255312, 0.0 ], [ 125.378638292000105, 2.295991803000048, 0.0 ], [ 125.378330393000027, 2.295612766000039, 0.0 ], [ 125.378275076999984, 2.295489741000074, 0.0 ], [ 125.37822745400004, 2.295309094000048, 0.0 ], [ 125.378160893000128, 2.29512531100003, 0.0 ], [ 125.37803417000012, 2.294811631000099, 0.0 ], [ 125.377855460000077, 2.294201092000032, 0.0 ], [ 125.377688135000099, 2.293754949000066, 0.0 ], [ 125.377596633000067, 2.293369554000064, 0.0 ], [ 125.377555861, 2.293136265000035, 0.0 ], [ 125.377570809000062, 2.292869349000066, 0.0 ], [ 125.37758544200004, 2.292559872000039, 0.0 ], [ 125.377559633000033, 2.2922149510001, 0.0 ], [ 125.377523918000094, 2.291986727000046, 0.0 ], [ 125.377382129, 2.291718094000023, 0.0 ], [ 125.377200030000026, 2.291495187000054, 0.0 ], [ 125.3768691060001, 2.291106641000058, 0.0 ], [ 125.37657085100011, 2.290853489000073, 0.0 ], [ 125.376338521000065, 2.290782855, 0.0 ], [ 125.376060726000091, 2.290692005000034, 0.0 ], [ 125.375979822000062, 2.290610971000079, 0.0 ], [ 125.375843216000035, 2.290423498000022, 0.0 ], [ 125.375645979000055, 2.290205688000031, 0.0 ], [ 125.375529807000035, 2.290165298000064, 0.0 ], [ 125.375257152000032, 2.290130241, 0.0 ], [ 125.375065191000047, 2.290049393000066, 0.0 ], [ 125.374842832000041, 2.289902648000092, 0.0 ], [ 125.374539504999987, 2.289634283000092, 0.0 ], [ 125.374289037000054, 2.289500256000016, 0.0 ], [ 125.373996039000048, 2.289373920000044, 0.0 ], [ 125.373672743000043, 2.289242559000099, 0.0 ], [ 125.373293837000134, 2.289060562000051, 0.0 ], [ 125.373127074000095, 2.288954307000052, 0.0 ], [ 125.372849054000099, 2.288726484000032, 0.0 ], [ 125.37252866200005, 2.288534131000103, 0.0 ], [ 125.372220151000107, 2.288420677000042, 0.0 ], [ 125.371897414000046, 2.288278755000023, 0.0 ], [ 125.371521526000038, 2.28814048400004, 0.0 ], [ 125.37122715400001, 2.288005638000074, 0.0 ], [ 125.371007241000029, 2.287892036000089, 0.0 ], [ 125.370886676000083, 2.287849499000034, 0.0 ], [ 125.370638590000084, 2.28784635000004, 0.0 ], [ 125.370514616000037, 2.287885732000101, 0.0 ], [ 125.370266597000025, 2.287921760000062, 0.0 ], [ 125.369714986000048, 2.287980277000019, 0.0 ], [ 125.369396087000041, 2.288016421000078, 0.0 ], [ 125.369229637000117, 2.288087927000044, 0.0 ], [ 125.369038525000022, 2.288248511000097, 0.0 ], [ 125.368896912000125, 2.288337783000022, 0.0 ], [ 125.368776475000104, 2.288373598000055, 0.0 ], [ 125.368666572000066, 2.28834885000005, 0.0 ], [ 125.368368690000025, 2.288235377000076, 0.0 ], [ 125.368100856000069, 2.288199249000018, 0.0 ], [ 125.367760546000156, 2.288146393, 0.0 ], [ 125.367526631000075, 2.288139658000061, 0.0 ], [ 125.367232376000061, 2.288076039000037, 0.0 ], [ 125.366867311000064, 2.288055277000096, 0.0 ], [ 125.36668335500012, 2.288033364000059, 0.0 ], [ 125.366425760000112, 2.288012223000086, 0.0 ], [ 125.366182296000048, 2.28788321100007, 0.0 ], [ 125.365910003000081, 2.287624831000096, 0.0 ], [ 125.365580592, 2.28743844300004, 0.0 ], [ 125.365150970000073, 2.287223462000016, 0.0 ], [ 125.364778681000089, 2.287065905000036, 0.0 ], [ 125.36455691700003, 2.287080652000013, 0.0 ], [ 125.364321149000062, 2.287282357, 0.0 ], [ 125.364056895000047, 2.287563196000059, 0.0 ], [ 125.363799604000079, 2.28772898700001, 0.0 ], [ 125.363514487896992, 2.28792424417888, 0.0 ], [ 125.363502000000139, 2.28798, 0.0 ], [ 125.363402, 2.288254000000196, 0.0 ], [ 125.363244000000108, 2.288456, 0.0 ], [ 125.362958, 2.288543000000127, 0.0 ], [ 125.362758000000142, 2.288644000000135, 0.0 ], [ 125.362543000000116, 2.288803000000145, 0.0 ], [ 125.36253198380291, 2.288808237208679, 0.0 ], [ 125.362480926000131, 2.288862168000067, 0.0 ], [ 125.362173684000012, 2.289107130000085, 0.0 ], [ 125.361980560000021, 2.289136209000093, 0.0 ], [ 125.361680024000023, 2.289107949000064, 0.0 ], [ 125.361200556000057, 2.289036845000043, 0.0 ], [ 125.360799905000036, 2.289037508, 0.0 ], [ 125.3604926040001, 2.289246522000072, 0.0 ], [ 125.360149885000084, 2.289671288000045, 0.0 ], [ 125.359947600000041, 2.290158722000053, 0.0 ], [ 125.359726412000128, 2.290525768000046, 0.0 ], [ 125.35939071500006, 2.290871434000048, 0.0 ], [ 125.358883347000088, 2.291238956, 0.0 ], [ 125.358321580000066, 2.291429564000042, 0.0 ], [ 125.358022406237851, 2.291584010812004, 0.0 ], [ 125.357835, 2.291729000000126, 0.0 ], [ 125.357664, 2.291859, 0.0 ], [ 125.357547296848949, 2.291921133622205, 0.0 ], [ 125.357483664000014, 2.291971039, 0.0 ], [ 125.357077359000058, 2.292299802000104, 0.0 ], [ 125.356665880000023, 2.292537717000071, 0.0 ], [ 125.35614760700004, 2.292762788000042, 0.0 ], [ 125.355670716000105, 2.292930148000034, 0.0 ], [ 125.355244030000151, 2.29308228, 0.0 ], [ 125.354882465000074, 2.293128307000087, 0.0 ], [ 125.354601173000077, 2.29311867700009, 0.0 ], [ 125.354455660000113, 2.293209774000077, 0.0 ], [ 125.354262371808176, 2.293393978370856, 0.0 ], [ 125.354218, 2.293470000000115, 0.0 ], [ 125.354104000000149, 2.293744, 0.0 ], [ 125.354004000000131, 2.294004, 0.0 ], [ 125.353890000000121, 2.294220000000175, 0.0 ], [ 125.353776000000195, 2.294393000000101, 0.0 ], [ 125.35374668687102, 2.294430917480634, 0.0 ], [ 125.353686705000086, 2.294587009000077, 0.0 ], [ 125.353431196000088, 2.294986189000065, 0.0 ], [ 125.353379427710422, 2.295040597931647, 0.0 ], [ 125.353189, 2.295418000000177, 0.0 ], [ 125.353047, 2.295634000000108, 0.0 ], [ 125.352889000000161, 2.295807000000211, 0.0 ], [ 125.352760000000146, 2.295981, 0.0 ], [ 125.35263100000013, 2.296154000000145, 0.0 ], [ 125.352474, 2.296269, 0.0 ], [ 125.35223, 2.296371000000159, 0.0 ], [ 125.351913000000238, 2.296565, 0.0 ], [ 125.351901517799348, 2.29657297235793, 0.0 ], [ 125.351773677000068, 2.296683160000052, 0.0 ], [ 125.351241842864766, 2.29705859168739, 0.0 ], [ 125.351168000000143, 2.297129000000171, 0.0 ], [ 125.351023035262145, 2.297218628735893, 0.0 ], [ 125.350597105351255, 2.297603554624212, 0.0 ], [ 125.350524000000149, 2.297677000000215, 0.0 ], [ 125.350338000000121, 2.297880000000136, 0.0 ], [ 125.350195, 2.298038, 0.0 ], [ 125.350052, 2.29824, 0.0 ], [ 125.34988000000024, 2.298471000000186, 0.0 ], [ 125.34968000000012, 2.298630000000196, 0.0 ], [ 125.348773, 2.299273000000108, 0.0 ], [ 125.348501000000184, 2.299504000000214, 0.0 ], [ 125.348171000000235, 2.29975000000014, 0.0 ], [ 125.347885000000105, 2.299938, 0.0 ], [ 125.347641000000166, 2.300097, 0.0 ], [ 125.347362158462673, 2.300153548283907, 0.0 ], [ 125.346781280000087, 2.300528822, 0.0 ], [ 125.345997018000034, 2.301000811000071, 0.0 ], [ 125.345456613, 2.301333174000037, 0.0 ], [ 125.34491690845131, 2.301718137008086, 0.0 ], [ 125.344427, 2.302170000000176, 0.0 ], [ 125.344184000000126, 2.302401000000105, 0.0 ], [ 125.344041, 2.30260300000012, 0.0 ], [ 125.34397, 2.302805000000136, 0.0 ], [ 125.343971, 2.303007000000152, 0.0 ], [ 125.343957, 2.303166000000163, 0.0 ], [ 125.343928, 2.303353000000181, 0.0 ], [ 125.343842, 2.303598000000202, 0.0 ], [ 125.343771, 2.303844000000128, 0.0 ], [ 125.343800000000243, 2.30406, 0.0 ], [ 125.343843000000248, 2.304161, 0.0 ], [ 125.343901000000159, 2.304247, 0.0 ], [ 125.343901000000159, 2.304319000000172, 0.0 ], [ 125.343886, 2.30442000000018, 0.0 ], [ 125.343887, 2.304593000000105, 0.0 ], [ 125.343916, 2.304708000000206, 0.0 ], [ 125.344074, 2.304895, 0.0 ], [ 125.344591, 2.305428, 0.0 ], [ 125.344792000000254, 2.305629000000204, 0.0 ], [ 125.34489300000017, 2.305716000000119, 0.0 ], [ 125.34497900000018, 2.305946000000143, 0.0 ], [ 125.345093, 2.306119, 0.0 ], [ 125.345194000000205, 2.306292000000171, 0.0 ], [ 125.345496, 2.306493000000104, 0.0 ], [ 125.345696000000174, 2.306637000000118, 0.0 ], [ 125.345869000000107, 2.306853, 0.0 ], [ 125.345998000000122, 2.307026000000151, 0.0 ], [ 125.346127000000138, 2.307155000000167, 0.0 ], [ 125.346461, 2.307652, 0.0 ], [ 125.346705, 2.308026000000114, 0.0 ], [ 125.346821000000176, 2.308242, 0.0 ], [ 125.347036, 2.308545, 0.0 ], [ 125.347496, 2.309279, 0.0 ], [ 125.347769, 2.309596000000164, 0.0 ], [ 125.347927, 2.309783000000182, 0.0 ], [ 125.347971000000115, 2.310085000000123, 0.0 ], [ 125.347985000000207, 2.310331, 0.0 ], [ 125.348057000000125, 2.310503, 0.0 ], [ 125.348129, 2.310647, 0.0 ], [ 125.348215, 2.310907000000102, 0.0 ], [ 125.348721000000182, 2.311720000000223, 0.0 ], [ 125.349037, 2.312051, 0.0 ], [ 125.349224, 2.312325000000188, 0.0 ], [ 125.349339000000242, 2.312541000000119, 0.0 ], [ 125.349511, 2.312829000000145, 0.0 ], [ 125.349857, 2.313621000000127, 0.0 ], [ 125.350115, 2.31388, 0.0 ], [ 125.350244, 2.314053000000166, 0.0 ], [ 125.350345, 2.314240000000185, 0.0 ], [ 125.350532000000186, 2.314543000000208, 0.0 ], [ 125.35124, 2.315601000000173, 0.0 ], [ 125.351542, 2.316062000000125, 0.0 ], [ 125.351743000000198, 2.316350000000151, 0.0 ], [ 125.351873, 2.316739000000185, 0.0 ], [ 125.352017, 2.317012000000213, 0.0 ], [ 125.352175000000244, 2.317272, 0.0 ], [ 125.352361, 2.317401, 0.0 ], [ 125.352677000000114, 2.317588, 0.0 ], [ 125.353108000000162, 2.318092000000222, 0.0 ], [ 125.353352000000186, 2.318307, 0.0 ], [ 125.353581000000219, 2.318379000000165, 0.0 ], [ 125.353768000000144, 2.318422000000171, 0.0 ], [ 125.35398300000017, 2.318537, 0.0 ], [ 125.354141, 2.318710000000197, 0.0 ], [ 125.354692000000128, 2.319291000000129, 0.0 ], [ 125.354964, 2.319449, 0.0 ], [ 125.355151000000177, 2.319593, 0.0 ], [ 125.355366, 2.31978, 0.0 ], [ 125.355567000000136, 2.320010000000112, 0.0 ], [ 125.355797000000166, 2.320269, 0.0 ], [ 125.355984, 2.320471, 0.0 ], [ 125.35627100000012, 2.320672000000174, 0.0 ], [ 125.356486, 2.320773000000182, 0.0 ], [ 125.356643000000176, 2.320816000000187, 0.0 ], [ 125.356902000000105, 2.320916000000112, 0.0 ], [ 125.357146, 2.321089000000216, 0.0 ], [ 125.35749, 2.321305000000146, 0.0 ], [ 125.357734, 2.321434000000162, 0.0 ], [ 125.357863, 2.321477000000167, 0.0 ], [ 125.35805, 2.321549, 0.0 ], [ 125.358193, 2.3216780000001, 0.0 ], [ 125.358916000000121, 2.322, 0.0 ], [ 125.359332, 2.322143, 0.0 ], [ 125.359676000000121, 2.322301000000133, 0.0 ], [ 125.35992, 2.322402000000141, 0.0 ], [ 125.360265, 2.322531000000156, 0.0 ], [ 125.360623000000146, 2.322703000000176, 0.0 ], [ 125.360867, 2.322804000000184, 0.0 ], [ 125.36124, 2.322918000000202, 0.0 ], [ 125.361527, 2.323048000000123, 0.0 ], [ 125.361742, 2.323192000000136, 0.0 ], [ 125.362072, 2.323306000000153, 0.0 ], [ 125.362388, 2.323508000000169, 0.0 ], [ 125.36256, 2.323651, 0.0 ], [ 125.362904, 2.323824000000203, 0.0 ], [ 125.362962, 2.323881000000123, 0.0 ], [ 125.36372, 2.324130000000119, 0.0 ], [ 125.364108000000186, 2.324274000000132, 0.0 ], [ 125.364509, 2.324446000000153, 0.0 ], [ 125.364853, 2.324589, 0.0 ], [ 125.365269, 2.324747000000189, 0.0 ], [ 125.365642000000108, 2.324819000000106, 0.0 ], [ 125.365986, 2.324890000000119, 0.0 ], [ 125.366316, 2.324991000000127, 0.0 ], [ 125.366674000000145, 2.325048, 0.0 ], [ 125.366947, 2.325134, 0.0 ], [ 125.367434000000145, 2.325291, 0.0 ], [ 125.367621, 2.325363000000175, 0.0 ], [ 125.367685195531095, 2.325406045840756, 0.0 ], [ 125.36776991800005, 2.325398807000029, 0.0 ], [ 125.368079065000046, 2.325457663000103, 0.0 ], [ 125.368411215361661, 2.325592327706778, 0.0 ], [ 125.368482, 2.325592000000116, 0.0 ], [ 125.368754000000109, 2.325650000000119, 0.0 ], [ 125.369256000000163, 2.325894, 0.0 ], [ 125.369615, 2.326037000000165, 0.0 ], [ 125.369901000000155, 2.326195, 0.0 ], [ 125.370217, 2.326310000000193, 0.0 ], [ 125.37036, 2.326440000000114, 0.0 ], [ 125.370462000000117, 2.326555, 0.0 ], [ 125.370705000000157, 2.326641, 0.0 ], [ 125.371674000000127, 2.326743000000137, 0.0 ], [ 125.371947, 2.326742, 0.0 ], [ 125.372276000000198, 2.326713000000142, 0.0 ], [ 125.372577000000234, 2.326582000000139, 0.0 ], [ 125.372849, 2.32651, 0.0 ], [ 125.373107, 2.326481000000131, 0.0 ], [ 125.373509, 2.326523, 0.0 ], [ 125.373824000000113, 2.326595000000149, 0.0 ], [ 125.374168000000154, 2.326724000000164, 0.0 ], [ 125.374455, 2.326767000000169, 0.0 ], [ 125.374685, 2.326766, 0.0 ], [ 125.374986, 2.326766, 0.0 ], [ 125.375287000000114, 2.326736, 0.0 ], [ 125.375602000000143, 2.326693, 0.0 ], [ 125.375817000000168, 2.326721, 0.0 ], [ 125.376075, 2.326778000000191, 0.0 ], [ 125.376602000000204, 2.327009000000119, 0.0 ], [ 125.376746000000125, 2.327138000000135, 0.0 ], [ 125.376947, 2.327311, 0.0 ], [ 125.377176000000176, 2.327426000000161, 0.0 ], [ 125.377377000000109, 2.327526, 0.0 ], [ 125.377607, 2.327598000000181, 0.0 ], [ 125.377793000000153, 2.327598000000181, 0.0 ], [ 125.377922000000169, 2.327425, 0.0 ], [ 125.378065000000191, 2.327295000000158, 0.0 ], [ 125.378194, 2.327165000000237, 0.0 ], [ 125.378294000000125, 2.326948, 0.0 ], [ 125.378394, 2.326847, 0.0 ], [ 125.378566, 2.326732000000115, 0.0 ] ] ], [ [ [ 125.307840223000056, 2.354652630000038, 0.0 ], [ 125.30746579100007, 2.354495162000065, 0.0 ], [ 125.307193682000019, 2.35450416100001, 0.0 ], [ 125.307074705000133, 2.354551360000096, 0.0 ], [ 125.306989841000032, 2.354658319000064, 0.0 ], [ 125.306947581, 2.354816480000094, 0.0 ], [ 125.306945711716253, 2.354894826310245, 0.0 ], [ 125.307041, 2.355048000000155, 0.0 ], [ 125.307116000000164, 2.355273000000119, 0.0 ], [ 125.307202000000174, 2.35544500000014, 0.0 ], [ 125.307277, 2.355499000000167, 0.0 ], [ 125.307416000000117, 2.355541, 0.0 ], [ 125.307619, 2.355541, 0.0 ], [ 125.307726, 2.355519, 0.0 ], [ 125.30794000000013, 2.355497000000179, 0.0 ], [ 125.308047000000101, 2.355379000000186, 0.0 ], [ 125.30811000000017, 2.355175000000182, 0.0 ], [ 125.308117361172279, 2.355114708494616, 0.0 ], [ 125.308117289000066, 2.355070896, 0.0 ], [ 125.308087224000062, 2.354887219, 0.0 ], [ 125.3080232330001, 2.354759144000058, 0.0 ], [ 125.307840223000056, 2.354652630000038, 0.0 ] ] ], [ [ [ 125.304988000000222, 2.357638, 0.0 ], [ 125.30511, 2.357637000000141, 0.0 ], [ 125.305232, 2.357637000000141, 0.0 ], [ 125.305354, 2.357573000000174, 0.0 ], [ 125.305418, 2.357482000000106, 0.0 ], [ 125.305423000000161, 2.357413, 0.0 ], [ 125.30542055629607, 2.357405121161078, 0.0 ], [ 125.305400401000057, 2.357391149000049, 0.0 ], [ 125.305346898999986, 2.357340242000012, 0.0 ], [ 125.3052666520001, 2.357267909000067, 0.0 ], [ 125.305170445000044, 2.35723586200008, 0.0 ], [ 125.305058334, 2.357276308000051, 0.0 ], [ 125.304884950000044, 2.357413479000032, 0.0 ], [ 125.304839646000119, 2.357475286000083, 0.0 ], [ 125.304815725, 2.357547793000043, 0.0 ], [ 125.304815898108998, 2.357550227940736, 0.0 ], [ 125.304818, 2.357553000000118, 0.0 ], [ 125.304888, 2.357611000000121, 0.0 ], [ 125.304988000000222, 2.357638, 0.0 ] ] ], [ [ [ 125.302975, 2.361153, 0.0 ], [ 125.303174, 2.361145000000137, 0.0 ], [ 125.30335, 2.361168, 0.0 ], [ 125.30358, 2.361144, 0.0 ], [ 125.303687000000224, 2.361028000000227, 0.0 ], [ 125.303879, 2.361013, 0.0 ], [ 125.30397252690581, 2.361023769764953, 0.0 ], [ 125.304132429000134, 2.360848532000032, 0.0 ], [ 125.304555064000013, 2.360509194000022, 0.0 ], [ 125.3045866933318, 2.360458593069199, 0.0 ], [ 125.304583000000193, 2.360449000000104, 0.0 ], [ 125.304544000000163, 2.36035700000013, 0.0 ], [ 125.304483, 2.360187, 0.0 ], [ 125.304369, 2.359915000000152, 0.0 ], [ 125.304476, 2.359806000000193, 0.0 ], [ 125.304606000000149, 2.359760000000117, 0.0 ], [ 125.304698000000116, 2.359691, 0.0 ], [ 125.304821000000175, 2.359521, 0.0 ], [ 125.304835000000182, 2.359397000000103, 0.0 ], [ 125.304682, 2.359043000000122, 0.0 ], [ 125.304474, 2.358913000000202, 0.0 ], [ 125.304459, 2.358766000000118, 0.0 ], [ 125.304497000000183, 2.358666000000193, 0.0 ], [ 125.304451000000114, 2.358520000000192, 0.0 ], [ 125.304328, 2.358389000000189, 0.0 ], [ 125.304251000000178, 2.358281000000135, 0.0 ], [ 125.304290000000108, 2.358112000000185, 0.0 ], [ 125.304366000000186, 2.357988000000228, 0.0 ], [ 125.304373, 2.357896, 0.0 ], [ 125.304266, 2.357563, 0.0 ], [ 125.304227, 2.35737, 0.0 ], [ 125.304265000000171, 2.357139000000148, 0.0 ], [ 125.304281, 2.356993000000147, 0.0 ], [ 125.304547, 2.356422000000153, 0.0 ], [ 125.30457, 2.356145000000149, 0.0 ], [ 125.304585000000188, 2.355913000000138, 0.0 ], [ 125.304615, 2.355613000000185, 0.0 ], [ 125.304592, 2.355474, 0.0 ], [ 125.304477000000134, 2.355328, 0.0 ], [ 125.304507000000214, 2.355143000000199, 0.0 ], [ 125.30466800000012, 2.355081, 0.0 ], [ 125.304821000000175, 2.354981000000118, 0.0 ], [ 125.305065000000113, 2.354603000000106, 0.0 ], [ 125.305203, 2.354356, 0.0 ], [ 125.305310000000219, 2.354202000000145, 0.0 ], [ 125.305478000000264, 2.354070000000236, 0.0 ], [ 125.305654, 2.353931000000104, 0.0 ], [ 125.306108, 2.353819, 0.0 ], [ 125.306253000000169, 2.353688, 0.0 ], [ 125.306421000000128, 2.353580000000195, 0.0 ], [ 125.30660500000026, 2.35340200000021, 0.0 ], [ 125.306781, 2.353264000000161, 0.0 ], [ 125.306934, 2.353071000000179, 0.0 ], [ 125.307049, 2.352939, 0.0 ], [ 125.307248, 2.352908000000193, 0.0 ], [ 125.307639, 2.353093, 0.0 ], [ 125.307984, 2.353154000000119, 0.0 ], [ 125.308336, 2.353122000000136, 0.0 ], [ 125.308451000000133, 2.353053000000111, 0.0 ], [ 125.308474000000174, 2.35283700000018, 0.0 ], [ 125.30845000000015, 2.352606, 0.0 ], [ 125.308519, 2.352405000000141, 0.0 ], [ 125.308619, 2.352228, 0.0 ], [ 125.308664, 2.352089000000108, 0.0 ], [ 125.308710000000161, 2.351935000000156, 0.0 ], [ 125.308718, 2.351727000000176, 0.0 ], [ 125.308778000000103, 2.351534000000195, 0.0 ], [ 125.308817000000133, 2.351365, 0.0 ], [ 125.308869, 2.351226000000112, 0.0 ], [ 125.30890000000025, 2.351064000000209, 0.0 ], [ 125.30893, 2.350979000000104, 0.0 ], [ 125.308924760641702, 2.350901108205045, 0.0 ], [ 125.308889382000089, 2.350808597000038, 0.0 ], [ 125.308702468000078, 2.350457817000057, 0.0 ], [ 125.308695577599465, 2.350442847036478, 0.0 ], [ 125.308376000000152, 2.350066, 0.0 ], [ 125.308137, 2.349839000000104, 0.0 ], [ 125.30784300000019, 2.349625000000161, 0.0 ], [ 125.30772291051926, 2.349562002239642, 0.0 ], [ 125.30765551500005, 2.349563807000072, 0.0 ], [ 125.307546729, 2.349509374, 0.0 ], [ 125.307433977000102, 2.349404234000103, 0.0 ], [ 125.307428433596414, 2.349397793841652, 0.0 ], [ 125.307269, 2.3493, 0.0 ], [ 125.307212732802299, 2.349251923596968, 0.0 ], [ 125.307204688000041, 2.349252476000069, 0.0 ], [ 125.307053365000144, 2.349299539000056, 0.0 ], [ 125.306964086000121, 2.349303589000035, 0.0 ], [ 125.306869110000079, 2.349272947999987, 0.0 ], [ 125.30665314500007, 2.349084380000017, 0.0 ], [ 125.306509220000052, 2.348990155000036, 0.0 ], [ 125.306265881000087, 2.348968333000096, 0.0 ], [ 125.306126969497967, 2.348900817193551, 0.0 ], [ 125.306072000000114, 2.348934000000186, 0.0 ], [ 125.305888000000166, 2.348897000000145, 0.0 ], [ 125.305612, 2.348564000000126, 0.0 ], [ 125.305563000000106, 2.348466000000188, 0.0 ], [ 125.305542282350729, 2.348433605130291, 0.0 ], [ 125.305435488000029, 2.34839181600009, 0.0 ], [ 125.305156163000106, 2.348357512000094, 0.0 ], [ 125.304973613000016, 2.348313361000082, 0.0 ], [ 125.304757730000091, 2.348174802000075, 0.0 ], [ 125.304706523708262, 2.348141723809844, 0.0 ], [ 125.304585000000188, 2.348142, 0.0 ], [ 125.304432, 2.348093, 0.0 ], [ 125.304405412958772, 2.348039390064455, 0.0 ], [ 125.304270915000046, 2.348047806000048, 0.0 ], [ 125.304110564000098, 2.348053628000086, 0.0 ], [ 125.303944711000142, 2.348076130000083, 0.0 ], [ 125.303784498000027, 2.348165303, 0.0 ], [ 125.303602140000038, 2.348237842000051, 0.0 ], [ 125.303480461, 2.348221374000021, 0.0 ], [ 125.303414599091553, 2.348175029351014, 0.0 ], [ 125.303285, 2.348224, 0.0 ], [ 125.302886000000214, 2.348071000000191, 0.0 ], [ 125.302757000000199, 2.347936, 0.0 ], [ 125.302146219379097, 2.34780918537963, 0.0 ], [ 125.301950916981909, 2.347798860197676, 0.0 ], [ 125.301671000000127, 2.347827, 0.0 ], [ 125.301471140701778, 2.347806606194142, 0.0 ], [ 125.301430074000095, 2.347808495000054, 0.0 ], [ 125.301159258000069, 2.34789229300006, 0.0 ], [ 125.300822332000081, 2.348126233000054, 0.0 ], [ 125.300628868000146, 2.348171007000117, 0.0 ], [ 125.300462969, 2.348165725000035, 0.0 ], [ 125.300236172000069, 2.348116091000103, 0.0 ], [ 125.299921065000021, 2.34816662300002, 0.0 ], [ 125.299352092000021, 2.348523192000036, 0.0 ], [ 125.299021152, 2.348732032000084, 0.0 ], [ 125.298519217000035, 2.349062306000056, 0.0 ], [ 125.297900902000038, 2.349551595000039, 0.0 ], [ 125.297243476000077, 2.350088200000117, 0.0 ], [ 125.296928080000015, 2.350391886000109, 0.0 ], [ 125.296712364414887, 2.350674267500869, 0.0 ], [ 125.296671000000146, 2.350952000000179, 0.0 ], [ 125.296591000000191, 2.351124000000199, 0.0 ], [ 125.296384000000202, 2.351211000000115, 0.0 ], [ 125.296226000000189, 2.351370000000125, 0.0 ], [ 125.295744, 2.351967000000139, 0.0 ], [ 125.295592, 2.352422000000127, 0.0 ], [ 125.295434000000114, 2.352735, 0.0 ], [ 125.295367, 2.353054, 0.0 ], [ 125.295313, 2.353368, 0.0 ], [ 125.295276000000101, 2.353644000000161, 0.0 ], [ 125.295057, 2.353850000000152, 0.0 ], [ 125.294989003592477, 2.353930588334913, 0.0 ], [ 125.294902917000044, 2.354078207000027, 0.0 ], [ 125.29470670108924, 2.354616458106912, 0.0 ], [ 125.29466700000016, 2.354857000000161, 0.0 ], [ 125.294583000000131, 2.355085000000196, 0.0 ], [ 125.294574922386175, 2.355102677004234, 0.0 ], [ 125.294426842, 2.355706942000053, 0.0 ], [ 125.294302521000105, 2.356360794000063, 0.0 ], [ 125.294256390000115, 2.356904264, 0.0 ], [ 125.294296309000032, 2.357353089000098, 0.0 ], [ 125.294383214000035, 2.3577782090001, 0.0 ], [ 125.294439207000138, 2.358131281000093, 0.0 ], [ 125.294400409000119, 2.358367603000017, 0.0 ], [ 125.294361585000019, 2.35858817500006, 0.0 ], [ 125.294409007000041, 2.358832229, 0.0 ], [ 125.294479927000125, 2.35906836900009, 0.0 ], [ 125.294621523000032, 2.359391020000052, 0.0 ], [ 125.294833806000014, 2.359808058000096, 0.0 ], [ 125.295046194690201, 2.360249985257019, 0.0 ], [ 125.295130000000185, 2.360316000000113, 0.0 ], [ 125.295268, 2.360570000000168, 0.0 ], [ 125.295292000000174, 2.360716000000169, 0.0 ], [ 125.295338, 2.360878, 0.0 ], [ 125.298440000000141, 2.36348600000021, 0.0 ], [ 125.299148000000187, 2.364459, 0.0 ], [ 125.299378000000118, 2.364536, 0.0 ], [ 125.299723, 2.364628, 0.0 ], [ 125.300252, 2.364696000000139, 0.0 ], [ 125.300704000000152, 2.364718000000183, 0.0 ], [ 125.300895, 2.364787000000208, 0.0 ], [ 125.300964000000164, 2.36494100000016, 0.0 ], [ 125.301064, 2.365080000000114, 0.0 ], [ 125.301233000000124, 2.365056, 0.0 ], [ 125.30140900000012, 2.364987, 0.0 ], [ 125.301593000000167, 2.364825000000154, 0.0 ], [ 125.301815000000147, 2.364778000000173, 0.0 ], [ 125.30208300000011, 2.364754000000142, 0.0 ], [ 125.302573000000152, 2.364615000000187, 0.0 ], [ 125.302733, 2.364368000000178, 0.0 ], [ 125.302733, 2.364006, 0.0 ], [ 125.302702000000167, 2.363798, 0.0 ], [ 125.302710000000118, 2.362525, 0.0 ], [ 125.302709, 2.362371000000147, 0.0 ], [ 125.302762, 2.362078, 0.0 ], [ 125.302792000000153, 2.36192400000011, 0.0 ], [ 125.302800000000204, 2.361446000000173, 0.0 ], [ 125.302837000000153, 2.361238000000194, 0.0 ], [ 125.302975, 2.361153, 0.0 ] ] ], [ [ [ 125.403526, 2.366945, 0.0 ], [ 125.40458700000012, 2.366756, 0.0 ], [ 125.405648000000156, 2.366781000000168, 0.0 ], [ 125.406285, 2.366940000000179, 0.0 ], [ 125.406397803226156, 2.367060234968205, 0.0 ], [ 125.406481967000147, 2.367079858000027, 0.0 ], [ 125.406612254, 2.367224109000061, 0.0 ], [ 125.40662798571833, 2.367305582424512, 0.0 ], [ 125.40671, 2.367393000000179, 0.0 ], [ 125.407453000000103, 2.367525, 0.0 ], [ 125.408091, 2.367924, 0.0 ], [ 125.408622, 2.368216, 0.0 ], [ 125.409259, 2.368482000000222, 0.0 ], [ 125.409844, 2.368988000000167, 0.0 ], [ 125.410296, 2.369494000000111, 0.0 ], [ 125.410485915910968, 2.369557077995649, 0.0 ], [ 125.410963849000069, 2.36963949200007, 0.0 ], [ 125.411253580299743, 2.369696073914602, 0.0 ], [ 125.411463000000168, 2.369705000000161, 0.0 ], [ 125.412153000000231, 2.369650000000229, 0.0 ], [ 125.412709000000135, 2.369223, 0.0 ], [ 125.412952515128651, 2.369065798680376, 0.0 ], [ 125.413016524000099, 2.368883615000057, 0.0 ], [ 125.4133215290001, 2.368015503000082, 0.0 ], [ 125.413626534000031, 2.367147392000019, 0.0 ], [ 125.414028792000096, 2.366315035000072, 0.0 ], [ 125.414431049000072, 2.365482679000037, 0.0 ], [ 125.414888371000075, 2.364652540000096, 0.0 ], [ 125.415345692000074, 2.363822402000066, 0.0 ], [ 125.415803014000076, 2.362992264000036, 0.0 ], [ 125.416260335000075, 2.362162126, 0.0 ], [ 125.417020156000063, 2.361053752000048, 0.0 ], [ 125.41780782000005, 2.360349458000039, 0.0 ], [ 125.418595484000107, 2.35964516400003, 0.0 ], [ 125.41938314700009, 2.358940870000021, 0.0 ], [ 125.420220494000091, 2.358374695000071, 0.0 ], [ 125.421057840000103, 2.357808520000033, 0.0 ], [ 125.421895186000015, 2.357242345, 0.0 ], [ 125.422732530000104, 2.356676170000044, 0.0 ], [ 125.423699517, 2.355953760000046, 0.0 ], [ 125.424666503999987, 2.355231350000048, 0.0 ], [ 125.425464144000088, 2.354436720000026, 0.0 ], [ 125.42626178400009, 2.353642089000092, 0.0 ], [ 125.427059422000099, 2.35284745999998, 0.0 ], [ 125.427822985000034, 2.352009315, 0.0 ], [ 125.428586546000062, 2.351171171000017, 0.0 ], [ 125.42935010700009, 2.350333027000035, 0.0 ], [ 125.430113721000126, 2.349812737000063, 0.0 ], [ 125.430877334000158, 2.349292448, 0.0 ], [ 125.431640946, 2.348772158000029, 0.0 ], [ 125.432404557000041, 2.348251869000057, 0.0 ], [ 125.433168168000066, 2.347731580000085, 0.0 ], [ 125.433931778000101, 2.347211292000024, 0.0 ], [ 125.434695387000048, 2.346691003000052, 0.0 ], [ 125.435458995000076, 2.346170714000079, 0.0 ], [ 125.436222602000015, 2.345650426000018, 0.0 ], [ 125.436986209000139, 2.345130138000046, 0.0 ], [ 125.438480027000111, 2.34414153900005, 0.0 ], [ 125.437588318000039, 2.343884378, 0.0 ], [ 125.436696608000076, 2.343627216000039, 0.0 ], [ 125.435804898000015, 2.343370053000077, 0.0 ], [ 125.434913188000124, 2.343112890000027, 0.0 ], [ 125.434021477000059, 2.342855725000065, 0.0 ], [ 125.433129767000096, 2.342598559000104, 0.0 ], [ 125.432238056000116, 2.342341392000053, 0.0 ], [ 125.431346345000051, 2.342084225000091, 0.0 ], [ 125.430454633000082, 2.34182705600004, 0.0 ], [ 125.429562922000017, 2.341569887000079, 0.0 ], [ 125.428671210000047, 2.341312717000028, 0.0 ], [ 125.427779498000078, 2.341055546000065, 0.0 ], [ 125.426887786000108, 2.340798374000014, 0.0 ], [ 125.425996074000039, 2.340541201000052, 0.0 ], [ 125.425104361000066, 2.34028402700009, 0.0 ], [ 125.424241665000096, 2.339862771000051, 0.0 ], [ 125.423378968000037, 2.339441515000013, 0.0 ], [ 125.422516272000067, 2.339020258000064, 0.0 ], [ 125.421653576000011, 2.338598999000025, 0.0 ], [ 125.420790879000037, 2.338177740000075, 0.0 ], [ 125.419928183000067, 2.337756479000037, 0.0 ], [ 125.419065487000012, 2.337335217, 0.0 ], [ 125.41820279200013, 2.336913954000048, 0.0 ], [ 125.417340096000075, 2.336492690000098, 0.0 ], [ 125.416511461999988, 2.335987548000046, 0.0 ], [ 125.415682828000087, 2.335482405000084, 0.0 ], [ 125.414854194000085, 2.334977261000033, 0.0 ], [ 125.414025561, 2.33447211600007, 0.0 ], [ 125.413253307000147, 2.333985693000058, 0.0 ], [ 125.412481054000111, 2.333499269000045, 0.0 ], [ 125.411708801999978, 2.333012844000033, 0.0 ], [ 125.410936549000127, 2.33252641800002, 0.0 ], [ 125.410164297000094, 2.332039991, 0.0 ], [ 125.409392045000146, 2.331553563000083, 0.0 ], [ 125.408619793000099, 2.331067133999982, 0.0 ], [ 125.407847541999985, 2.330580704000058, 0.0 ], [ 125.40693952400008, 2.330003969000034, 0.0 ], [ 125.406031508000083, 2.329427232000098, 0.0 ], [ 125.405123491000012, 2.328850495000074, 0.0 ], [ 125.404215475000115, 2.328273755000049, 0.0 ], [ 125.403307459000118, 2.327697015000114, 0.0 ], [ 125.403281040999971, 2.327539244000027, 0.0 ], [ 125.403264026000073, 2.327479761000079, 0.0 ], [ 125.403200418000054, 2.327386647000013, 0.0 ], [ 125.403058754000057, 2.327313293000072, 0.0 ], [ 125.402804401999973, 2.327238820000039, 0.0 ], [ 125.402731174000138, 2.327229133000037, 0.0 ], [ 125.402638409, 2.327209666000025, 0.0 ], [ 125.402555369000069, 2.327170556000075, 0.0 ], [ 125.40248206000004, 2.32711180400001, 0.0 ], [ 125.402433120000069, 2.327033385000094, 0.0 ], [ 125.402428039000014, 2.326915638000033, 0.0 ], [ 125.402432722000043, 2.326797874000059, 0.0 ], [ 125.402432539000117, 2.32668993100001, 0.0 ], [ 125.402446971999979, 2.326567245000073, 0.0 ], [ 125.402446856000054, 2.326498554000073, 0.0 ], [ 125.402417397000022, 2.326395569000079, 0.0 ], [ 125.402373306000101, 2.326297515000048, 0.0 ], [ 125.402001031000026, 2.325663770000103, 0.0 ], [ 125.40184432300012, 2.32535493000004, 0.0 ], [ 125.401805111000073, 2.325256867000098, 0.0 ], [ 125.401760979000059, 2.325134281, 0.0 ], [ 125.401726589000063, 2.325001864000049, 0.0 ], [ 125.401687369000101, 2.324898896000056, 0.0 ], [ 125.401643253000088, 2.324786122000051, 0.0 ], [ 125.401584502000119, 2.324678279000098, 0.0 ], [ 125.401408446000119, 2.324472509000037, 0.0 ], [ 125.401255955000025, 2.32424521600006, 0.0 ], [ 125.401216768000069, 2.324161874, 0.0 ], [ 125.401182422000062, 2.324053989000047, 0.0 ], [ 125.401162717000034, 2.32394608, 0.0 ], [ 125.401128385000121, 2.323848009000058, 0.0 ], [ 125.401074500000021, 2.323730345000092, 0.0 ], [ 125.401030398000103, 2.323627385000099, 0.0 ], [ 125.40094731700006, 2.323563742000074, 0.0 ], [ 125.400322649000074, 2.323353216000063, 0.0 ], [ 125.400041547000086, 2.323662433000068, 0.0 ], [ 125.399554042000062, 2.324082081000062, 0.0 ], [ 125.399263849203336, 2.324207646061966, 0.0 ], [ 125.398479801083312, 2.324696154979373, 0.0 ], [ 125.398269389, 2.324897971000068, 0.0 ], [ 125.39736511600006, 2.325318331000032, 0.0 ], [ 125.396707828000118, 2.325623100000024, 0.0 ], [ 125.396241920516061, 2.325798587963652, 0.0 ], [ 125.39586700000018, 2.326071000000136, 0.0 ], [ 125.395046000000107, 2.326659000000115, 0.0 ], [ 125.394463000000187, 2.327354, 0.0 ], [ 125.393669, 2.328129, 0.0 ], [ 125.393138, 2.328664, 0.0 ], [ 125.392661000000118, 2.328878000000218, 0.0 ], [ 125.391839, 2.329146000000188, 0.0 ], [ 125.391165, 2.329473, 0.0 ], [ 125.390397, 2.329955000000156, 0.0 ], [ 125.389655, 2.330543000000135, 0.0 ], [ 125.388701000000125, 2.331478, 0.0 ], [ 125.388251, 2.331746000000196, 0.0 ], [ 125.387900866089439, 2.331821297615273, 0.0 ], [ 125.387039655000066, 2.332111410000055, 0.0 ], [ 125.386568432084886, 2.332457026880236, 0.0 ], [ 125.38594600000026, 2.33388400000017, 0.0 ], [ 125.38573500000021, 2.334551000000113, 0.0 ], [ 125.385047000000213, 2.335726000000166, 0.0 ], [ 125.383962, 2.336982000000171, 0.0 ], [ 125.383715000000137, 2.337219, 0.0 ], [ 125.383382182927306, 2.33756814688258, 0.0 ], [ 125.383323065000042, 2.337643875000046, 0.0 ], [ 125.382625208000022, 2.338306717, 0.0 ], [ 125.382474351537951, 2.338436223061519, 0.0 ], [ 125.381808, 2.339082000000198, 0.0 ], [ 125.381438, 2.339776, 0.0 ], [ 125.381121, 2.340523, 0.0 ], [ 125.38090900000023, 2.341191, 0.0 ], [ 125.380615582882157, 2.341580141851624, 0.0 ], [ 125.380658724000128, 2.341618717000033, 0.0 ], [ 125.379634255, 2.342987609000053, 0.0 ], [ 125.379055789000105, 2.343573330000021, 0.0 ], [ 125.378660906270824, 2.343760891394792, 0.0 ], [ 125.378367000000125, 2.344103000000148, 0.0 ], [ 125.377997, 2.3446370000001, 0.0 ], [ 125.377653, 2.345358, 0.0 ], [ 125.377256000000131, 2.345759, 0.0 ], [ 125.376699000000144, 2.346133, 0.0 ], [ 125.376167523810594, 2.346466556671151, 0.0 ], [ 125.375810532000088, 2.346925373, 0.0 ], [ 125.374884359, 2.348058786000069, 0.0 ], [ 125.374425205000122, 2.348914207000059, 0.0 ], [ 125.374186823000031, 2.349540210000074, 0.0 ], [ 125.373900956000085, 2.350406905000019, 0.0 ], [ 125.373725633000063, 2.350941513000111, 0.0 ], [ 125.373487111000046, 2.351487311000062, 0.0 ], [ 125.373475594894373, 2.351506562097933, 0.0 ], [ 125.373499, 2.351847000000157, 0.0 ], [ 125.37331500000019, 2.35238100000011, 0.0 ], [ 125.372705, 2.353263, 0.0 ], [ 125.372564, 2.353682000000108, 0.0 ], [ 125.372353, 2.354136, 0.0 ], [ 125.37222, 2.354190000000218, 0.0 ], [ 125.372034000000255, 2.354083, 0.0 ], [ 125.371981, 2.353817, 0.0 ], [ 125.371927, 2.35355, 0.0 ], [ 125.37182100000021, 2.353497, 0.0 ], [ 125.371689, 2.353577000000124, 0.0 ], [ 125.371663, 2.35397700000018, 0.0 ], [ 125.371504000000186, 2.354298, 0.0 ], [ 125.371133000000128, 2.354645000000206, 0.0 ], [ 125.370816000000104, 2.355019, 0.0 ], [ 125.370684000000196, 2.35542, 0.0 ], [ 125.370260000000101, 2.355660000000166, 0.0 ], [ 125.370011654386786, 2.355864970181083, 0.0 ], [ 125.369862476083298, 2.35633821637869, 0.0 ], [ 125.369837000000103, 2.356835, 0.0 ], [ 125.369997, 2.357688, 0.0 ], [ 125.369946, 2.358435, 0.0 ], [ 125.369841, 2.359129000000133, 0.0 ], [ 125.36931920991276, 2.360345364042066, 0.0 ], [ 125.369362377, 2.360336618000042, 0.0 ], [ 125.369410255000048, 2.360472196000069, 0.0 ], [ 125.36941098500003, 2.360903123000108, 0.0 ], [ 125.369213835000053, 2.361717434000072, 0.0 ], [ 125.369138132000103, 2.362300757000108, 0.0 ], [ 125.369228960000058, 2.362683213000045, 0.0 ], [ 125.369540098000044, 2.362994809000069, 0.0 ], [ 125.370031394000108, 2.363185272000107, 0.0 ], [ 125.370553105000113, 2.36358712300005, 0.0 ], [ 125.370755321000061, 2.363934226, 0.0 ], [ 125.370856460999988, 2.364487831000057, 0.0 ], [ 125.370927488, 2.365011282000113, 0.0 ], [ 125.371099643000122, 2.365499356000084, 0.0 ], [ 125.371224519000066, 2.366132491999979, 0.0 ], [ 125.371326486000058, 2.366528163000032, 0.0 ], [ 125.371362415198703, 2.366615830397196, 0.0 ], [ 125.371552, 2.366995000000111, 0.0 ], [ 125.371785832335078, 2.367530651163891, 0.0 ], [ 125.372049299000096, 2.367997194000077, 0.0 ], [ 125.372296886000058, 2.368818259000067, 0.0 ], [ 125.372530144000095, 2.36981756400006, 0.0 ], [ 125.372630505000046, 2.370208093000043, 0.0 ], [ 125.372671152000038, 2.370658833000034, 0.0 ], [ 125.372674165676102, 2.370679775136059, 0.0 ], [ 125.372759000000102, 2.370906, 0.0 ], [ 125.372971000000149, 2.371146000000197, 0.0 ], [ 125.373609, 2.371384000000171, 0.0 ], [ 125.374458, 2.371516, 0.0 ], [ 125.374724, 2.371623, 0.0 ], [ 125.375095000000115, 2.371969, 0.0 ], [ 125.375388, 2.372422, 0.0 ], [ 125.375628, 2.372661000000138, 0.0 ], [ 125.376052, 2.372821, 0.0 ], [ 125.3762380000001, 2.373087, 0.0 ], [ 125.376186000000146, 2.3733540000001, 0.0 ], [ 125.376174552990051, 2.373589103976121, 0.0 ], [ 125.376187463000093, 2.373599877000105, 0.0 ], [ 125.376259747000034, 2.373866414000043, 0.0 ], [ 125.37628256698008, 2.374499825071103, 0.0 ], [ 125.376507, 2.375247, 0.0 ], [ 125.376853, 2.375727000000156, 0.0 ], [ 125.377464, 2.376099000000204, 0.0 ], [ 125.37810000000016, 2.376125, 0.0 ], [ 125.378658, 2.376177, 0.0 ], [ 125.378923000000128, 2.37631, 0.0 ], [ 125.379296, 2.376843000000123, 0.0 ], [ 125.379987, 2.378042, 0.0 ], [ 125.380520000000189, 2.378975000000134, 0.0 ], [ 125.380892, 2.379268000000218, 0.0 ], [ 125.381237000000183, 2.379347000000182, 0.0 ], [ 125.382006000000132, 2.379426000000146, 0.0 ], [ 125.382802, 2.37953100000013, 0.0 ], [ 125.383068, 2.379771, 0.0 ], [ 125.383149, 2.380304000000139, 0.0 ], [ 125.383388, 2.380544000000102, 0.0 ], [ 125.383786000000242, 2.380676000000188, 0.0 ], [ 125.384025, 2.380863000000206, 0.0 ], [ 125.38442400000018, 2.381476000000122, 0.0 ], [ 125.384823000000239, 2.38184800000017, 0.0 ], [ 125.385779000000113, 2.382273000000163, 0.0 ], [ 125.386655, 2.382592, 0.0 ], [ 125.387583, 2.382724000000175, 0.0 ], [ 125.388698000000232, 2.382908000000123, 0.0 ], [ 125.389415000000128, 2.383067000000134, 0.0 ], [ 125.389880008303635, 2.383290400073685, 0.0 ], [ 125.389894153000071, 2.383292289000034, 0.0 ], [ 125.390494904000136, 2.383479856000099, 0.0 ], [ 125.390868081599976, 2.383702026449425, 0.0 ], [ 125.391341, 2.383766000000238, 0.0 ], [ 125.392136, 2.383658000000183, 0.0 ], [ 125.392667, 2.383444, 0.0 ], [ 125.393117000000103, 2.382803000000139, 0.0 ], [ 125.39354, 2.382322000000132, 0.0 ], [ 125.394097000000102, 2.382001, 0.0 ], [ 125.394972, 2.381839000000136, 0.0 ], [ 125.395502000000178, 2.381625, 0.0 ], [ 125.3959, 2.381224000000232, 0.0 ], [ 125.39619, 2.380396000000113, 0.0 ], [ 125.39656, 2.379329000000114, 0.0 ], [ 125.397062000000105, 2.378314000000154, 0.0 ], [ 125.397458, 2.37698, 0.0 ], [ 125.39785400000018, 2.376019000000158, 0.0 ], [ 125.398569, 2.374737000000133, 0.0 ], [ 125.398599535420075, 2.374667030614647, 0.0 ], [ 125.398624339000065, 2.374364826999981, 0.0 ], [ 125.399056902000055, 2.373309281000042, 0.0 ], [ 125.399175878481699, 2.372779063334802, 0.0 ], [ 125.399227, 2.372388000000109, 0.0 ], [ 125.399501000000114, 2.371007, 0.0 ], [ 125.39971, 2.369779, 0.0 ], [ 125.400186000000218, 2.368605, 0.0 ], [ 125.400716000000102, 2.36783, 0.0 ], [ 125.401218, 2.367429000000138, 0.0 ], [ 125.401494036922287, 2.367349211949039, 0.0 ], [ 125.401648536000081, 2.367287499000065, 0.0 ], [ 125.401725960483802, 2.367282174797475, 0.0 ], [ 125.401775000000157, 2.36726800000014, 0.0 ], [ 125.402624, 2.36716, 0.0 ], [ 125.403526, 2.366945, 0.0 ] ] ] ] } },
{ "type": "Feature", "properties": { "KDPPUM": null, "NAMOBJ": "Siau Barat Selatan", "REMARK": "Wilayah Administrasi Kecamatan", "KDPBPS": null, "FCODE": null, "LUASWH": 0.0, "UUPP": null, "SRS_ID": null, "LCODE": "BA0080", "METADATA": null, "KDEBPS": null, "KDEPUM": null, "KDCBPS": null, "KDCPUM": null, "KDBBPS": null, "KDBPUM": null, "WADMKD": null, "WIADKD": null, "WADMKC": null, "WIADKC": null, "WADMKK": "Kepulauan Siau Tagulandang Biaro", "WIADKK": null, "WADMPR": "Sulawesi Utara", "WIADPR": null, "TIPADM": 0, "SHAPE_Leng": 0.22631573853, "SHAPE_Area": 0.001192029 }, "geometry": { "type": "MultiPolygon", "coordinates": [ [ [ [ 125.369862, 2.686208000000152, 0.0 ], [ 125.369826, 2.686199000000117, 0.0 ], [ 125.369792577271227, 2.68620092823449, 0.0 ], [ 125.369798313, 2.686226615000093, 0.0 ], [ 125.369816008000058, 2.686297126000065, 0.0 ], [ 125.369816181000061, 2.686386778000022, 0.0 ], [ 125.369816973258409, 2.686440112395767, 0.0 ], [ 125.369843, 2.686435000000104, 0.0 ], [ 125.36987700000013, 2.686396, 0.0 ], [ 125.369909, 2.686349, 0.0 ], [ 125.369915000000248, 2.686285000000128, 0.0 ], [ 125.369895000000199, 2.686238000000147, 0.0 ], [ 125.369862, 2.686208000000152, 0.0 ] ] ], [ [ [ 125.384236270000102, 2.68137694600002, 0.0 ], [ 125.38597777400004, 2.674824339000088, 0.0 ], [ 125.387002190000075, 2.67185519, 0.0 ], [ 125.390177874000102, 2.667145501000052, 0.0 ], [ 125.393763325000023, 2.663357275000051, 0.0 ], [ 125.397483780000016, 2.65992151400008, 0.0 ], [ 125.404142476000018, 2.654392752000041, 0.0 ], [ 125.408547457000068, 2.64988783300007, 0.0 ], [ 125.41285, 2.647021066000017, 0.0 ], [ 125.415206153000071, 2.644563838000098, 0.0 ], [ 125.416333008000052, 2.644256686000086, 0.0 ], [ 125.417664744000021, 2.64435907100003, 0.0 ], [ 125.420225783000092, 2.64384714900004, 0.0 ], [ 125.422274612000052, 2.642413765000102, 0.0 ], [ 125.424409291000117, 2.640242884000072, 0.0 ], [ 125.424377316000133, 2.640173649000117, 0.0 ], [ 125.424125749000012, 2.639841920000025, 0.0 ], [ 125.423914706286126, 2.639702795977056, 0.0 ], [ 125.423695000000166, 2.639661000000155, 0.0 ], [ 125.423283000000183, 2.639490000000217, 0.0 ], [ 125.423150008042825, 2.639469849703675, 0.0 ], [ 125.423077096000014, 2.639482624000051, 0.0 ], [ 125.422988574000073, 2.639540404000035, 0.0 ], [ 125.422920919000063, 2.639603381, 0.0 ], [ 125.422832387000113, 2.63965592400009, 0.0 ], [ 125.422769832000085, 2.639661284000089, 0.0 ], [ 125.422670731000053, 2.63964053000006, 0.0 ], [ 125.42259243500007, 2.63959355, 0.0 ], [ 125.422498324000088, 2.63945757300011, 0.0 ], [ 125.422451147000103, 2.639326742000032, 0.0 ], [ 125.422503053000042, 2.639206189000094, 0.0 ], [ 125.422548421070402, 2.639141362720194, 0.0 ], [ 125.422482000000159, 2.639067000000212, 0.0 ], [ 125.422631, 2.638768000000164, 0.0 ], [ 125.42271, 2.638653, 0.0 ], [ 125.422836000000231, 2.638515, 0.0 ], [ 125.422749105751549, 2.638380481019171, 0.0 ], [ 125.422662962000132, 2.638320826000024, 0.0 ], [ 125.422516846000022, 2.63825303100001, 0.0 ], [ 125.422365498000119, 2.638174773000019, 0.0 ], [ 125.422325025000049, 2.638045315000054, 0.0 ], [ 125.422324735000117, 2.637895434, 0.0 ], [ 125.422365926000154, 2.637762126000071, 0.0 ], [ 125.422407742650208, 2.63770218825144, 0.0 ], [ 125.422308000000157, 2.637528, 0.0 ], [ 125.422091, 2.637448000000193, 0.0 ], [ 125.42169, 2.637196000000126, 0.0 ], [ 125.421610000000129, 2.637070000000181, 0.0 ], [ 125.421587, 2.636956000000163, 0.0 ], [ 125.4215750949095, 2.636925752764247, 0.0 ], [ 125.421572009000101, 2.636921431000056, 0.0 ], [ 125.421428776000056, 2.636665141999989, 0.0 ], [ 125.421255650000035, 2.636491919000045, 0.0 ], [ 125.421136672911942, 2.636453416486246, 0.0 ], [ 125.421026000000126, 2.636475000000155, 0.0 ], [ 125.420604, 2.636659000000103, 0.0 ], [ 125.419782, 2.636753, 0.0 ], [ 125.419587, 2.63662700000012, 0.0 ], [ 125.419164000000166, 2.636364000000208, 0.0 ], [ 125.418341, 2.636263, 0.0 ], [ 125.418101, 2.636218, 0.0 ], [ 125.417941000000141, 2.636195, 0.0 ], [ 125.417484000000158, 2.636024000000143, 0.0 ], [ 125.417358, 2.635898000000198, 0.0 ], [ 125.417015, 2.635658000000236, 0.0 ], [ 125.416854, 2.635578000000189, 0.0 ], [ 125.416648, 2.635486000000215, 0.0 ], [ 125.416454, 2.635314000000195, 0.0 ], [ 125.416258743302464, 2.635356290621333, 0.0 ], [ 125.41626528200004, 2.635380730000032, 0.0 ], [ 125.416273056999984, 2.635516546000078, 0.0 ], [ 125.416205692000091, 2.635644962000045, 0.0 ], [ 125.416130594, 2.635660202000063, 0.0 ], [ 125.415811707818634, 2.635643666189742, 0.0 ], [ 125.415804, 2.635649000000202, 0.0 ], [ 125.415719323121138, 2.635638875590713, 0.0 ], [ 125.415709843000101, 2.635638384000034, 0.0 ], [ 125.415394286, 2.635623907, 0.0 ], [ 125.415065410476757, 2.635609867655015, 0.0 ], [ 125.414981, 2.635640000000167, 0.0 ], [ 125.414649, 2.635721000000119, 0.0 ], [ 125.41447800000013, 2.635687000000148, 0.0 ], [ 125.414249, 2.635699, 0.0 ], [ 125.414090000000186, 2.63571100000018, 0.0 ], [ 125.413725, 2.635827000000186, 0.0 ], [ 125.413568874920031, 2.635466385005342, 0.0 ], [ 125.413515882000112, 2.635499284000071, 0.0 ], [ 125.413516086000044, 2.635604930000019, 0.0 ], [ 125.413523728000044, 2.635672832000042, 0.0 ], [ 125.413584105000069, 2.635816092, 0.0 ], [ 125.413554244, 2.635914250000033, 0.0 ], [ 125.413434072000086, 2.635929577000057, 0.0 ], [ 125.413268647000081, 2.635854438000058, 0.0 ], [ 125.413133056000149, 2.635666047000013, 0.0 ], [ 125.413004790000102, 2.635379540000022, 0.0 ], [ 125.412838960000059, 2.635093108000037, 0.0 ], [ 125.412733434000117, 2.634912205000079, 0.0 ], [ 125.412667721135634, 2.63482181477997, 0.0 ], [ 125.412511, 2.634773000000196, 0.0 ], [ 125.412443000000152, 2.63475, 0.0 ], [ 125.412305000000202, 2.634613000000103, 0.0 ], [ 125.41224800000019, 2.634509000000202, 0.0 ], [ 125.412055574254452, 2.63430972414705, 0.0 ], [ 125.411688353000073, 2.634182420000093, 0.0 ], [ 125.411532563000051, 2.634144358000052, 0.0 ], [ 125.411415019000103, 2.634132782000071, 0.0 ], [ 125.411274010000071, 2.634141910000027, 0.0 ], [ 125.411091937, 2.634186532000077, 0.0 ], [ 125.410986214000147, 2.634210347, 0.0 ], [ 125.410889208000114, 2.634183975000044, 0.0 ], [ 125.410718584000037, 2.634072163000029, 0.0 ], [ 125.410651904125615, 2.634030706493091, 0.0 ], [ 125.410521000000116, 2.634031, 0.0 ], [ 125.410326942132826, 2.633886827064897, 0.0 ], [ 125.410097267000054, 2.633815078000074, 0.0 ], [ 125.40994446800002, 2.633803570000099, 0.0 ], [ 125.409788723, 2.633789118000058, 0.0 ], [ 125.409712198000079, 2.633718439000072, 0.0 ], [ 125.409670833000021, 2.633597520000015, 0.0 ], [ 125.409670629000104, 2.633491279000017, 0.0 ], [ 125.409679835261983, 2.633408958891687, 0.0 ], [ 125.409606, 2.633344, 0.0 ], [ 125.409463027344771, 2.633156993941361, 0.0 ], [ 125.409457477000046, 2.633154843000069, 0.0 ], [ 125.409375099000073, 2.633095979000084, 0.0 ], [ 125.409248740000095, 2.633084420000015, 0.0 ], [ 125.409075419000061, 2.633096562000043, 0.0 ], [ 125.408869834000015, 2.633138278000031, 0.0 ], [ 125.408772936000076, 2.63316797800009, 0.0 ], [ 125.408655500000037, 2.633212474000041, 0.0 ], [ 125.408488105000046, 2.633251164000045, 0.0 ], [ 125.408352932000057, 2.633239622000067, 0.0 ], [ 125.408241163000042, 2.633174914000042, 0.0 ], [ 125.408070632000047, 2.633110319000027, 0.0 ], [ 125.407926532000033, 2.633039771000051, 0.0 ], [ 125.407817717000086, 2.632983910000048, 0.0 ], [ 125.407679567000031, 2.632951715000049, 0.0 ], [ 125.407556168000028, 2.632951955000069, 0.0 ], [ 125.407273156000059, 2.632990028000021, 0.0 ], [ 125.407038064000062, 2.633036623000057, 0.0 ], [ 125.406878299999988, 2.633081227000018, 0.0 ], [ 125.406727776000054, 2.633153496000046, 0.0 ], [ 125.406562511000061, 2.63320364700011, 0.0 ], [ 125.406054529000045, 2.633366266000065, 0.0 ], [ 125.40584705000002, 2.633440491000078, 0.0 ], [ 125.405654209000133, 2.633483314000069, 0.0 ], [ 125.405459555000107, 2.633537213000087, 0.0 ], [ 125.405318146000042, 2.633572553, 0.0 ], [ 125.404922455, 2.63365722700007, 0.0 ], [ 125.404770072, 2.633718427000071, 0.0 ], [ 125.404654403000094, 2.633762945000024, 0.0 ], [ 125.404500184000128, 2.633824147000025, 0.0 ], [ 125.404473920848829, 2.633827242497039, 0.0 ], [ 125.404077, 2.634116000000192, 0.0 ], [ 125.403667, 2.634531, 0.0 ], [ 125.403393000000179, 2.634784000000218, 0.0 ], [ 125.403274739579345, 2.634832838357754, 0.0 ], [ 125.403178811000132, 2.634941662000118, 0.0 ], [ 125.403013628000053, 2.635138335000049, 0.0 ], [ 125.402909079000111, 2.635232661000037, 0.0 ], [ 125.402793457000044, 2.635301171000021, 0.0 ], [ 125.402691364000034, 2.635342580000072, 0.0 ], [ 125.402621554000035, 2.635348253000098, 0.0 ], [ 125.402514995, 2.635352151000065, 0.0 ], [ 125.402434174000078, 2.635363381000017, 0.0 ], [ 125.402303785000029, 2.635396854000033, 0.0 ], [ 125.40217708800003, 2.635439548000013, 0.0 ], [ 125.402050446000118, 2.635509925000063, 0.0 ], [ 125.401881566, 2.635591457000059, 0.0 ], [ 125.401740142000108, 2.635619415000063, 0.0 ], [ 125.40168584886905, 2.635635844000534, 0.0 ], [ 125.401407, 2.635857000000181, 0.0 ], [ 125.401008000000203, 2.636146000000112, 0.0 ], [ 125.400616734251159, 2.636402593831361, 0.0 ], [ 125.400615430000045, 2.636408507000072, 0.0 ], [ 125.400593194000066, 2.636498590000064, 0.0 ], [ 125.400574669000136, 2.636577412000102, 0.0 ], [ 125.400507569000098, 2.636645073000105, 0.0 ], [ 125.400350762, 2.636679143000082, 0.0 ], [ 125.400149109000012, 2.636698292000068, 0.0 ], [ 125.400080504826462, 2.636714753394182, 0.0 ], [ 125.400027000000122, 2.636745000000113, 0.0 ], [ 125.399655246854337, 2.636837938286602, 0.0 ], [ 125.399592907000084, 2.636864446000049, 0.0 ], [ 125.399488427000051, 2.636917172000059, 0.0 ], [ 125.399432480000044, 2.636958549000019, 0.0 ], [ 125.399354152000143, 2.637014977000069, 0.0 ], [ 125.399227386000035, 2.637131525000031, 0.0 ], [ 125.399167818, 2.637232936999984, 0.0 ], [ 125.399078509000063, 2.637405689000067, 0.0 ], [ 125.398992812000088, 2.637514655000112, 0.0 ], [ 125.398925813000133, 2.63763484000002, 0.0 ], [ 125.398858754000088, 2.63772501000002, 0.0 ], [ 125.398791603000049, 2.63776641000007, 0.0 ], [ 125.398716917000087, 2.637774057000081, 0.0 ], [ 125.398668354000066, 2.637770400000045, 0.0 ], [ 125.398653262000053, 2.637691644000013, 0.0 ], [ 125.398649412000097, 2.63763162300002, 0.0 ], [ 125.398649319, 2.637582851000071, 0.0 ], [ 125.398611704, 2.637444111000049, 0.0 ], [ 125.398555627000064, 2.637417957000016, 0.0 ], [ 125.39846599400002, 2.637421883000075, 0.0 ], [ 125.398372683000019, 2.637455830000041, 0.0 ], [ 125.398324221000095, 2.637504696000088, 0.0 ], [ 125.398283301000092, 2.63759106400004, 0.0 ], [ 125.398212522000094, 2.637688746000039, 0.0 ], [ 125.398138031000059, 2.637797690000083, 0.0 ], [ 125.398074686000058, 2.637876599000039, 0.0 ], [ 125.397839863000073, 2.638065113, 0.0 ], [ 125.397531303000036, 2.638226183, 0.0 ], [ 125.397313109, 2.638301493000023, 0.0 ], [ 125.397164114767236, 2.638350839486742, 0.0 ], [ 125.397071000000238, 2.638499000000111, 0.0 ], [ 125.396979000000258, 2.638648000000183, 0.0 ], [ 125.396648000000141, 2.639017000000161, 0.0 ], [ 125.396626, 2.639063, 0.0 ], [ 125.396443, 2.639075000000163, 0.0 ], [ 125.396352000000249, 2.639201000000108, 0.0 ], [ 125.396192, 2.639316000000209, 0.0 ], [ 125.396055000000189, 2.63936300000019, 0.0 ], [ 125.395906000000124, 2.639352000000168, 0.0 ], [ 125.395404, 2.639376000000199, 0.0 ], [ 125.395324000000102, 2.639376000000199, 0.0 ], [ 125.395026, 2.63925, 0.0 ], [ 125.394547000000202, 2.639321, 0.0 ], [ 125.394444, 2.639321, 0.0 ], [ 125.393953, 2.639437, 0.0 ], [ 125.393907, 2.639437, 0.0 ], [ 125.393542, 2.639610000000198, 0.0 ], [ 125.393108000000254, 2.639921000000173, 0.0 ], [ 125.392937, 2.640037000000179, 0.0 ], [ 125.391658, 2.640545000000111, 0.0 ], [ 125.391411311477768, 2.640596555129521, 0.0 ], [ 125.391336704000068, 2.640716976000041, 0.0 ], [ 125.391107898000044, 2.641014511000057, 0.0 ], [ 125.390812557000132, 2.641239417000103, 0.0 ], [ 125.390643798000013, 2.641373131000064, 0.0 ], [ 125.390493690000127, 2.641584393000047, 0.0 ], [ 125.390385355000035, 2.641717388000037, 0.0 ], [ 125.390255774000067, 2.641850423000031, 0.0 ], [ 125.390027232000079, 2.642078496000073, 0.0 ], [ 125.389793191000066, 2.642267751000011, 0.0 ], [ 125.389721378102664, 2.642322385136337, 0.0 ], [ 125.3896960000002, 2.642377000000169, 0.0 ], [ 125.389537000000104, 2.642607000000192, 0.0 ], [ 125.389413884431519, 2.642682174252881, 0.0 ], [ 125.389357428000082, 2.642766536000069, 0.0 ], [ 125.389277245000017, 2.642807001000042, 0.0 ], [ 125.389199371999965, 2.642821378000077, 0.0 ], [ 125.389179562906051, 2.642825250760323, 0.0 ], [ 125.389103, 2.642872, 0.0 ], [ 125.388875000000127, 2.64297600000017, 0.0 ], [ 125.388703000000106, 2.643045000000194, 0.0 ], [ 125.388601046820781, 2.64308220396739, 0.0 ], [ 125.388502759000062, 2.643223272000023, 0.0 ], [ 125.388391721000019, 2.643330930000049, 0.0 ], [ 125.38822502700009, 2.643421505000083, 0.0 ], [ 125.388096708000035, 2.643443242000016, 0.0 ], [ 125.387968299999983, 2.643417704000035, 0.0 ], [ 125.387754252000036, 2.643357950000064, 0.0 ], [ 125.387578771000079, 2.64332820500009, 0.0 ], [ 125.387471156000061, 2.643378162000049, 0.0 ], [ 125.387468226146183, 2.643379546446296, 0.0 ], [ 125.386786, 2.644210000000131, 0.0 ], [ 125.386455000000183, 2.644487000000135, 0.0 ], [ 125.386352049489759, 2.644572523151362, 0.0 ], [ 125.386343894000134, 2.644583709000054, 0.0 ], [ 125.386248766438754, 2.644658322551036, 0.0 ], [ 125.386136, 2.644752, 0.0 ], [ 125.386033, 2.644821000000237, 0.0 ], [ 125.385656000000154, 2.644891000000166, 0.0 ], [ 125.38565491266921, 2.644891082062879, 0.0 ], [ 125.38550164600008, 2.644924860000037, 0.0 ], [ 125.385391030019534, 2.644958189379116, 0.0 ], [ 125.385142, 2.645122, 0.0 ], [ 125.385142, 2.645133000000117, 0.0 ], [ 125.385062, 2.645179, 0.0 ], [ 125.384835, 2.645398000000194, 0.0 ], [ 125.384606000000232, 2.64554800000017, 0.0 ], [ 125.384332000000114, 2.645905000000221, 0.0 ], [ 125.384147142772278, 2.646147325796273, 0.0 ], [ 125.384043975000083, 2.646460209000063, 0.0 ], [ 125.383922658000088, 2.64669633000006, 0.0 ], [ 125.383748936000103, 2.646818978000082, 0.0 ], [ 125.383592576000041, 2.646924118000078, 0.0 ], [ 125.383340591000064, 2.647055654000036, 0.0 ], [ 125.383002425000058, 2.647114568000026, 0.0 ], [ 125.382716279000107, 2.647289520000113, 0.0 ], [ 125.382456244000082, 2.647499300000062, 0.0 ], [ 125.382312100617781, 2.647823857156768, 0.0 ], [ 125.382291, 2.647909000000121, 0.0 ], [ 125.382177, 2.648162, 0.0 ], [ 125.38216600000014, 2.648208000000169, 0.0 ], [ 125.381859, 2.648511, 0.0 ], [ 125.381731000000201, 2.648529, 0.0 ], [ 125.381699000000125, 2.648611000000118, 0.0 ], [ 125.381552137369368, 2.648645644518217, 0.0 ], [ 125.381351519000063, 2.648807367000112, 0.0 ], [ 125.380772338000014, 2.649137666000085, 0.0 ], [ 125.380151319074315, 2.649503149689176, 0.0 ], [ 125.380009000000101, 2.6497520000002, 0.0 ], [ 125.379918000000117, 2.649959, 0.0 ], [ 125.379838000000163, 2.65012, 0.0 ], [ 125.379576000000156, 2.6505, 0.0 ], [ 125.379440000000187, 2.650719, 0.0 ], [ 125.379257, 2.650868000000168, 0.0 ], [ 125.37914, 2.651070000000184, 0.0 ], [ 125.378958, 2.651199000000199, 0.0 ], [ 125.378641000000158, 2.65130600000017, 0.0 ], [ 125.378321, 2.65131900000018, 0.0 ], [ 125.377898, 2.651308000000158, 0.0 ], [ 125.377411316225619, 2.651309812602671, 0.0 ], [ 125.376869457000126, 2.65152543200003, 0.0 ], [ 125.376311693000076, 2.651924142000068, 0.0 ], [ 125.376035358000124, 2.652431108, 0.0 ], [ 125.375884923000015, 2.652861866000029, 0.0 ], [ 125.375810407999978, 2.653444407000089, 0.0 ], [ 125.375811617000082, 2.654077445000064, 0.0 ], [ 125.375913713, 2.654735610000076, 0.0 ], [ 125.376091533999968, 2.655444271, 0.0 ], [ 125.37636970800007, 2.655899522000011, 0.0 ], [ 125.376621449557007, 2.656030831023488, 0.0 ], [ 125.376753, 2.65609, 0.0 ], [ 125.376787044109392, 2.65611720555466, 0.0 ], [ 125.37695010400013, 2.656202258000102, 0.0 ], [ 125.377757239000033, 2.656428591000088, 0.0 ], [ 125.378412732, 2.656452643000035, 0.0 ], [ 125.378791258000064, 2.656654483000038, 0.0 ], [ 125.378892629, 2.656932824000064, 0.0 ], [ 125.378892684191328, 2.656961638995076, 0.0 ], [ 125.379052, 2.657037, 0.0 ], [ 125.37912, 2.657129, 0.0 ], [ 125.379143, 2.657221000000193, 0.0 ], [ 125.378985000000199, 2.657635000000164, 0.0 ], [ 125.378859, 2.657911, 0.0 ], [ 125.378700000000237, 2.658371000000132, 0.0 ], [ 125.378553000000153, 2.658762000000154, 0.0 ], [ 125.378473000000199, 2.659038, 0.0 ], [ 125.378428000000198, 2.659440000000119, 0.0 ], [ 125.378429000000111, 2.659934000000137, 0.0 ], [ 125.378406, 2.660117000000179, 0.0 ], [ 125.378406, 2.660301000000127, 0.0 ], [ 125.37835000000014, 2.660554, 0.0 ], [ 125.378202000000243, 2.660842000000125, 0.0 ], [ 125.377939, 2.661152000000195, 0.0 ], [ 125.377815000000197, 2.661279000000222, 0.0 ], [ 125.377518000000137, 2.661567, 0.0 ], [ 125.377324, 2.661763000000123, 0.0 ], [ 125.377107, 2.662074, 0.0 ], [ 125.376857, 2.662522000000218, 0.0 ], [ 125.376629000000122, 2.662936000000188, 0.0 ], [ 125.376481, 2.66321200000011, 0.0 ], [ 125.376321000000218, 2.663465, 0.0 ], [ 125.376264000000205, 2.663580000000183, 0.0 ], [ 125.376139000000165, 2.663879, 0.0 ], [ 125.375775, 2.664707000000172, 0.0 ], [ 125.375696000000204, 2.664834, 0.0 ], [ 125.375502000000139, 2.665374000000115, 0.0 ], [ 125.375468, 2.665489000000216, 0.0 ], [ 125.375389000000197, 2.665731000000166, 0.0 ], [ 125.375264000000158, 2.665984000000138, 0.0 ], [ 125.374990000000139, 2.666317000000157, 0.0 ], [ 125.374807000000189, 2.666479, 0.0 ], [ 125.374590000000168, 2.666560000000191, 0.0 ], [ 125.374202000000224, 2.666894000000115, 0.0 ], [ 125.37400800000016, 2.667009, 0.0 ], [ 125.373723000000197, 2.667194, 0.0 ], [ 125.373552, 2.667470000000167, 0.0 ], [ 125.373518000000203, 2.667723000000139, 0.0 ], [ 125.373518000000203, 2.667872, 0.0 ], [ 125.373508000000172, 2.668205, 0.0 ], [ 125.373508000000172, 2.668274, 0.0 ], [ 125.373270000000204, 2.668975000000168, 0.0 ], [ 125.373178000000138, 2.669182, 0.0 ], [ 125.373065, 2.66947, 0.0 ], [ 125.37302, 2.669929, 0.0 ], [ 125.37302, 2.670136000000129, 0.0 ], [ 125.373044, 2.670504, 0.0 ], [ 125.373147000000145, 2.67079, 0.0 ], [ 125.373273, 2.671112, 0.0 ], [ 125.3734, 2.671537, 0.0 ], [ 125.373527, 2.67196100000014, 0.0 ], [ 125.37358400000015, 2.672168, 0.0 ], [ 125.373608000000189, 2.672593000000207, 0.0 ], [ 125.373596000000177, 2.672650000000127, 0.0 ], [ 125.37354, 2.672938000000153, 0.0 ], [ 125.373506, 2.673213000000169, 0.0 ], [ 125.373506, 2.673478, 0.0 ], [ 125.373507, 2.673753, 0.0 ], [ 125.373508000000172, 2.674155000000129, 0.0 ], [ 125.37361200000025, 2.674637000000219, 0.0 ], [ 125.373658, 2.675005000000114, 0.0 ], [ 125.373784, 2.675544000000125, 0.0 ], [ 125.373888, 2.675981000000222, 0.0 ], [ 125.374037000000158, 2.676382000000183, 0.0 ], [ 125.374244, 2.676681000000231, 0.0 ], [ 125.37437, 2.676864, 0.0 ], [ 125.374508000000134, 2.677254, 0.0 ], [ 125.374611, 2.67769, 0.0 ], [ 125.374715000000123, 2.678196000000172, 0.0 ], [ 125.374784000000233, 2.67862, 0.0 ], [ 125.374701000000115, 2.678795000000173, 0.0 ], [ 125.374439, 2.678961, 0.0 ], [ 125.374340000000174, 2.679253, 0.0 ], [ 125.374283, 2.679541, 0.0 ], [ 125.374192000000193, 2.679690000000152, 0.0 ], [ 125.374010000000141, 2.679806000000157, 0.0 ], [ 125.373827, 2.679795000000135, 0.0 ], [ 125.373766671299748, 2.679764835649918, 0.0 ], [ 125.373728485000029, 2.679812714, 0.0 ], [ 125.373653871000073, 2.679954317000083, 0.0 ], [ 125.373593185000118, 2.680030021000041, 0.0 ], [ 125.373541652000114, 2.680084793000043, 0.0 ], [ 125.373434178000011, 2.680119070000037, 0.0 ], [ 125.373357025000033, 2.680113586000028, 0.0 ], [ 125.373291078000079, 2.680101036000055, 0.0 ], [ 125.373233528000029, 2.680077198000037, 0.0 ], [ 125.373164667000097, 2.68000830100002, 0.0 ], [ 125.373057877000051, 2.679907076000083, 0.0 ], [ 125.373014976793385, 2.67988489821745, 0.0 ], [ 125.372867, 2.679981, 0.0 ], [ 125.372765, 2.680199000000167, 0.0 ], [ 125.372742000000116, 2.680268000000192, 0.0 ], [ 125.372823, 2.681015000000182, 0.0 ], [ 125.372904, 2.6812330000001, 0.0 ], [ 125.373007, 2.681393000000194, 0.0 ], [ 125.372859, 2.681819, 0.0 ], [ 125.372757000000121, 2.681911, 0.0 ], [ 125.372563000000142, 2.682118000000139, 0.0 ], [ 125.372403000000233, 2.682187000000164, 0.0 ], [ 125.37222, 2.682314000000192, 0.0 ], [ 125.372118, 2.682349, 0.0 ], [ 125.37197, 2.682487000000117, 0.0 ], [ 125.371878, 2.68254500000012, 0.0 ], [ 125.371787000000154, 2.682671, 0.0 ], [ 125.371593, 2.68309700000014, 0.0 ], [ 125.371548, 2.683258000000139, 0.0 ], [ 125.371446000000176, 2.683695, 0.0 ], [ 125.37147, 2.683901, 0.0 ], [ 125.371515, 2.684131, 0.0 ], [ 125.371493000000257, 2.684430000000122, 0.0 ], [ 125.371437, 2.684797000000112, 0.0 ], [ 125.3713, 2.685108, 0.0 ], [ 125.371095, 2.685464, 0.0 ], [ 125.370741000000208, 2.685775000000207, 0.0 ], [ 125.37041100000026, 2.686500000000153, 0.0 ], [ 125.37041100000026, 2.686523000000102, 0.0 ], [ 125.370397796654288, 2.686613070349948, 0.0 ], [ 125.370648812000042, 2.686652288000053, 0.0 ], [ 125.371176280000071, 2.686708714000103, 0.0 ], [ 125.37150232200004, 2.686773969000084, 0.0 ], [ 125.371770731000055, 2.686895486000013, 0.0 ], [ 125.372258149000146, 2.687110581000047, 0.0 ], [ 125.372643754999984, 2.687300291000023, 0.0 ], [ 125.373006944000011, 2.687474802000073, 0.0 ], [ 125.373872679000058, 2.687718417000069, 0.0 ], [ 125.374323597000071, 2.687879965000024, 0.0 ], [ 125.37482188, 2.688223502000026, 0.0 ], [ 125.375366379000099, 2.688605436, 0.0 ], [ 125.375640501000049, 2.688723743000027, 0.0 ], [ 125.375990076000107, 2.688966952000078, 0.0 ], [ 125.376368169000131, 2.689129268, 0.0 ], [ 125.376734967000104, 2.689425830000031, 0.0 ], [ 125.377220265000105, 2.690027242000054, 0.0 ], [ 125.377751475000096, 2.69057537700011, 0.0 ], [ 125.378291741000126, 2.691443968000035, 0.0 ], [ 125.379213714000116, 2.694720272000046, 0.0 ], [ 125.379521039000139, 2.698406114000013, 0.0 ], [ 125.379930802000118, 2.703627724000041, 0.0 ], [ 125.380340569000083, 2.707006410000085, 0.0 ], [ 125.381262543000076, 2.709361253000059, 0.0 ], [ 125.382696722000077, 2.710487482000074, 0.0 ], [ 125.384182088000145, 2.710845820000058, 0.0 ], [ 125.383621621000046, 2.703491998000091, 0.0 ], [ 125.383416740000058, 2.695813160000055, 0.0 ], [ 125.383314297000112, 2.687417633000051, 0.0 ], [ 125.384236270000102, 2.68137694600002, 0.0 ] ] ] ] } },
{ "type": "Feature", "properties": { "KDPPUM": null, "NAMOBJ": "Siau Timur Selatan", "REMARK": "Wilayah Administrasi Kecamatan", "KDPBPS": null, "FCODE": null, "LUASWH": 0.0, "UUPP": null, "SRS_ID": null, "LCODE": "BA0080", "METADATA": null, "KDEBPS": null, "KDEPUM": null, "KDCBPS": null, "KDCPUM": null, "KDBBPS": null, "KDBPUM": null, "WADMKD": null, "WIADKD": null, "WADMKC": null, "WIADKC": null, "WADMKK": "Kepulauan Siau Tagulandang Biaro", "WIADKK": null, "WADMPR": "Sulawesi Utara", "WIADPR": null, "TIPADM": 0, "SHAPE_Leng": 0.53377318851, "SHAPE_Area": 0.00156963866 }, "geometry": { "type": "MultiPolygon", "coordinates": [ [ [ [ 125.475768018476572, 2.6462304385454, 0.0 ], [ 125.475916625000096, 2.646164404000013, 0.0 ], [ 125.476013923316088, 2.646177235786046, 0.0 ], [ 125.476083000000102, 2.646145000000184, 0.0 ], [ 125.476163000000142, 2.64608400000011, 0.0 ], [ 125.476291, 2.64602400000012, 0.0 ], [ 125.476371000000213, 2.646044000000176, 0.0 ], [ 125.476427000000143, 2.646068000000207, 0.0 ], [ 125.476542000000151, 2.646055, 0.0 ], [ 125.476561364099894, 2.646045827531724, 0.0 ], [ 125.476546518000077, 2.646010608000077, 0.0 ], [ 125.476485352000083, 2.645797185000093, 0.0 ], [ 125.476522862, 2.645568313000075, 0.0 ], [ 125.476621054000034, 2.645308811000097, 0.0 ], [ 125.476643423000013, 2.645102849000109, 0.0 ], [ 125.476620418000067, 2.644988496000062, 0.0 ], [ 125.476491296000049, 2.644965876000056, 0.0 ], [ 125.476339501000098, 2.644996686000029, 0.0 ], [ 125.476187843000076, 2.645096136000086, 0.0 ], [ 125.476036276000059, 2.645241346000022, 0.0 ], [ 125.475937647000066, 2.645279677000085, 0.0 ], [ 125.475846504000074, 2.645264607000081, 0.0 ], [ 125.475755301000078, 2.645219030000041, 0.0 ], [ 125.47567156900007, 2.645112426000013, 0.0 ], [ 125.475595355000081, 2.644967674000027, 0.0 ], [ 125.475465991000121, 2.644823027000049, 0.0 ], [ 125.475238028, 2.644731966000064, 0.0 ], [ 125.475209450048354, 2.644738550273546, 0.0 ], [ 125.475233000000117, 2.644872000000193, 0.0 ], [ 125.47523, 2.645098, 0.0 ], [ 125.475218000000112, 2.645206000000117, 0.0 ], [ 125.475160060475389, 2.645282998579097, 0.0 ], [ 125.475170903000034, 2.64534222900002, 0.0 ], [ 125.475178859000081, 2.645525251000064, 0.0 ], [ 125.475148715000074, 2.645639710000031, 0.0 ], [ 125.475065664000127, 2.645876301000067, 0.0 ], [ 125.475065740385162, 2.645914803254696, 0.0 ], [ 125.475116000000114, 2.645938000000109, 0.0 ], [ 125.475172, 2.646046000000164, 0.0 ], [ 125.475192, 2.646162000000169, 0.0 ], [ 125.47536, 2.646230000000111, 0.0 ], [ 125.475412, 2.646250000000167, 0.0 ], [ 125.475768018476572, 2.6462304385454, 0.0 ] ] ], [ [ [ 125.488124701000075, 2.648047052, 0.0 ], [ 125.48797881647819, 2.648043037016807, 0.0 ], [ 125.487945000000224, 2.648056, 0.0 ], [ 125.48793, 2.648096000000139, 0.0 ], [ 125.487933, 2.648138, 0.0 ], [ 125.487939000000253, 2.648176000000186, 0.0 ], [ 125.487975, 2.648212000000145, 0.0 ], [ 125.488026, 2.648234000000189, 0.0 ], [ 125.488094, 2.648234000000189, 0.0 ], [ 125.488174, 2.648231000000118, 0.0 ], [ 125.488222091962754, 2.648225753604267, 0.0 ], [ 125.488223393000069, 2.648170459, 0.0 ], [ 125.488124701000075, 2.648047052, 0.0 ] ] ], [ [ [ 125.474331306000025, 2.655197479000011, 0.0 ], [ 125.474318810807674, 2.655196256228171, 0.0 ], [ 125.474311, 2.655225, 0.0 ], [ 125.474361000000172, 2.655292000000104, 0.0 ], [ 125.474503000000112, 2.65532500000017, 0.0 ], [ 125.474574305572844, 2.65532500000017, 0.0 ], [ 125.474576172000042, 2.655291634999985, 0.0 ], [ 125.474508129, 2.655248838, 0.0 ], [ 125.474331306000025, 2.655197479000011, 0.0 ] ] ], [ [ [ 125.474137, 2.655184, 0.0 ], [ 125.474136938056333, 2.655183449389648, 0.0 ], [ 125.474038887, 2.655186729, 0.0 ], [ 125.474015817000037, 2.655235189000022, 0.0 ], [ 125.474023708000161, 2.655296653000045, 0.0 ], [ 125.474055997000079, 2.655332417000073, 0.0 ], [ 125.474107485828299, 2.655356613186372, 0.0 ], [ 125.474137, 2.655184, 0.0 ] ] ], [ [ [ 125.484742000000239, 2.657098000000142, 0.0 ], [ 125.484837000000184, 2.657051000000161, 0.0 ], [ 125.484906, 2.657126000000149, 0.0 ], [ 125.484980000000206, 2.65717300000013, 0.0 ], [ 125.485136987662628, 2.657169236597207, 0.0 ], [ 125.485217551000147, 2.657137105000091, 0.0 ], [ 125.485305350000132, 2.65700696200007, 0.0 ], [ 125.485314011456751, 2.656929011456716, 0.0 ], [ 125.485245000000106, 2.656860000000167, 0.0 ], [ 125.48528, 2.656697000000181, 0.0 ], [ 125.485275438195188, 2.656648449362626, 0.0 ], [ 125.485183783577781, 2.656489846920957, 0.0 ], [ 125.485102, 2.656432000000104, 0.0 ], [ 125.48497400000015, 2.656432000000104, 0.0 ], [ 125.484926, 2.656378, 0.0 ], [ 125.484906, 2.656249, 0.0 ], [ 125.484960000000157, 2.65612, 0.0 ], [ 125.484952664167494, 2.656093917039277, 0.0 ], [ 125.484846061000141, 2.655969914000062, 0.0 ], [ 125.484798503707552, 2.655860054486665, 0.0 ], [ 125.484762, 2.6558, 0.0 ], [ 125.484756, 2.655637, 0.0 ], [ 125.48483000000023, 2.655528, 0.0 ], [ 125.484987, 2.65548100000011, 0.0 ], [ 125.485136000000153, 2.65549400000012, 0.0 ], [ 125.485232, 2.655562, 0.0 ], [ 125.485382969406047, 2.655562, 0.0 ], [ 125.485381069, 2.655542375000037, 0.0 ], [ 125.485335372000037, 2.655364432000058, 0.0 ], [ 125.48528106001686, 2.655209052409086, 0.0 ], [ 125.485218000000188, 2.655175, 0.0 ], [ 125.485198000000125, 2.655032, 0.0 ], [ 125.485184, 2.654882000000109, 0.0 ], [ 125.485239, 2.654767000000186, 0.0 ], [ 125.48532700000014, 2.654692000000198, 0.0 ], [ 125.485397, 2.654561000000195, 0.0 ], [ 125.485376000000201, 2.654418, 0.0 ], [ 125.485294000000167, 2.654282000000203, 0.0 ], [ 125.485281000000242, 2.65416, 0.0 ], [ 125.485329000000135, 2.653990000000201, 0.0 ], [ 125.485424, 2.653868, 0.0 ], [ 125.485539, 2.653827000000215, 0.0 ], [ 125.485668, 2.653691000000153, 0.0 ], [ 125.485709, 2.653548, 0.0 ], [ 125.485764, 2.65363, 0.0 ], [ 125.485764, 2.653793, 0.0 ], [ 125.485791, 2.653922, 0.0 ], [ 125.485961000000103, 2.653983000000155, 0.0 ], [ 125.486131, 2.654044, 0.0 ], [ 125.486355, 2.65409900000016, 0.0 ], [ 125.48645, 2.654078000000199, 0.0 ], [ 125.486491, 2.65388800000011, 0.0 ], [ 125.486416, 2.653725000000124, 0.0 ], [ 125.486457000000115, 2.653433000000122, 0.0 ], [ 125.486484, 2.653317000000117, 0.0 ], [ 125.48659300000017, 2.653269, 0.0 ], [ 125.486729, 2.653208000000157, 0.0 ], [ 125.486845000000159, 2.653079000000142, 0.0 ], [ 125.486911404401596, 2.652993422496836, 0.0 ], [ 125.486920102000155, 2.652931377000096, 0.0 ], [ 125.486960544701518, 2.652792162952695, 0.0 ], [ 125.486947000000242, 2.652739, 0.0 ], [ 125.486886000000169, 2.652583000000137, 0.0 ], [ 125.486954000000111, 2.652440000000206, 0.0 ], [ 125.487076, 2.652331, 0.0 ], [ 125.487212000000142, 2.652250000000118, 0.0 ], [ 125.487368000000174, 2.652195000000185, 0.0 ], [ 125.487525, 2.652121000000102, 0.0 ], [ 125.487613, 2.65206600000017, 0.0 ], [ 125.487681000000222, 2.652026000000236, 0.0 ], [ 125.487783, 2.652107000000187, 0.0 ], [ 125.487837000000169, 2.652257000000164, 0.0 ], [ 125.487851000000163, 2.652447, 0.0 ], [ 125.487817000000106, 2.652617000000108, 0.0 ], [ 125.487810000000238, 2.652828000000158, 0.0 ], [ 125.487865, 2.652977, 0.0 ], [ 125.487973, 2.653079000000142, 0.0 ], [ 125.488211000000106, 2.653174000000186, 0.0 ], [ 125.488327000000112, 2.653222, 0.0 ], [ 125.488825000000105, 2.653321, 0.0 ], [ 125.489083000000136, 2.653335000000185, 0.0 ], [ 125.489157194647902, 2.653311426449873, 0.0 ], [ 125.489031763000071, 2.652969190000027, 0.0 ], [ 125.488812981, 2.652645535999982, 0.0 ], [ 125.488602911000029, 2.652351380000068, 0.0 ], [ 125.488459824000088, 2.652031838, 0.0 ], [ 125.488586983397866, 2.65194817234738, 0.0 ], [ 125.488587000000138, 2.651948000000177, 0.0 ], [ 125.488654880755192, 2.65182226632888, 0.0 ], [ 125.488660168000067, 2.651652687, 0.0 ], [ 125.488606704533964, 2.651567146789874, 0.0 ], [ 125.488547, 2.651507000000104, 0.0 ], [ 125.488417, 2.651377000000183, 0.0 ], [ 125.488356, 2.651296, 0.0 ], [ 125.488403000000105, 2.651106000000143, 0.0 ], [ 125.488471264901563, 2.651048762505843, 0.0 ], [ 125.488491053000104, 2.650887118000062, 0.0 ], [ 125.488578230665809, 2.650764002692069, 0.0 ], [ 125.48858, 2.650718, 0.0 ], [ 125.488634000000204, 2.650575, 0.0 ], [ 125.488693839014658, 2.650511867094869, 0.0 ], [ 125.48874143700003, 2.650390033000056, 0.0 ], [ 125.488816010000079, 2.64996905300004, 0.0 ], [ 125.488875030111188, 2.649782944625818, 0.0 ], [ 125.488764, 2.649716, 0.0 ], [ 125.488880000000137, 2.649403000000101, 0.0 ], [ 125.48895400000012, 2.649383, 0.0 ], [ 125.489049, 2.649206000000143, 0.0 ], [ 125.489049, 2.649057, 0.0 ], [ 125.489043, 2.648927000000151, 0.0 ], [ 125.4890286322875, 2.648886854920979, 0.0 ], [ 125.48900426900002, 2.648863162000021, 0.0 ], [ 125.488725305000116, 2.648911076000077, 0.0 ], [ 125.488389, 2.648936477000047, 0.0 ], [ 125.48815084200011, 2.648813352000074, 0.0 ], [ 125.488215831000062, 2.648491847000029, 0.0 ], [ 125.488218180319294, 2.648392000000117, 0.0 ], [ 125.488161000000147, 2.648392000000117, 0.0 ], [ 125.48810600000013, 2.648392000000117, 0.0 ], [ 125.488032000000132, 2.648382000000177, 0.0 ], [ 125.487978, 2.648363000000204, 0.0 ], [ 125.48793, 2.648331, 0.0 ], [ 125.487897, 2.648289000000121, 0.0 ], [ 125.487852, 2.648254, 0.0 ], [ 125.487778, 2.64825, 0.0 ], [ 125.487708000000154, 2.648276000000111, 0.0 ], [ 125.487672000000103, 2.648321000000104, 0.0 ], [ 125.487621000000232, 2.648385, 0.0 ], [ 125.487582000000117, 2.64842700000017, 0.0 ], [ 125.48754400000017, 2.648466, 0.0 ], [ 125.487495000000109, 2.648537000000212, 0.0 ], [ 125.48748, 2.648548, 0.0 ], [ 125.487473, 2.648560000000161, 0.0 ], [ 125.487391181094466, 2.648648803446358, 0.0 ], [ 125.487387578000011, 2.648658326000037, 0.0 ], [ 125.48724040400009, 2.648905834000088, 0.0 ], [ 125.486936881000034, 2.648914687000021, 0.0 ], [ 125.486691429266074, 2.648863301081834, 0.0 ], [ 125.486576, 2.64907, 0.0 ], [ 125.486576, 2.649383, 0.0 ], [ 125.486582, 2.649607000000104, 0.0 ], [ 125.486392000000151, 2.650110000000156, 0.0 ], [ 125.486222, 2.650586000000105, 0.0 ], [ 125.486210951737547, 2.650591985514767, 0.0 ], [ 125.486210099000118, 2.650597189000054, 0.0 ], [ 125.48602117400003, 2.650814572000099, 0.0 ], [ 125.485595004000018, 2.651029682000045, 0.0 ], [ 125.485324328, 2.651054950000093, 0.0 ], [ 125.485012630999975, 2.651080300000059, 0.0 ], [ 125.484824239000105, 2.651229007000017, 0.0 ], [ 125.484668877000132, 2.651484772000041, 0.0 ], [ 125.484407013000052, 2.651814916, 0.0 ], [ 125.484161179000054, 2.651955499000087, 0.0 ], [ 125.483835719658259, 2.652109747165349, 0.0 ], [ 125.483745, 2.652307, 0.0 ], [ 125.483606169995966, 2.652539686908357, 0.0 ], [ 125.48363641400006, 2.65291006200002, 0.0 ], [ 125.483595887000078, 2.653157355000053, 0.0 ], [ 125.483506139000028, 2.653404748000094, 0.0 ], [ 125.483211063000127, 2.653537190000039, 0.0 ], [ 125.482924225000019, 2.653686096000103, 0.0 ], [ 125.482661965, 2.653818471000042, 0.0 ], [ 125.482637913000048, 2.654098693000046, 0.0 ], [ 125.482548379, 2.654453211000069, 0.0 ], [ 125.482351700000081, 2.654560733000084, 0.0 ], [ 125.482212350000097, 2.654618697000084, 0.0 ], [ 125.482194129, 2.654835497, 0.0 ], [ 125.48203463300004, 2.655139073000063, 0.0 ], [ 125.481863290953626, 2.655256924255129, 0.0 ], [ 125.481819, 2.655321000000194, 0.0 ], [ 125.481741655561919, 2.655436661866412, 0.0 ], [ 125.481716186000071, 2.655639425000073, 0.0 ], [ 125.481592766000077, 2.655888615, 0.0 ], [ 125.481410332000081, 2.655980698000066, 0.0 ], [ 125.481383236946144, 2.655994095907028, 0.0 ], [ 125.481377, 2.656330000000191, 0.0 ], [ 125.481438, 2.656487000000213, 0.0 ], [ 125.481635000000111, 2.656466, 0.0 ], [ 125.481778, 2.656323000000144, 0.0 ], [ 125.481880000000132, 2.656371000000208, 0.0 ], [ 125.481988, 2.656514000000138, 0.0 ], [ 125.482071000000118, 2.656663, 0.0 ], [ 125.482220000000197, 2.656731000000152, 0.0 ], [ 125.482390000000137, 2.656643000000154, 0.0 ], [ 125.482539000000116, 2.656541, 0.0 ], [ 125.482628000000204, 2.656568000000165, 0.0 ], [ 125.482791, 2.656595, 0.0 ], [ 125.482968000000184, 2.656575000000212, 0.0 ], [ 125.483131, 2.656575000000212, 0.0 ], [ 125.48328000000015, 2.6566500000002, 0.0 ], [ 125.4836, 2.656894000000138, 0.0 ], [ 125.483994, 2.657139000000159, 0.0 ], [ 125.484348, 2.657302000000145, 0.0 ], [ 125.484477, 2.657357, 0.0 ], [ 125.484529723332258, 2.657346455333693, 0.0 ], [ 125.484545600000061, 2.657323845000088, 0.0 ], [ 125.484656434663108, 2.657301965341647, 0.0 ], [ 125.484708000000168, 2.657187000000222, 0.0 ], [ 125.484742000000239, 2.657098000000142, 0.0 ] ] ], [ [ [ 125.476999264000057, 2.660508600000073, 0.0 ], [ 125.476947010000089, 2.660495254000034, 0.0 ], [ 125.476884088000034, 2.660503452000091, 0.0 ], [ 125.476870445284462, 2.660507218863001, 0.0 ], [ 125.476869000000207, 2.660513, 0.0 ], [ 125.476883, 2.660570000000179, 0.0 ], [ 125.47690400000026, 2.660633, 0.0 ], [ 125.476913751823432, 2.66063950121554, 0.0 ], [ 125.47691783100008, 2.660636547, 0.0 ], [ 125.476987380000054, 2.660593363999981, 0.0 ], [ 125.477004721000071, 2.660559702000038, 0.0 ], [ 125.477007352000115, 2.660535486000077, 0.0 ], [ 125.476999264000057, 2.660508600000073, 0.0 ] ] ], [ [ [ 125.476423742000051, 2.660503032000056, 0.0 ], [ 125.476374462000052, 2.660498183000099, 0.0 ], [ 125.476325462000091, 2.660498623000047, 0.0 ], [ 125.476225683000095, 2.660483302000022, 0.0 ], [ 125.476103378000104, 2.66044403700006, 0.0 ], [ 125.475962766000094, 2.66038223, 0.0 ], [ 125.475893589000066, 2.660339224, 0.0 ], [ 125.475873045753318, 2.660320648961784, 0.0 ], [ 125.47584300000014, 2.660387000000137, 0.0 ], [ 125.475828000000234, 2.660499000000167, 0.0 ], [ 125.475849000000196, 2.660612000000102, 0.0 ], [ 125.475891, 2.660675000000163, 0.0 ], [ 125.475931000000131, 2.66071, 0.0 ], [ 125.475992, 2.660723, 0.0 ], [ 125.476051391065781, 2.660725449116248, 0.0 ], [ 125.476162009000063, 2.660708881000035, 0.0 ], [ 125.476377463444834, 2.660674708611561, 0.0 ], [ 125.476461000000114, 2.660628000000182, 0.0 ], [ 125.476499000000146, 2.660586, 0.0 ], [ 125.476505571582365, 2.660545559493849, 0.0 ], [ 125.47649374900007, 2.660526644000056, 0.0 ], [ 125.476466128000098, 2.660510864000083, 0.0 ], [ 125.476423742000051, 2.660503032000056, 0.0 ] ] ], [ [ [ 125.471460000000135, 2.662324000000178, 0.0 ], [ 125.4715530000001, 2.662323, 0.0 ], [ 125.471790000000169, 2.662323, 0.0 ], [ 125.47193133487535, 2.662281533982986, 0.0 ], [ 125.471983411000096, 2.662247967000015, 0.0 ], [ 125.472125610000049, 2.662153502000015, 0.0 ], [ 125.472216661605856, 2.662070859301641, 0.0 ], [ 125.472274, 2.661980000000137, 0.0 ], [ 125.472334362579986, 2.661941933508311, 0.0 ], [ 125.472358746000069, 2.661910925000017, 0.0 ], [ 125.472454906000024, 2.661784091000092, 0.0 ], [ 125.472569861000039, 2.661783860000073, 0.0 ], [ 125.472677429000143, 2.661798542000044, 0.0 ], [ 125.47284439500001, 2.661846626000026, 0.0 ], [ 125.473007661000111, 2.66189844300005, 0.0 ], [ 125.473219149000116, 2.66195761100006, 0.0 ], [ 125.473456549000034, 2.661994380000083, 0.0 ], [ 125.473678982000052, 2.661964134000067, 0.0 ], [ 125.473968631000034, 2.661855481000048, 0.0 ], [ 125.47416504000013, 2.661791765000016, 0.0 ], [ 125.474246971940374, 2.661721653745614, 0.0 ], [ 125.474302224760123, 2.661660406516193, 0.0 ], [ 125.474383275000065, 2.661515696, 0.0 ], [ 125.474542585000094, 2.661244782000056, 0.0 ], [ 125.474638687000052, 2.661088150000063, 0.0 ], [ 125.474779220000045, 2.660897906000043, 0.0 ], [ 125.474912418000059, 2.660748649000039, 0.0 ], [ 125.475045720999987, 2.660651539000087, 0.0 ], [ 125.475158152000049, 2.660600049, 0.0 ], [ 125.475211715000128, 2.660590055000062, 0.0 ], [ 125.475260306996162, 2.660587763518302, 0.0 ], [ 125.475321000000108, 2.660499000000167, 0.0 ], [ 125.475423000000205, 2.660447000000127, 0.0 ], [ 125.475497000000104, 2.660447000000127, 0.0 ], [ 125.475519000000148, 2.660401000000229, 0.0 ], [ 125.475569, 2.660295000000163, 0.0 ], [ 125.475638000000146, 2.660225, 0.0 ], [ 125.475695000000243, 2.660106000000157, 0.0 ], [ 125.475695802956608, 2.660103285242938, 0.0 ], [ 125.475665415000094, 2.660048989000058, 0.0 ], [ 125.475655372000162, 2.659944585000035, 0.0 ], [ 125.475645377000134, 2.659864169000043, 0.0 ], [ 125.475646684000054, 2.659814776000042, 0.0 ], [ 125.475642270000137, 2.659766031000094, 0.0 ], [ 125.475614076000028, 2.659718109000037, 0.0 ], [ 125.475601292000121, 2.659647578000063, 0.0 ], [ 125.475602550000048, 2.659580581000027, 0.0 ], [ 125.475595355000081, 2.659495927000039, 0.0 ], [ 125.475578353000088, 2.659423993000038, 0.0 ], [ 125.475544528000128, 2.659370438000048, 0.0 ], [ 125.475509302000063, 2.659318296, 0.0 ], [ 125.475479721000099, 2.659278844000019, 0.0 ], [ 125.475465604000092, 2.659245005000061, 0.0 ], [ 125.475467789000092, 2.659206337000059, 0.0 ], [ 125.475466922000024, 2.659164636000073, 0.0 ], [ 125.475477815000119, 2.659127633000031, 0.0 ], [ 125.475507567, 2.659120491000062, 0.0 ], [ 125.475531824000058, 2.65910627900004, 0.0 ], [ 125.475530990999985, 2.659081889000065, 0.0 ], [ 125.475523107000043, 2.659056726000115, 0.0 ], [ 125.475508196000064, 2.659042593000011, 0.0 ], [ 125.475475283, 2.659036364000029, 0.0 ], [ 125.475455075000013, 2.659038943000064, 0.0 ], [ 125.475395499000143, 2.659033623000068, 0.0 ], [ 125.475386383000099, 2.65898831700005, 0.0 ], [ 125.475315972000047, 2.658979394000022, 0.0 ], [ 125.475218503000065, 2.658979590000039, 0.0 ], [ 125.475048786000144, 2.65895455000001, 0.0 ], [ 125.474960310000029, 2.658938412000095, 0.0 ], [ 125.474924134000048, 2.65890041200006, 0.0 ], [ 125.474902374000024, 2.658849692000038, 0.0 ], [ 125.474868050000026, 2.658835257, 0.0 ], [ 125.474835589, 2.658849826000049, 0.0 ], [ 125.47479048000001, 2.658857169000035, 0.0 ], [ 125.474789986864337, 2.658856523936832, 0.0 ], [ 125.474768, 2.658913, 0.0 ], [ 125.474619000000203, 2.65913300000012, 0.0 ], [ 125.474614844389151, 2.659140038332348, 0.0 ], [ 125.47459443800004, 2.65926836900004, 0.0 ], [ 125.474576193000033, 2.659375930000058, 0.0 ], [ 125.474551173, 2.659636165000096, 0.0 ], [ 125.474531407000057, 2.659786452, 0.0 ], [ 125.474502405000067, 2.659926538000052, 0.0 ], [ 125.47440223300012, 2.660005528000015, 0.0 ], [ 125.47434391, 2.660031298000016, 0.0 ], [ 125.47423264400004, 2.660035187000071, 0.0 ], [ 125.474097669000145, 2.660042788000078, 0.0 ], [ 125.473929846000033, 2.660043127000018, 0.0 ], [ 125.473844154000048, 2.660065287000075, 0.0 ], [ 125.473813201000056, 2.660094666000019, 0.0 ], [ 125.473802384000052, 2.660158818000086, 0.0 ], [ 125.473793625000127, 2.660256800000111, 0.0 ], [ 125.473671321000126, 2.660290569000063, 0.0 ], [ 125.473526901, 2.660391427000059, 0.0 ], [ 125.473371343000096, 2.660484859000062, 0.0 ], [ 125.473297236, 2.660514806000053, 0.0 ], [ 125.473293990000087, 2.660745744000065, 0.0 ], [ 125.473283333, 2.660980422000032, 0.0 ], [ 125.473213121000057, 2.661103479000088, 0.0 ], [ 125.473102001000015, 2.661167024000106, 0.0 ], [ 125.47300569100004, 2.661219364, 0.0 ], [ 125.47288718500009, 2.661297822000092, 0.0 ], [ 125.472779713, 2.661331561000042, 0.0 ], [ 125.472627773000113, 2.661380288000077, 0.0 ], [ 125.472434932000056, 2.661373228000025, 0.0 ], [ 125.472245731000044, 2.661332637000042, 0.0 ], [ 125.472118817000023, 2.661346313000019, 0.0 ], [ 125.472029903000035, 2.661387465000049, 0.0 ], [ 125.471933719000063, 2.661503124000026, 0.0 ], [ 125.471793007000059, 2.661603975000022, 0.0 ], [ 125.471704254000088, 2.661727070000081, 0.0 ], [ 125.471637744000091, 2.661846395000095, 0.0 ], [ 125.471552744000078, 2.66199183000005, 0.0 ], [ 125.471482549000044, 2.662122337000012, 0.0 ], [ 125.471360259000136, 2.662163555000047, 0.0 ], [ 125.47130700051558, 2.662180791992681, 0.0 ], [ 125.471325, 2.662226, 0.0 ], [ 125.471460000000135, 2.662324000000178, 0.0 ] ] ], [ [ [ 125.475516020000086, 2.66351815900004, 0.0 ], [ 125.475473011000076, 2.66344648300006, 0.0 ], [ 125.475398001, 2.663450223000014, 0.0 ], [ 125.475365937000106, 2.663493345000029, 0.0 ], [ 125.475323248000123, 2.663583134, 0.0 ], [ 125.475248418000064, 2.663676577000091, 0.0 ], [ 125.475247492986298, 2.663679297581362, 0.0 ], [ 125.475298000000166, 2.663717000000149, 0.0 ], [ 125.475403285161462, 2.663721423746496, 0.0 ], [ 125.475469818000079, 2.663636660000074, 0.0 ], [ 125.475516020000086, 2.66351815900004, 0.0 ] ] ], [ [ [ 125.47401163421037, 2.667094273158083, 0.0 ], [ 125.474060116000061, 2.667045380000028, 0.0 ], [ 125.474156148, 2.66686279900002, 0.0 ], [ 125.474221312000068, 2.666648547000056, 0.0 ], [ 125.47427305700009, 2.666557854000102, 0.0 ], [ 125.474303050000088, 2.666522106000075, 0.0 ], [ 125.474363153, 2.666511004000045, 0.0 ], [ 125.474464273000109, 2.666510800000028, 0.0 ], [ 125.474570827000122, 2.666494113000068, 0.0 ], [ 125.474591780705737, 2.666492156999285, 0.0 ], [ 125.474653, 2.666450000000149, 0.0 ], [ 125.474858, 2.666342, 0.0 ], [ 125.474866198584124, 2.666340408713703, 0.0 ], [ 125.474871125000021, 2.666328798000068, 0.0 ], [ 125.475018648000059, 2.666086131000062, 0.0 ], [ 125.475084608000088, 2.665930998000016, 0.0 ], [ 125.475110141000073, 2.6658719010001, 0.0 ], [ 125.475173062000039, 2.665801992000089, 0.0 ], [ 125.475220060000112, 2.665786867000081, 0.0 ], [ 125.475285257000081, 2.66578673500007, 0.0 ], [ 125.475339779000066, 2.665793066000061, 0.0 ], [ 125.475363472175047, 2.665789790303903, 0.0 ], [ 125.475454, 2.6657400000002, 0.0 ], [ 125.475552366568323, 2.665713040274104, 0.0 ], [ 125.475624927000041, 2.665614788000054, 0.0 ], [ 125.475657858000091, 2.665513806000048, 0.0 ], [ 125.475681251000083, 2.665453639000043, 0.0 ], [ 125.475667255000076, 2.665403210000045, 0.0 ], [ 125.475638298999982, 2.66535388500005, 0.0 ], [ 125.47560539200002, 2.665322972000068, 0.0 ], [ 125.47556052500012, 2.665308049999988, 0.0 ], [ 125.475514341000036, 2.665314967000027, 0.0 ], [ 125.475449208000057, 2.66535877200001, 0.0 ], [ 125.475284956000152, 2.665435531000055, 0.0 ], [ 125.47520618800003, 2.66545479700005, 0.0 ], [ 125.475138251000089, 2.665454934000062, 0.0 ], [ 125.475071646000089, 2.665441421, 0.0 ], [ 125.475052531000102, 2.665419077000026, 0.0 ], [ 125.474980389000081, 2.66535507800006, 0.0 ], [ 125.474924459999983, 2.665244646000071, 0.0 ], [ 125.474899800000074, 2.665142337000043, 0.0 ], [ 125.474896861000019, 2.665031797000045, 0.0 ], [ 125.47490882000011, 2.664940954, 0.0 ], [ 125.474946684000045, 2.66485080300008, 0.0 ], [ 125.4750008890001, 2.664778361000037, 0.0 ], [ 125.475078241000105, 2.664730437000069, 0.0 ], [ 125.475090789758937, 2.664726405279955, 0.0 ], [ 125.475104000000101, 2.664708, 0.0 ], [ 125.47521000000016, 2.664651000000157, 0.0 ], [ 125.475300000000146, 2.664613000000211, 0.0 ], [ 125.475328945739378, 2.664608073065883, 0.0 ], [ 125.475324742000154, 2.6645386710001, 0.0 ], [ 125.475270051000066, 2.664448828000038, 0.0 ], [ 125.475168411000013, 2.664345828000043, 0.0 ], [ 125.475081465000017, 2.664352828000089, 0.0 ], [ 125.47507069400001, 2.66440198200007, 0.0 ], [ 125.475053176000074, 2.664474349000018, 0.0 ], [ 125.475031539000057, 2.664532470000031, 0.0 ], [ 125.474952904000034, 2.664595918000041, 0.0 ], [ 125.474799494000038, 2.664683250000072, 0.0 ], [ 125.474669673000136, 2.664750757000062, 0.0 ], [ 125.474591086000032, 2.664837938000082, 0.0 ], [ 125.474477151000102, 2.664972657000037, 0.0 ], [ 125.474339603000089, 2.66511533500003, 0.0 ], [ 125.474194228000144, 2.665281762000033, 0.0 ], [ 125.474162929000045, 2.665384670000021, 0.0 ], [ 125.474154789000082, 2.665466183000015, 0.0 ], [ 125.47419436000007, 2.665561036000048, 0.0 ], [ 125.474194558, 2.665659925000059, 0.0 ], [ 125.474045337, 2.665873827000082, 0.0 ], [ 125.473821367000028, 2.666123480000044, 0.0 ], [ 125.473565868000023, 2.66636133, 0.0 ], [ 125.473271311000076, 2.666761436000071, 0.0 ], [ 125.473268230733453, 2.666804515818184, 0.0 ], [ 125.47328, 2.666847000000134, 0.0 ], [ 125.47334600000012, 2.666966, 0.0 ], [ 125.473497, 2.667057000000101, 0.0 ], [ 125.473541566625599, 2.66708190487906, 0.0 ], [ 125.47354638, 2.667079360000086, 0.0 ], [ 125.473601012, 2.667065524000096, 0.0 ], [ 125.47366934200015, 2.667068131000045, 0.0 ], [ 125.47375139800009, 2.667100907000092, 0.0 ], [ 125.47378133030189, 2.667120863235157, 0.0 ], [ 125.473898000000233, 2.667117, 0.0 ], [ 125.47401163421037, 2.667094273158083, 0.0 ] ] ], [ [ [ 125.463759000000124, 2.671276000000129, 0.0 ], [ 125.463934, 2.671173000000133, 0.0 ], [ 125.464080000000223, 2.671187000000225, 0.0 ], [ 125.46425600000012, 2.671202, 0.0 ], [ 125.464504, 2.671289000000138, 0.0 ], [ 125.464782000000127, 2.671377000000136, 0.0 ], [ 125.464986000000223, 2.671494, 0.0 ], [ 125.46516200000022, 2.671611000000135, 0.0 ], [ 125.465195933060571, 2.671628063481963, 0.0 ], [ 125.465198283000106, 2.671571130000034, 0.0 ], [ 125.465240351000034, 2.67151657600005, 0.0 ], [ 125.465294531999987, 2.671492258000081, 0.0 ], [ 125.465342735000064, 2.671492160000073, 0.0 ], [ 125.465366843000112, 2.671495138000052, 0.0 ], [ 125.465336608, 2.67144072900008, 0.0 ], [ 125.465273195, 2.671368232000033, 0.0 ], [ 125.465218799000027, 2.671283611000048, 0.0 ], [ 125.46518242300013, 2.671171720000116, 0.0 ], [ 125.465140015000088, 2.671056814000023, 0.0 ], [ 125.465103555000084, 2.67090255800005, 0.0 ], [ 125.465069751000129, 2.670713460000036, 0.0 ], [ 125.465075536000072, 2.670660193000069, 0.0 ], [ 125.465094284000116, 2.670608084000021, 0.0 ], [ 125.465118882000112, 2.670535845000083, 0.0 ], [ 125.465160004000055, 2.670476110000026, 0.0 ], [ 125.46520586500003, 2.670431046000028, 0.0 ], [ 125.465242330000024, 2.67040138700006, 0.0 ], [ 125.465274057000073, 2.67035872, 0.0 ], [ 125.465276339000084, 2.670322028000067, 0.0 ], [ 125.465272725000048, 2.670281799000024, 0.0 ], [ 125.465253807000082, 2.670248701000039, 0.0 ], [ 125.465223087000027, 2.670204976000063, 0.0 ], [ 125.465152043000103, 2.670090694000111, 0.0 ], [ 125.465126029000075, 2.670043409000106, 0.0 ], [ 125.465098805000054, 2.669980742000073, 0.0 ], [ 125.465093981000095, 2.66992513, 0.0 ], [ 125.46509265800016, 2.669852942000068, 0.0 ], [ 125.465087846000117, 2.669803248000042, 0.0 ], [ 125.465061872000106, 2.669776081000103, 0.0 ], [ 125.465025321000098, 2.669763137000098, 0.0 ], [ 125.46498525800007, 2.669760851, 0.0 ], [ 125.464941415000084, 2.669752970000056, 0.0 ], [ 125.46485033400009, 2.669719474000038, 0.0 ], [ 125.464761563000039, 2.669642669999989, 0.0 ], [ 125.464682357000058, 2.669558630000052, 0.0 ], [ 125.464579278000045, 2.669513128000107, 0.0 ], [ 125.464512110000086, 2.669460338, 0.0 ], [ 125.464451990000086, 2.669337768000075, 0.0 ], [ 125.46438695700013, 2.66924753700007, 0.0 ], [ 125.464348483000137, 2.669170631000013, 0.0 ], [ 125.464281194999984, 2.669057698000083, 0.0 ], [ 125.464209115999978, 2.668944774000066, 0.0 ], [ 125.464139419000077, 2.668824628000072, 0.0 ], [ 125.464098346000043, 2.668698707000045, 0.0 ], [ 125.464052623000086, 2.668590542000066, 0.0 ], [ 125.463980393000057, 2.668400636000074, 0.0 ], [ 125.463908196000034, 2.668227569000054, 0.0 ], [ 125.463831188000057, 2.668086875000048, 0.0 ], [ 125.463828673000123, 2.668026737000046, 0.0 ], [ 125.463840461000032, 2.66793289, 0.0 ], [ 125.463885805000047, 2.667851005000072, 0.0 ], [ 125.463955137000099, 2.667788316000037, 0.0 ], [ 125.463982085244538, 2.667774326996481, 0.0 ], [ 125.463972000000169, 2.667737, 0.0 ], [ 125.464044000000172, 2.667399000000154, 0.0 ], [ 125.464321, 2.667383, 0.0 ], [ 125.464554000000177, 2.667295, 0.0 ], [ 125.464668548757587, 2.667267870031226, 0.0 ], [ 125.464648544000099, 2.667220295000023, 0.0 ], [ 125.46464590500014, 2.667097608000086, 0.0 ], [ 125.464681606000084, 2.666984468000051, 0.0 ], [ 125.464712507000058, 2.666866525000062, 0.0 ], [ 125.464753069000039, 2.66678946100008, 0.0 ], [ 125.464748160000084, 2.666752157000102, 0.0 ], [ 125.464733613000035, 2.666663174000023, 0.0 ], [ 125.464692766000113, 2.666598302000073, 0.0 ], [ 125.464659082, 2.666521387000016, 0.0 ], [ 125.464666119000043, 2.666446795000061, 0.0 ], [ 125.464709000000127, 2.666331235, 0.0 ], [ 125.464749559000111, 2.666251764, 0.0 ], [ 125.464751824000032, 2.666186805000043, 0.0 ], [ 125.464727967, 2.666150782000082, 0.0 ], [ 125.464662984000043, 2.666099463000011, 0.0 ], [ 125.464577524000077, 2.666055045000066, 0.0 ], [ 125.464461296000053, 2.665993538000039, 0.0 ], [ 125.464314240999968, 2.665884075000042, 0.0 ], [ 125.464157070000027, 2.66583980100002, 0.0 ], [ 125.463948773000112, 2.665843650000072, 0.0 ], [ 125.463808765000067, 2.665843932, 0.0 ], [ 125.463696040000073, 2.665827009000028, 0.0 ], [ 125.463620812000059, 2.665775710000046, 0.0 ], [ 125.463477103000073, 2.665631939000052, 0.0 ], [ 125.463449669000028, 2.665573684000028, 0.0 ], [ 125.463435552000092, 2.665466075, 0.0 ], [ 125.463414859000068, 2.665363217000023, 0.0 ], [ 125.463370262000026, 2.665260406000042, 0.0 ], [ 125.463291556000087, 2.665178245000083, 0.0 ], [ 125.463188956000039, 2.665099561000057, 0.0 ], [ 125.463038600000118, 2.665048413, 0.0 ], [ 125.46282675100008, 2.66498366900006, 0.0 ], [ 125.462703612000027, 2.664881016, 0.0 ], [ 125.46259071900009, 2.664778343000036, 0.0 ], [ 125.462546204000049, 2.664716693000086, 0.0 ], [ 125.462518687000085, 2.664617278000032, 0.0 ], [ 125.462490953000014, 2.664540701, 0.0 ], [ 125.462480435000117, 2.66440352200002, 0.0 ], [ 125.462507475000052, 2.664262838000104, 0.0 ], [ 125.462547921000024, 2.663995216000076, 0.0 ], [ 125.46259957700012, 2.663780130000044, 0.0 ], [ 125.462689127000061, 2.663431321000049, 0.0 ], [ 125.462792601000018, 2.663103401000095, 0.0 ], [ 125.462910124999965, 2.662859124000045, 0.0 ], [ 125.463186934000049, 2.662426267000024, 0.0 ], [ 125.463196977450821, 2.662414559005628, 0.0 ], [ 125.463296, 2.66226, 0.0 ], [ 125.463471, 2.661966, 0.0 ], [ 125.463835000000103, 2.661613000000147, 0.0 ], [ 125.464040000000111, 2.661628000000144, 0.0 ], [ 125.464200000000105, 2.661745, 0.0 ], [ 125.464274, 2.661862000000143, 0.0 ], [ 125.464458847081389, 2.66197582688717, 0.0 ], [ 125.46446568000006, 2.661965368000081, 0.0 ], [ 125.464541951000157, 2.661902121, 0.0 ], [ 125.464570741000145, 2.661866252000051, 0.0 ], [ 125.46459794900008, 2.661888366000015, 0.0 ], [ 125.464630180816769, 2.661931820050595, 0.0 ], [ 125.46477, 2.661846, 0.0 ], [ 125.464916, 2.661743, 0.0 ], [ 125.464976832868189, 2.661696850927681, 0.0 ], [ 125.464999593000016, 2.661622547000048, 0.0 ], [ 125.46503841000002, 2.66150651200004, 0.0 ], [ 125.465085772000037, 2.66141944800003, 0.0 ], [ 125.465099057000074, 2.661339798000013, 0.0 ], [ 125.465093791000072, 2.661252840000012, 0.0 ], [ 125.465074945000111, 2.661165910000014, 0.0 ], [ 125.465052761000052, 2.661109680000068, 0.0 ], [ 125.465027238000076, 2.661080743000072, 0.0 ], [ 125.464971203000147, 2.661075739000102, 0.0 ], [ 125.464864237, 2.661070839000052, 0.0 ], [ 125.464686002, 2.661083134, 0.0 ], [ 125.464545093000069, 2.661083417000027, 0.0 ], [ 125.464512816000052, 2.661073250000074, 0.0 ], [ 125.464478677000074, 2.661036896000086, 0.0 ], [ 125.464441125, 2.660934656000064, 0.0 ], [ 125.464432375000158, 2.660803368000037, 0.0 ], [ 125.464415168000059, 2.660687445000038, 0.0 ], [ 125.464399580000105, 2.660532298, 0.0 ], [ 125.464392433000043, 2.66037987400008, 0.0 ], [ 125.464364963000079, 2.660234417000035, 0.0 ], [ 125.464330791000094, 2.660125350000071, 0.0 ], [ 125.464315320000054, 2.660028181000024, 0.0 ], [ 125.464335513000037, 2.659937761, 0.0 ], [ 125.464374492000076, 2.659903577000017, 0.0 ], [ 125.464438940999983, 2.659762787, 0.0 ], [ 125.46447776, 2.659648456000047, 0.0 ], [ 125.464508115000029, 2.659546080000014, 0.0 ], [ 125.464535147000134, 2.659479520000014, 0.0 ], [ 125.464585973000069, 2.659426555000072, 0.0 ], [ 125.464691686000023, 2.659296662999983, 0.0 ], [ 125.464738407999988, 2.659193179000036, 0.0 ], [ 125.464780620000099, 2.659106428000053, 0.0 ], [ 125.464819839000057, 2.659037928999981, 0.0 ], [ 125.464902970000011, 2.658975424000049, 0.0 ], [ 125.464937674000126, 2.658919098000096, 0.0 ], [ 125.464937580000125, 2.658871963000015, 0.0 ], [ 125.464923887000054, 2.658837021000055, 0.0 ], [ 125.464881455000096, 2.658812778, 0.0 ], [ 125.464842058000031, 2.658793092000062, 0.0 ], [ 125.464789154000101, 2.658786755000071, 0.0 ], [ 125.464712089000031, 2.658774793000058, 0.0 ], [ 125.464650541000083, 2.658771826, 0.0 ], [ 125.464496685000057, 2.658772135000016, 0.0 ], [ 125.464432009000035, 2.658744448000034, 0.0 ], [ 125.464385694000015, 2.658664179000054, 0.0 ], [ 125.464354641000114, 2.658522065000019, 0.0 ], [ 125.464385215000064, 2.658423098000091, 0.0 ], [ 125.464406498000059, 2.658293241, 0.0 ], [ 125.464378547000052, 2.658163484000015, 0.0 ], [ 125.464316832, 2.658077065000059, 0.0 ], [ 125.464224402, 2.658018525000012, 0.0 ], [ 125.46412272900011, 2.657953823000076, 0.0 ], [ 125.464103775000055, 2.657877563000072, 0.0 ], [ 125.464082008000119, 2.657763247000029, 0.0 ], [ 125.464112313000143, 2.657528284000039, 0.0 ], [ 125.464161264000012, 2.65738600900008, 0.0 ], [ 125.464317669999986, 2.657119887, 0.0 ], [ 125.464477463000065, 2.656892474000101, 0.0 ], [ 125.464557074999988, 2.656694503000063, 0.0 ], [ 125.464630661000129, 2.656561451000067, 0.0 ], [ 125.464655039, 2.656440861000037, 0.0 ], [ 125.464620820000022, 2.65627856300002, 0.0 ], [ 125.46458373599998, 2.656198276000039, 0.0 ], [ 125.464512760000048, 2.656096422000049, 0.0 ], [ 125.464451021000102, 2.655997640000047, 0.0 ], [ 125.464333968000091, 2.655936059000014, 0.0 ], [ 125.464164611000115, 2.655877674000068, 0.0 ], [ 125.464084404000133, 2.65577583800008, 0.0 ], [ 125.464068811000089, 2.655670781, 0.0 ], [ 125.464130288000121, 2.655462014000049, 0.0 ], [ 125.464210084000143, 2.655356767000045, 0.0 ], [ 125.464280594000115, 2.65522372100005, 0.0 ], [ 125.464369501000107, 2.655056639000081, 0.0 ], [ 125.464458522000101, 2.654948283000087, 0.0 ], [ 125.464559854487035, 2.654890762467394, 0.0 ], [ 125.464675000000156, 2.654724000000181, 0.0 ], [ 125.464895, 2.65451800000019, 0.0 ], [ 125.465025000000153, 2.654386000000104, 0.0 ], [ 125.465302000000165, 2.654194000000205, 0.0 ], [ 125.465448, 2.654033000000206, 0.0 ], [ 125.465682, 2.653871000000125, 0.0 ], [ 125.466294000000175, 2.653634, 0.0 ], [ 125.466571, 2.653575000000147, 0.0 ], [ 125.466995, 2.653530000000154, 0.0 ], [ 125.467331, 2.653515000000157, 0.0 ], [ 125.46771, 2.653558000000162, 0.0 ], [ 125.468544000000179, 2.653733, 0.0 ], [ 125.468821, 2.653850000000164, 0.0 ], [ 125.469113000000178, 2.653996000000165, 0.0 ], [ 125.469391, 2.654113, 0.0 ], [ 125.469800000000177, 2.654200000000168, 0.0 ], [ 125.470136000000181, 2.654273000000169, 0.0 ], [ 125.470472000000186, 2.65439, 0.0 ], [ 125.470764, 2.654433, 0.0 ], [ 125.471203, 2.654814000000167, 0.0 ], [ 125.471451, 2.654902000000165, 0.0 ], [ 125.471656000000181, 2.654989, 0.0 ], [ 125.471963, 2.655106000000169, 0.0 ], [ 125.472212, 2.65515, 0.0 ], [ 125.472401, 2.655223, 0.0 ], [ 125.472650000000186, 2.655340000000168, 0.0 ], [ 125.472811, 2.655486000000169, 0.0 ], [ 125.472986000000176, 2.655633, 0.0 ], [ 125.473191000000185, 2.655794, 0.0 ], [ 125.473337, 2.656014000000157, 0.0 ], [ 125.473469, 2.656190000000153, 0.0 ], [ 125.473586, 2.656366000000149, 0.0 ], [ 125.473674, 2.656571, 0.0 ], [ 125.473645, 2.656718000000142, 0.0 ], [ 125.473646000000173, 2.65688, 0.0 ], [ 125.473647, 2.657085000000132, 0.0 ], [ 125.473705, 2.657144000000217, 0.0 ], [ 125.473836, 2.657129, 0.0 ], [ 125.47387640972515, 2.657121228899035, 0.0 ], [ 125.473906818000074, 2.657071023000041, 0.0 ], [ 125.47388391500013, 2.65692657600008, 0.0 ], [ 125.473786094000033, 2.656788711000042, 0.0 ], [ 125.473683682000086, 2.656570690000033, 0.0 ], [ 125.473682831000019, 2.656143145, 0.0 ], [ 125.473678024000066, 2.655956102000074, 0.0 ], [ 125.473597780000091, 2.655892129000021, 0.0 ], [ 125.473539875, 2.655758637000078, 0.0 ], [ 125.473512836000069, 2.655540464000056, 0.0 ], [ 125.473565893000114, 2.655464646, 0.0 ], [ 125.473614643000062, 2.655429985000064, 0.0 ], [ 125.473678017000154, 2.655394840000087, 0.0 ], [ 125.473757426000063, 2.655347099000045, 0.0 ], [ 125.47378356500009, 2.655258214000062, 0.0 ], [ 125.473773315000045, 2.655178618000049, 0.0 ], [ 125.47374721300001, 2.655088922000088, 0.0 ], [ 125.473734071000081, 2.655002095, 0.0 ], [ 125.473700879, 2.654965977000041, 0.0 ], [ 125.473620156000067, 2.654937182000056, 0.0 ], [ 125.473542039000094, 2.654943966000085, 0.0 ], [ 125.473395565000047, 2.655018785000058, 0.0 ], [ 125.473383777000052, 2.655022758000031, 0.0 ], [ 125.473273054000046, 2.655117675000069, 0.0 ], [ 125.473242680000098, 2.655181794000045, 0.0 ], [ 125.473179005999981, 2.655232054000029, 0.0 ], [ 125.473126350999976, 2.655246086000036, 0.0 ], [ 125.473034839000135, 2.655240700000034, 0.0 ], [ 125.472912737000158, 2.655190814000081, 0.0 ], [ 125.472771219, 2.655138181000078, 0.0 ], [ 125.472643522000084, 2.655063239000095, 0.0 ], [ 125.472535178, 2.654960407000024, 0.0 ], [ 125.472390606000118, 2.654765739, 0.0 ], [ 125.472192849000109, 2.654508274, 0.0 ], [ 125.472095568000142, 2.654391495000025, 0.0 ], [ 125.472012164000077, 2.654280257000059, 0.0 ], [ 125.471953681000031, 2.654152258000037, 0.0 ], [ 125.471925675000108, 2.654013058000066, 0.0 ], [ 125.471946006000024, 2.653934518000051, 0.0 ], [ 125.471961371000049, 2.653886345000062, 0.0 ], [ 125.471989133000122, 2.653852123999984, 0.0 ], [ 125.472046264000056, 2.653814739, 0.0 ], [ 125.472108050000102, 2.653786660999986, 0.0 ], [ 125.472163684000094, 2.653774126000014, 0.0 ], [ 125.472189952000036, 2.653766308000078, 0.0 ], [ 125.472206930000112, 2.653752298000073, 0.0 ], [ 125.472206875000111, 2.65372434400007, 0.0 ], [ 125.472175899000035, 2.653696453000071, 0.0 ], [ 125.472126381000109, 2.653674811000057, 0.0 ], [ 125.472075333999967, 2.653660937000064, 0.0 ], [ 125.471970196000072, 2.653659596000042, 0.0 ], [ 125.47189134700011, 2.653659754000055, 0.0 ], [ 125.471781564, 2.653653763, 0.0 ], [ 125.471719709000041, 2.653647675000032, 0.0 ], [ 125.471612300000032, 2.65364633900001, 0.0 ], [ 125.47143960800004, 2.653708164000063, 0.0 ], [ 125.471320872000078, 2.653744566000055, 0.0 ], [ 125.471212898000118, 2.65376286500006, 0.0 ], [ 125.471119269, 2.653752204000066, 0.0 ], [ 125.471065236000058, 2.653737847000032, 0.0 ], [ 125.471014694999965, 2.65366923800004, 0.0 ], [ 125.470974819000048, 2.653531898000045, 0.0 ], [ 125.470935066000038, 2.653456035000074, 0.0 ], [ 125.470870188000092, 2.653420002000113, 0.0 ], [ 125.470794639999966, 2.653449084000032, 0.0 ], [ 125.470751516000036, 2.653488951000044, 0.0 ], [ 125.470704754000081, 2.653510743000071, 0.0 ], [ 125.47063988500004, 2.653478326000053, 0.0 ], [ 125.47058574400009, 2.653409725000062, 0.0 ], [ 125.470491921000061, 2.653301423000071, 0.0 ], [ 125.470426973000016, 2.653229227000049, 0.0 ], [ 125.470379928000028, 2.653194704000034, 0.0 ], [ 125.470326190000023, 2.653077427000012, 0.0 ], [ 125.470293546000079, 2.653036994000042, 0.0 ], [ 125.470287694000035, 2.652926693000063, 0.0 ], [ 125.470274792000026, 2.652810748000062, 0.0 ], [ 125.470237945, 2.65269061000007, 0.0 ], [ 125.470205359000062, 2.652588848000088, 0.0 ], [ 125.470169082000083, 2.652483427000069, 0.0 ], [ 125.470150639000067, 2.652412750000083, 0.0 ], [ 125.470115360999984, 2.652373221000099, 0.0 ], [ 125.470059027000033, 2.652366263000056, 0.0 ], [ 125.470005511000039, 2.652360714000041, 0.0 ], [ 125.469978706000049, 2.652333896000043, 0.0 ], [ 125.469933628000049, 2.652322672, 0.0 ], [ 125.469867530000087, 2.652362405000092, 0.0 ], [ 125.469822565000101, 2.652407751000025, 0.0 ], [ 125.469783217000128, 2.652446016000082, 0.0 ], [ 125.469731222000092, 2.65249703400004, 0.0 ], [ 125.469666549000067, 2.652545249000033, 0.0 ], [ 125.469618725000018, 2.652569386999987, 0.0 ], [ 125.469523043000095, 2.652600693000091, 0.0 ], [ 125.469430137000046, 2.652612194000065, 0.0 ], [ 125.469349863000062, 2.652602455000059, 0.0 ], [ 125.469278019000072, 2.65258421400006, 0.0 ], [ 125.469218824000151, 2.65255463300001, 0.0 ], [ 125.469132779000049, 2.652475607000044, 0.0 ], [ 125.46900868200008, 2.652378271000073, 0.0 ], [ 125.468945203000061, 2.652318999000054, 0.0 ], [ 125.46887183000004, 2.652239947000085, 0.0 ], [ 125.468819594000067, 2.652169338000016, 0.0 ], [ 125.468743245000056, 2.65206176, 0.0 ], [ 125.468660026000094, 2.651986971000026, 0.0 ], [ 125.468532835000047, 2.651870126000039, 0.0 ], [ 125.468462317000075, 2.651810868000021, 0.0 ], [ 125.468397432000046, 2.651751599, 0.0 ], [ 125.468343773000043, 2.651673921000059, 0.0 ], [ 125.468281625000046, 2.651575047000049, 0.0 ], [ 125.468240649000123, 2.651501588000011, 0.0 ], [ 125.468189674000087, 2.651390341000043, 0.0 ], [ 125.468171289000068, 2.651349364000028, 0.0 ], [ 125.468154278000085, 2.651291413000029, 0.0 ], [ 125.468155510000102, 2.651202311000029, 0.0 ], [ 125.468151131, 2.651124536000077, 0.0 ], [ 125.468166534000034, 2.651067367000055, 0.0 ], [ 125.468184722000032, 2.65100934500005, 0.0 ], [ 125.468211401000104, 2.650972521000023, 0.0 ], [ 125.468253596000039, 2.650949808000098, 0.0 ], [ 125.468297219000092, 2.650936992000014, 0.0 ], [ 125.468385875000067, 2.650912772000053, 0.0 ], [ 125.468450631000096, 2.650906985000107, 0.0 ], [ 125.468492828000123, 2.650884272, 0.0 ], [ 125.468506831000028, 2.65084605900004, 0.0 ], [ 125.468503922000053, 2.650799394000087, 0.0 ], [ 125.468472815000055, 2.650770488, 0.0 ], [ 125.468447419000086, 2.650743667, 0.0 ], [ 125.468409346000044, 2.65071545800007, 0.0 ], [ 125.468358569000117, 2.650670303000064, 0.0 ], [ 125.468314825000135, 2.65062230600009, 0.0 ], [ 125.468287961000129, 2.650565789000032, 0.0 ], [ 125.468289269000067, 2.650514872, 0.0 ], [ 125.468322981000014, 2.650475205, 0.0 ], [ 125.46835251800006, 2.650459589000038, 0.0 ], [ 125.468405972000042, 2.650434025000054, 0.0 ], [ 125.468476328000079, 2.650411255000035, 0.0 ], [ 125.468542456000051, 2.650387079999989, 0.0 ], [ 125.46860299300009, 2.650384130000011, 0.0 ], [ 125.468660722000067, 2.650384015, 0.0 ], [ 125.468731124000115, 2.650385288000018, 0.0 ], [ 125.46880572200007, 2.650372410000019, 0.0 ], [ 125.468874625, 2.650338925, 0.0 ], [ 125.468894295000027, 2.650317671000019, 0.0 ], [ 125.468909726000149, 2.650289355000075, 0.0 ], [ 125.468918095000049, 2.650249738000083, 0.0 ], [ 125.468902548000088, 2.650220070000026, 0.0 ], [ 125.468872941000129, 2.65020033000008, 0.0 ], [ 125.468829273000068, 2.650190517000068, 0.0 ], [ 125.46877574300008, 2.650176482000061, 0.0 ], [ 125.468709522000012, 2.650153986000065, 0.0 ], [ 125.468591155, 2.650106138000103, 0.0 ], [ 125.468553102000129, 2.650087829, 0.0 ], [ 125.468523466000079, 2.650053946000048, 0.0 ], [ 125.468517754000132, 2.65001294300003, 0.0 ], [ 125.468531770000055, 2.649980387, 0.0 ], [ 125.468550003000047, 2.649944993, 0.0 ], [ 125.468554160000039, 2.649911043000037, 0.0 ], [ 125.468547086000072, 2.649894086000055, 0.0 ], [ 125.468532989000067, 2.649885629000066, 0.0 ], [ 125.468513280000039, 2.649887082, 0.0 ], [ 125.468476733000116, 2.649918270000102, 0.0 ], [ 125.468416283, 2.649965061000065, 0.0 ], [ 125.468355442000117, 2.649988403000043, 0.0 ], [ 125.468300601000024, 2.650023870000046, 0.0 ], [ 125.468254224, 2.65006780600004, 0.0 ], [ 125.468210648000039, 2.65010466400007, 0.0 ], [ 125.468169902000128, 2.650148588000063, 0.0 ], [ 125.468130532000075, 2.650175538000072, 0.0 ], [ 125.468081254999987, 2.650177051000108, 0.0 ], [ 125.46803759700002, 2.650171481, 0.0 ], [ 125.46798548200006, 2.650161686000081, 0.0 ], [ 125.467949992000058, 2.650150977000083, 0.0 ], [ 125.46782394100002, 2.650093731000053, 0.0 ], [ 125.46768932600007, 2.650048001000089, 0.0 ], [ 125.467574782000014, 2.650019481000038, 0.0 ], [ 125.467465990000065, 2.650005324000022, 0.0 ], [ 125.467314287000036, 2.650002752999987, 0.0 ], [ 125.467159757000132, 2.650017437000047, 0.0 ], [ 125.466970919000133, 2.650052315, 0.0 ], [ 125.466810710000118, 2.650090010000012, 0.0 ], [ 125.46670198, 2.650107478000036, 0.0 ], [ 125.466587475000125, 2.650099082000052, 0.0 ], [ 125.466432871000023, 2.65007639200004, 0.0 ], [ 125.466295456000026, 2.650062293000117, 0.0 ], [ 125.466178055000086, 2.650036653000038, 0.0 ], [ 125.466097855000015, 2.650008064000071, 0.0 ], [ 125.466000502000043, 2.649988135000021, 0.0 ], [ 125.465897455000132, 2.649985466000066, 0.0 ], [ 125.465728558000023, 2.649971429000059, 0.0 ], [ 125.465573953000103, 2.649948739000047, 0.0 ], [ 125.465473725000066, 2.649923065000054, 0.0 ], [ 125.465318971000144, 2.649825626000075, 0.0 ], [ 125.464850378, 2.649557318000079, 0.0 ], [ 125.464644016000079, 2.649413982000032, 0.0 ], [ 125.464411888000058, 2.649267823000018, 0.0 ], [ 125.464259900000087, 2.64912150400008, 0.0 ], [ 125.464107935000044, 2.648986685000027, 0.0 ], [ 125.463955937999984, 2.648834616000057, 0.0 ], [ 125.463803296000066, 2.648668501, 0.0 ], [ 125.463720031000094, 2.648536419000076, 0.0 ], [ 125.463573632000063, 2.648321089000023, 0.0 ], [ 125.463418555000118, 2.648059777000073, 0.0 ], [ 125.463309337000041, 2.647895281000052, 0.0 ], [ 125.463215943000051, 2.647743516000018, 0.0 ], [ 125.463163185000127, 2.647544916000106, 0.0 ], [ 125.463127893000134, 2.647352125000053, 0.0 ], [ 125.463121695000069, 2.647159275, 0.0 ], [ 125.463150486000046, 2.647007265000029, 0.0 ], [ 125.463225998000084, 2.646942828000027, 0.0 ], [ 125.463289802000119, 2.646843347000056, 0.0 ], [ 125.463330220000088, 2.646685470000049, 0.0 ], [ 125.463329920000064, 2.646533519000089, 0.0 ], [ 125.463365353000057, 2.646451840000081, 0.0 ], [ 125.463417666000041, 2.646440308000015, 0.0 ], [ 125.4635223, 2.646421814000083, 0.0 ], [ 125.46361326400006, 2.64639420600002, 0.0 ], [ 125.463674628000078, 2.646357513000092, 0.0 ], [ 125.463720019000093, 2.646297998000053, 0.0 ], [ 125.463745338525868, 2.646256637281558, 0.0 ], [ 125.463747000000112, 2.646253, 0.0 ], [ 125.463747966286448, 2.646252344702466, 0.0 ], [ 125.463767649000047, 2.64622019200001, 0.0 ], [ 125.463774304000054, 2.646133328000106, 0.0 ], [ 125.463796887000058, 2.64604643000011, 0.0 ], [ 125.463851379000047, 2.645986896000069, 0.0 ], [ 125.46389228300005, 2.645959387000103, 0.0 ], [ 125.463958272, 2.645959255, 0.0 ], [ 125.464011079000116, 2.645942105000094, 0.0 ], [ 125.464067943000018, 2.645930564000027, 0.0 ], [ 125.464097642391593, 2.645918150102117, 0.0 ], [ 125.464140000000114, 2.645870000000167, 0.0 ], [ 125.464191152365757, 2.645786877405937, 0.0 ], [ 125.464192785000051, 2.645774895000025, 0.0 ], [ 125.464181241000162, 2.645690351000047, 0.0 ], [ 125.464147054, 2.645662993, 0.0 ], [ 125.464101528000043, 2.645653941000054, 0.0 ], [ 125.464080995000032, 2.645626555, 0.0 ], [ 125.464101379000127, 2.645578517000031, 0.0 ], [ 125.464124079000044, 2.645551045000067, 0.0 ], [ 125.464146693000046, 2.645480147000063, 0.0 ], [ 125.46419432900008, 2.645404627000032, 0.0 ], [ 125.464237498000102, 2.645372543000041, 0.0 ], [ 125.464292090000086, 2.645363290999986, 0.0 ], [ 125.464339871000135, 2.645360910000056, 0.0 ], [ 125.464383072000075, 2.645344825000057, 0.0 ], [ 125.46439895900005, 2.64532422300004, 0.0 ], [ 125.464403417000071, 2.645242966000067, 0.0 ], [ 125.464421439000049, 2.645151507000049, 0.0 ], [ 125.46442101, 2.644934378000114, 0.0 ], [ 125.46446852400004, 2.644797148000039, 0.0 ], [ 125.464513811000046, 2.644685064, 0.0 ], [ 125.464612339000027, 2.644597122, 0.0 ], [ 125.464730833000061, 2.64452175600008, 0.0 ], [ 125.464846741000059, 2.644443805000025, 0.0 ], [ 125.46495441077343, 2.64439397532515, 0.0 ], [ 125.464969, 2.644180000000135, 0.0 ], [ 125.465129, 2.644047000000144, 0.0 ], [ 125.465772, 2.643899000000156, 0.0 ], [ 125.466034, 2.643899000000156, 0.0 ], [ 125.466069210725152, 2.643938996649082, 0.0 ], [ 125.466140279000157, 2.643867327000111, 0.0 ], [ 125.466199501000077, 2.643817986000025, 0.0 ], [ 125.466217448000052, 2.64376354700005, 0.0 ], [ 125.466235396000116, 2.64370796200007, 0.0 ], [ 125.466253184000081, 2.643573213000023, 0.0 ], [ 125.466283843000042, 2.643425484000057, 0.0 ], [ 125.466348110000027, 2.643319139000051, 0.0 ], [ 125.466397033, 2.643277591000077, 0.0 ], [ 125.46653366000011, 2.643243639000021, 0.0 ], [ 125.466605795000035, 2.643202045000043, 0.0 ], [ 125.466670146000027, 2.64313715, 0.0 ], [ 125.466670074000021, 2.643100880000022, 0.0 ], [ 125.466664845000125, 2.643064621000041, 0.0 ], [ 125.466644154, 2.643036166000085, 0.0 ], [ 125.466589942000056, 2.643010368, 0.0 ], [ 125.46649194500003, 2.643015745000083, 0.0 ], [ 125.466386246000084, 2.643039272000076, 0.0 ], [ 125.466270210000076, 2.643052457000101, 0.0 ], [ 125.466228413000081, 2.643067225000079, 0.0 ], [ 125.466143404000064, 2.643119208000028, 0.0 ], [ 125.466076355000013, 2.643124523000024, 0.0 ], [ 125.465996392000065, 2.643119501000053, 0.0 ], [ 125.465916367000105, 2.643083392000085, 0.0 ], [ 125.465823431000146, 2.643039536000098, 0.0 ], [ 125.465725280000015, 2.642967194000063, 0.0 ], [ 125.465596158999986, 2.642884551000064, 0.0 ], [ 125.46547212400003, 2.642765628000083, 0.0 ], [ 125.465353270000051, 2.64265705800007, 0.0 ], [ 125.465278270000155, 2.642553581000035, 0.0 ], [ 125.465239351000037, 2.642437079000077, 0.0 ], [ 125.465236584000081, 2.642341230000051, 0.0 ], [ 125.465241568000053, 2.642253138000045, 0.0 ], [ 125.465297774000078, 2.642066377000047, 0.0 ], [ 125.465338551000073, 2.641948902, 0.0 ], [ 125.465383412000065, 2.641823179, 0.0 ], [ 125.465416052, 2.641738672000022, 0.0 ], [ 125.465448769000048, 2.641664978000053, 0.0 ], [ 125.46547272400008, 2.641571447000041, 0.0 ], [ 125.465497656000011, 2.641450177000044, 0.0 ], [ 125.465512983000039, 2.64136450000006, 0.0 ], [ 125.465536143, 2.641263191000027, 0.0 ], [ 125.465556457000076, 2.64116635, 0.0 ], [ 125.46559526100009, 2.64108801000001, 0.0 ], [ 125.465646442000065, 2.64104877700005, 0.0 ], [ 125.465699677000117, 2.641009539, 0.0 ], [ 125.465722145000115, 2.64096624400006, 0.0 ], [ 125.465717950000112, 2.640918882000049, 0.0 ], [ 125.465658441000073, 2.640894286000057, 0.0 ], [ 125.465586640000083, 2.640875893000045, 0.0 ], [ 125.465529238000045, 2.64088012700004, 0.0 ], [ 125.465480064000062, 2.640898761000072, 0.0 ], [ 125.465471935000096, 2.640935850000032, 0.0 ], [ 125.465460200000024, 2.64099332500008, 0.0 ], [ 125.465418105, 2.641142435000072, 0.0 ], [ 125.465307104000047, 2.641281037000082, 0.0 ], [ 125.465233112000064, 2.641376988000028, 0.0 ], [ 125.465171993910175, 2.641375494353666, 0.0 ], [ 125.465197000000174, 2.641492000000129, 0.0 ], [ 125.465212000000179, 2.641712, 0.0 ], [ 125.465212000000179, 2.641947000000117, 0.0 ], [ 125.465169000000174, 2.642168000000106, 0.0 ], [ 125.465111000000164, 2.642256000000105, 0.0 ], [ 125.464823072056546, 2.64228060922605, 0.0 ], [ 125.464807764000042, 2.642332236000106, 0.0 ], [ 125.464736144000057, 2.642561625000079, 0.0 ], [ 125.464652240000049, 2.642652283000119, 0.0 ], [ 125.464508275000043, 2.642743062, 0.0 ], [ 125.464346269000131, 2.642821812000024, 0.0 ], [ 125.464202137000015, 2.642828132000014, 0.0 ], [ 125.464033899000043, 2.642792271000067, 0.0 ], [ 125.463925697000064, 2.642744225000088, 0.0 ], [ 125.463769458000101, 2.642702307, 0.0 ], [ 125.463766635678795, 2.642702903475042, 0.0 ], [ 125.463696, 2.642905000000157, 0.0 ], [ 125.463638000000145, 2.643081000000153, 0.0 ], [ 125.463594, 2.643287000000145, 0.0 ], [ 125.463484036166918, 2.643342495766438, 0.0 ], [ 125.46346747700008, 2.643436230000058, 0.0 ], [ 125.46340400699998, 2.643628763, 0.0 ], [ 125.463321681, 2.643783608000023, 0.0 ], [ 125.463250505000062, 2.643878067000022, 0.0 ], [ 125.46310032100007, 2.643904775000101, 0.0 ], [ 125.462935008000073, 2.643878696000074, 0.0 ], [ 125.462705829000029, 2.643845200000056, 0.0 ], [ 125.46239029500012, 2.643826965000057, 0.0 ], [ 125.462052165000031, 2.643778595000052, 0.0 ], [ 125.46176292300008, 2.643760309000049, 0.0 ], [ 125.461578816000042, 2.643726722000023, 0.0 ], [ 125.46130078000013, 2.643678231, 0.0 ], [ 125.461052771000027, 2.643618363000028, 0.0 ], [ 125.460913690000069, 2.643562048999987, 0.0 ], [ 125.460750030000113, 2.643197923000058, 0.0 ], [ 125.460651424000048, 2.642875656000038, 0.0 ], [ 125.460621154000023, 2.642762536, 0.0 ], [ 125.460594595000046, 2.642626772000051, 0.0 ], [ 125.460567829000055, 2.642385373000062, 0.0 ], [ 125.460462500000048, 2.642302584000051, 0.0 ], [ 125.46036480100004, 2.642280143000059, 0.0 ], [ 125.460158262000093, 2.642299417000055, 0.0 ], [ 125.45998165900005, 2.642262042000072, 0.0 ], [ 125.459812502000091, 2.64219069800003, 0.0 ], [ 125.459673257000105, 2.64205138600005, 0.0 ], [ 125.459582885, 2.641934612000069, 0.0 ], [ 125.459537074000124, 2.641789371000042, 0.0 ], [ 125.459454027000092, 2.641578264999984, 0.0 ], [ 125.459314597000102, 2.641344636000015, 0.0 ], [ 125.459175243000118, 2.64114873300006, 0.0 ], [ 125.459084908, 2.641050823000041, 0.0 ], [ 125.45894262104882, 2.641001118818204, 0.0 ], [ 125.4589390000002, 2.641020000000156, 0.0 ], [ 125.458838, 2.641343, 0.0 ], [ 125.458662, 2.641490000000141, 0.0 ], [ 125.458605991553597, 2.641510181181223, 0.0 ], [ 125.458596950000057, 2.641540673000071, 0.0 ], [ 125.458484725000091, 2.641771030000035, 0.0 ], [ 125.458368594999982, 2.641925942000062, 0.0 ], [ 125.458143574000019, 2.642096161000024, 0.0 ], [ 125.458008769000145, 2.642303927000073, 0.0 ], [ 125.457892308000012, 2.642603388000071, 0.0 ], [ 125.45767885600003, 2.642772535000033, 0.0 ], [ 125.457495613000148, 2.642772900000063, 0.0 ], [ 125.457289374000041, 2.64272729600002, 0.0 ], [ 125.457060095000074, 2.642612713000043, 0.0 ], [ 125.456769732000126, 2.642498253000076, 0.0 ], [ 125.456586248000036, 2.642375910000078, 0.0 ], [ 125.456494279999987, 2.642199701000065, 0.0 ], [ 125.456440561999983, 2.642061763000109, 0.0 ], [ 125.456417264, 2.641862409000046, 0.0 ], [ 125.456378591000089, 2.641609402000073, 0.0 ], [ 125.456324302000127, 2.641180033000074, 0.0 ], [ 125.456259572, 2.640879578000083, 0.0 ], [ 125.456190344000149, 2.640671608000018, 0.0 ], [ 125.456068087000062, 2.640500399000063, 0.0 ], [ 125.455911576000091, 2.640270475000046, 0.0 ], [ 125.455774475000112, 2.639991527000058, 0.0 ], [ 125.455705641, 2.639707543, 0.0 ], [ 125.455705284999979, 2.639526296000023, 0.0 ], [ 125.455646651182008, 2.639476015171278, 0.0 ], [ 125.455593000000107, 2.639573000000157, 0.0 ], [ 125.455476000000189, 2.639764000000151, 0.0 ], [ 125.455374000000106, 2.639882000000144, 0.0 ], [ 125.455349208023193, 2.63988205297448, 0.0 ], [ 125.455315429000052, 2.640053455000031, 0.0 ], [ 125.45526700800005, 2.640229901000064, 0.0 ], [ 125.455164815000117, 2.640342772000077, 0.0 ], [ 125.45498443800011, 2.640377420000013, 0.0 ], [ 125.454682095000052, 2.640387817999985, 0.0 ], [ 125.454579614000096, 2.640353731000095, 0.0 ], [ 125.454491695000115, 2.640285325000031, 0.0 ], [ 125.454426081000094, 2.640221726, 0.0 ], [ 125.454255276, 2.640163281000058, 0.0 ], [ 125.45395287300002, 2.640144288000085, 0.0 ], [ 125.453704184000145, 2.640159476000099, 0.0 ], [ 125.453523837000049, 2.640208821, 0.0 ], [ 125.453475251000114, 2.640301991000078, 0.0 ], [ 125.45340219400012, 2.640351123000057, 0.0 ], [ 125.453255965000011, 2.640390602000037, 0.0 ], [ 125.453168249000115, 2.640425066000047, 0.0 ], [ 125.453090479999986, 2.640557484000079, 0.0 ], [ 125.453051591000062, 2.640621243000025, 0.0 ], [ 125.452983448000012, 2.640689958000026, 0.0 ], [ 125.452939816000054, 2.640822308000052, 0.0 ], [ 125.45296948100011, 2.641027992000017, 0.0 ], [ 125.452969769000134, 2.641174949000098, 0.0 ], [ 125.452955389000095, 2.641302342000069, 0.0 ], [ 125.452877466000047, 2.64135638200001, 0.0 ], [ 125.452716510000045, 2.641346904000025, 0.0 ], [ 125.452594589000086, 2.641347146000045, 0.0 ], [ 125.452336097000099, 2.641337863000077, 0.0 ], [ 125.451531415000133, 2.641339459000031, 0.0 ], [ 125.451238774000075, 2.641325344000018, 0.0 ], [ 125.451116786000028, 2.641291295000043, 0.0 ], [ 125.451023971000069, 2.641213102000057, 0.0 ], [ 125.450974944000095, 2.641080935000046, 0.0 ], [ 125.450891759000143, 2.64093904100003, 0.0 ], [ 125.450705814000131, 2.640620998, 0.0 ], [ 125.45058827, 2.640366502000086, 0.0 ], [ 125.450470937000048, 2.640219776000025, 0.0 ], [ 125.450382932000053, 2.640107282000043, 0.0 ], [ 125.450268309533698, 2.640042338738253, 0.0 ], [ 125.450220000000158, 2.640127000000165, 0.0 ], [ 125.450147, 2.640333000000156, 0.0 ], [ 125.450035852814224, 2.64045350694902, 0.0 ], [ 125.450032567000108, 2.640499867000107, 0.0 ], [ 125.450027940000084, 2.640627240000077, 0.0 ], [ 125.449974631000018, 2.640798799000061, 0.0 ], [ 125.449852111000013, 2.641172850000013, 0.0 ], [ 125.449754795000132, 2.641285711000025, 0.0 ], [ 125.449669397000079, 2.641314618000019, 0.0 ], [ 125.449537799000026, 2.641354068000085, 0.0 ], [ 125.449298793000054, 2.641334948000102, 0.0 ], [ 125.448947583000049, 2.641296455000026, 0.0 ], [ 125.44872313200004, 2.641238116000084, 0.0 ], [ 125.448605914000012, 2.641150173, 0.0 ], [ 125.44848861, 2.641018142000091, 0.0 ], [ 125.448395805000047, 2.640944846000066, 0.0 ], [ 125.448317670000066, 2.640891116000061, 0.0 ], [ 125.448156714000064, 2.640881638000076, 0.0 ], [ 125.447976338000061, 2.640916285000101, 0.0 ], [ 125.447888851000016, 2.641068316000068, 0.0 ], [ 125.447816024000119, 2.641235015000094, 0.0 ], [ 125.447752768000129, 2.641308620000055, 0.0 ], [ 125.447645622000053, 2.641382312000113, 0.0 ], [ 125.447426191000105, 2.641397443000033, 0.0 ], [ 125.44723605100009, 2.641427211000098, 0.0 ], [ 125.447109174000076, 2.641388273000073, 0.0 ], [ 125.44705048900002, 2.641305112000031, 0.0 ], [ 125.44703086700008, 2.641246368000056, 0.0 ], [ 125.446981896000025, 2.641143593000079, 0.0 ], [ 125.446840285000036, 2.641050799000039, 0.0 ], [ 125.44665262100014, 2.641001434000041, 0.0 ], [ 125.446516089000028, 2.641011501000074, 0.0 ], [ 125.446423542000019, 2.641070468000068, 0.0 ], [ 125.446335969000046, 2.641178412000029, 0.0 ], [ 125.446297262000044, 2.641335245000038, 0.0 ], [ 125.446253561000077, 2.64143330499998, 0.0 ], [ 125.446180437000066, 2.641448146000053, 0.0 ], [ 125.446024386000119, 2.64145335300004, 0.0 ], [ 125.445741633, 2.641507798000015, 0.0 ], [ 125.445614864000078, 2.641522745, 0.0 ], [ 125.445424588000051, 2.641483932, 0.0 ], [ 125.445263468000036, 2.641391177000047, 0.0 ], [ 125.445141431999986, 2.641332634, 0.0 ], [ 125.444980504000071, 2.641337852000076, 0.0 ], [ 125.444863526000077, 2.641372373, 0.0 ], [ 125.444761170000135, 2.641401968000052, 0.0 ], [ 125.444472701000066, 2.641303151000047, 0.0 ], [ 125.444258060000081, 2.641274184000048, 0.0 ], [ 125.444067832000059, 2.641259864000107, 0.0 ], [ 125.443940938000125, 2.641211129000071, 0.0 ], [ 125.443804242000098, 2.641137919000053, 0.0 ], [ 125.443599297000105, 2.641079541000108, 0.0 ], [ 125.443399230000068, 2.641021153000073, 0.0 ], [ 125.443223518000096, 2.640948020000062, 0.0 ], [ 125.443023374000063, 2.640850442000071, 0.0 ], [ 125.442935418000062, 2.640762440000072, 0.0 ], [ 125.442876742000095, 2.640684178000081, 0.0 ], [ 125.442832495000076, 2.640503015000013, 0.0 ], [ 125.442783383000091, 2.640326760000084, 0.0 ], [ 125.442743918000033, 2.640096601000048, 0.0 ], [ 125.442743555000092, 2.639910453000011, 0.0 ], [ 125.442768316000098, 2.63981157500009, 0.0 ], [ 125.442822081000017, 2.639436505000054, 0.0 ], [ 125.442813170999983, 2.639217735000072, 0.0 ], [ 125.442776040000027, 2.639024592000078, 0.0 ], [ 125.442721927000079, 2.63882296, 0.0 ], [ 125.442662237000022, 2.638661118000114, 0.0 ], [ 125.442634471383727, 2.638627149166323, 0.0 ], [ 125.442566000000141, 2.638776000000115, 0.0 ], [ 125.442410338730227, 2.638836308554888, 0.0 ], [ 125.442402660000127, 2.638934405000077, 0.0 ], [ 125.442363644000011, 2.639224305, 0.0 ], [ 125.442296155000022, 2.639411971000067, 0.0 ], [ 125.442191672999982, 2.639477529999985, 0.0 ], [ 125.442027718000105, 2.639492061000032, 0.0 ], [ 125.441703184000076, 2.639511549000046, 0.0 ], [ 125.441623549786982, 2.639580904688971, 0.0 ], [ 125.441618, 2.639703, 0.0 ], [ 125.441677000000126, 2.639938000000159, 0.0 ], [ 125.441736000000205, 2.640261, 0.0 ], [ 125.442029000000204, 2.640819000000223, 0.0 ], [ 125.442073, 2.640965, 0.0 ], [ 125.442161, 2.641097000000132, 0.0 ], [ 125.442351000000116, 2.641288000000126, 0.0 ], [ 125.442526, 2.641464000000122, 0.0 ], [ 125.44279, 2.641698000000121, 0.0 ], [ 125.443112, 2.642197000000197, 0.0 ], [ 125.4433760000001, 2.642417000000103, 0.0 ], [ 125.443727, 2.6426660000001, 0.0 ], [ 125.444691000000191, 2.643031000000102, 0.0 ], [ 125.445012, 2.643074000000107, 0.0 ], [ 125.445552000000106, 2.6430880000002, 0.0 ], [ 125.446195000000202, 2.643028000000209, 0.0 ], [ 125.446472000000114, 2.642998000000214, 0.0 ], [ 125.446837000000116, 2.642953000000221, 0.0 ], [ 125.447158000000215, 2.642952000000138, 0.0 ], [ 125.447538000000122, 2.643010000000141, 0.0 ], [ 125.447903, 2.643113000000136, 0.0 ], [ 125.448254, 2.643259000000137, 0.0 ], [ 125.448634000000126, 2.643449000000226, 0.0 ], [ 125.449161000000117, 2.643859000000221, 0.0 ], [ 125.450981, 2.645060000000116, 0.0 ], [ 125.451186, 2.645118000000119, 0.0 ], [ 125.451683000000159, 2.645469, 0.0 ], [ 125.451844, 2.6456600000002, 0.0 ], [ 125.45253100000015, 2.646070000000195, 0.0 ], [ 125.45294, 2.646319000000192, 0.0 ], [ 125.453233, 2.646509000000103, 0.0 ], [ 125.453993, 2.646845, 0.0 ], [ 125.454765000000165, 2.647318, 0.0 ], [ 125.454828, 2.647269000000103, 0.0 ], [ 125.454918, 2.647159, 0.0 ], [ 125.454972000000154, 2.647118000000221, 0.0 ], [ 125.455031000000233, 2.647101, 0.0 ], [ 125.455110000000104, 2.647101, 0.0 ], [ 125.455208, 2.647106000000116, 0.0 ], [ 125.455337, 2.647079000000192, 0.0 ], [ 125.455441000000135, 2.647087000000143, 0.0 ], [ 125.455499000000145, 2.647087000000143, 0.0 ], [ 125.455580000000182, 2.647103, 0.0 ], [ 125.455694000000108, 2.647136000000112, 0.0 ], [ 125.455738, 2.647190000000139, 0.0 ], [ 125.455782000000113, 2.647242000000178, 0.0 ], [ 125.455847000000162, 2.647346, 0.0 ], [ 125.455935000000153, 2.647403000000176, 0.0 ], [ 125.455994, 2.647472, 0.0 ], [ 125.456139, 2.647499000000126, 0.0 ], [ 125.456335000000124, 2.647512000000136, 0.0 ], [ 125.456501, 2.647528000000216, 0.0 ], [ 125.457009000000113, 2.647752, 0.0 ], [ 125.457088, 2.64779, 0.0 ], [ 125.457164, 2.647822000000206, 0.0 ], [ 125.457295, 2.647877000000138, 0.0 ], [ 125.457401, 2.64790100000017, 0.0 ], [ 125.457477, 2.647926000000107, 0.0 ], [ 125.457616, 2.647942000000187, 0.0 ], [ 125.457753000000125, 2.647950000000138, 0.0 ], [ 125.457886000000116, 2.64796100000016, 0.0 ], [ 125.458024, 2.647977, 0.0 ], [ 125.458095000000171, 2.648004000000165, 0.0 ], [ 125.458487000000105, 2.648274000000123, 0.0 ], [ 125.458533000000173, 2.648321000000104, 0.0 ], [ 125.458577, 2.64836700000018, 0.0 ], [ 125.458634000000188, 2.648455000000178, 0.0 ], [ 125.458662, 2.64855, 0.0 ], [ 125.458738000000182, 2.64872, 0.0 ], [ 125.458749000000111, 2.64880700000017, 0.0 ], [ 125.458776, 2.64890300000012, 0.0 ], [ 125.458809000000102, 2.649056000000167, 0.0 ], [ 125.458842, 2.649158, 0.0 ], [ 125.458806000000209, 2.649492000000182, 0.0 ], [ 125.458798, 2.649555, 0.0 ], [ 125.458779000000192, 2.649651000000192, 0.0 ], [ 125.458687000000126, 2.649777000000137, 0.0 ], [ 125.458624, 2.649870000000194, 0.0 ], [ 125.458575, 2.649941000000206, 0.0 ], [ 125.458494000000243, 2.6501, 0.0 ], [ 125.458402000000177, 2.650169, 0.0 ], [ 125.458221000000123, 2.650601000000103, 0.0 ], [ 125.458194, 2.650634000000169, 0.0 ], [ 125.458165000000108, 2.650706, 0.0 ], [ 125.458064000000192, 2.650917000000137, 0.0 ], [ 125.458035, 2.651007000000122, 0.0 ], [ 125.457899, 2.651185000000106, 0.0 ], [ 125.457738000000219, 2.651248000000168, 0.0 ], [ 125.457513000000162, 2.651498, 0.0 ], [ 125.457486000000145, 2.651608000000111, 0.0 ], [ 125.457506000000109, 2.651695000000204, 0.0 ], [ 125.457535, 2.651750000000137, 0.0 ], [ 125.457858000000101, 2.652009, 0.0 ], [ 125.457899, 2.652064000000182, 0.0 ], [ 125.458084000000241, 2.652176, 0.0 ], [ 125.458122000000103, 2.652217, 0.0 ], [ 125.458104, 2.652302000000157, 0.0 ], [ 125.458074, 2.652345000000162, 0.0 ], [ 125.457998000000231, 2.652422000000138, 0.0 ], [ 125.457974000000107, 2.652524000000229, 0.0 ], [ 125.457960000000114, 2.652685, 0.0 ], [ 125.45784, 2.653282, 0.0 ], [ 125.457830000000186, 2.653318000000199, 0.0 ], [ 125.457830000000186, 2.653372, 0.0 ], [ 125.457813000000115, 2.653419, 0.0 ], [ 125.457762, 2.653479000000198, 0.0 ], [ 125.457708000000125, 2.653499, 0.0 ], [ 125.457585, 2.65352100000012, 0.0 ], [ 125.457509000000186, 2.653526000000179, 0.0 ], [ 125.457401671053205, 2.653533401996439, 0.0 ], [ 125.457394065, 2.653562898000034, 0.0 ], [ 125.457381988000066, 2.653651528000085, 0.0 ], [ 125.457377321000124, 2.65376967900009, 0.0 ], [ 125.45736521900001, 2.6538460040001, 0.0 ], [ 125.457331016000026, 2.653897759000118, 0.0 ], [ 125.457301666, 2.653924893000054, 0.0 ], [ 125.457260043000019, 2.653942204000066, 0.0 ], [ 125.457206134000089, 2.653942311999986, 0.0 ], [ 125.457130158000012, 2.653935080000098, 0.0 ], [ 125.45692924700009, 2.653945327000057, 0.0 ], [ 125.45685020197196, 2.653973292591056, 0.0 ], [ 125.456849000000105, 2.653990000000201, 0.0 ], [ 125.456919000000127, 2.654018000000208, 0.0 ], [ 125.456993000000125, 2.654064000000107, 0.0 ], [ 125.457078, 2.654113, 0.0 ], [ 125.457129, 2.654201, 0.0 ], [ 125.457195000000226, 2.654269000000193, 0.0 ], [ 125.457205, 2.654362, 0.0 ], [ 125.457249, 2.654488000000194, 0.0 ], [ 125.457321, 2.65454, 0.0 ], [ 125.45744300000014, 2.654567000000158, 0.0 ], [ 125.457904000000184, 2.654582000000156, 0.0 ], [ 125.457975, 2.654593000000178, 0.0 ], [ 125.458046000000124, 2.654626, 0.0 ], [ 125.458098, 2.65466400000019, 0.0 ], [ 125.458168, 2.654699, 0.0 ], [ 125.458226000000181, 2.65474, 0.0 ], [ 125.458321, 2.65477300000015, 0.0 ], [ 125.458424, 2.654778000000208, 0.0 ], [ 125.458536, 2.654784000000172, 0.0 ], [ 125.458699, 2.654789, 0.0 ], [ 125.458841, 2.654805000000133, 0.0 ], [ 125.458996000000212, 2.654851000000209, 0.0 ], [ 125.4591, 2.654873, 0.0 ], [ 125.459431000000137, 2.654987, 0.0 ], [ 125.459513000000172, 2.655003000000173, 0.0 ], [ 125.459613000000189, 2.655036, 0.0 ], [ 125.459693000000144, 2.655080000000149, 0.0 ], [ 125.459771000000202, 2.655118, 0.0 ], [ 125.459872000000118, 2.655161000000101, 0.0 ], [ 125.459967, 2.655216, 0.0 ], [ 125.460104, 2.655331000000134, 0.0 ], [ 125.460197000000193, 2.655377, 0.0 ], [ 125.460343000000194, 2.655423000000107, 0.0 ], [ 125.460556000000139, 2.655439000000188, 0.0 ], [ 125.460646000000125, 2.655461, 0.0 ], [ 125.460756, 2.655699000000206, 0.0 ], [ 125.460762, 2.655748000000175, 0.0 ], [ 125.460754, 2.655792, 0.0 ], [ 125.460716000000147, 2.655855000000146, 0.0 ], [ 125.46061, 2.656014000000157, 0.0 ], [ 125.460566000000171, 2.656052000000104, 0.0 ], [ 125.460469000000131, 2.656146, 0.0 ], [ 125.460412, 2.656192000000141, 0.0 ], [ 125.46033, 2.656255, 0.0 ], [ 125.460243, 2.65632700000012, 0.0 ], [ 125.460151, 2.656436, 0.0 ], [ 125.459895, 2.656642, 0.0 ], [ 125.459888168269245, 2.656645653078355, 0.0 ], [ 125.459877620000057, 2.656685463000025, 0.0 ], [ 125.459883891000132, 2.656724340000045, 0.0 ], [ 125.459890154000021, 2.656758549000033, 0.0 ], [ 125.459863707000054, 2.656794980000027, 0.0 ], [ 125.45983433500011, 2.656821483000089, 0.0 ], [ 125.459821968000071, 2.656832397000104, 0.0 ], [ 125.459803434000051, 2.656858878999985, 0.0 ], [ 125.459805030000084, 2.656882209000051, 0.0 ], [ 125.459823663000037, 2.656907061000064, 0.0 ], [ 125.459846947000088, 2.656933459000117, 0.0 ], [ 125.459857842000019, 2.656961438000033, 0.0 ], [ 125.459843944000113, 2.656981688000021, 0.0 ], [ 125.459816098000033, 2.65699729900007, 0.0 ], [ 125.459772747000088, 2.657003608000059, 0.0 ], [ 125.459712365000058, 2.657011507000091, 0.0 ], [ 125.459589815000044, 2.657059009000024, 0.0 ], [ 125.459535619, 2.657062230000024, 0.0 ], [ 125.459481448000048, 2.657079449000028, 0.0 ], [ 125.459435032000115, 2.657101320000061, 0.0 ], [ 125.459399482000109, 2.657137170000096, 0.0 ], [ 125.459379395000042, 2.657160543999987, 0.0 ], [ 125.459353121000092, 2.657187041000048, 0.0 ], [ 125.459349896753977, 2.657190151069406, 0.0 ], [ 125.459356, 2.657215, 0.0 ], [ 125.459389000000129, 2.65725900000014, 0.0 ], [ 125.459571, 2.657341000000175, 0.0 ], [ 125.459664000000231, 2.65737100000017, 0.0 ], [ 125.459716000000185, 2.657423, 0.0 ], [ 125.459806000000171, 2.657617, 0.0 ], [ 125.459806000000171, 2.657680000000157, 0.0 ], [ 125.459769000000122, 2.657754, 0.0 ], [ 125.459659, 2.657812, 0.0 ], [ 125.459559, 2.657856000000153, 0.0 ], [ 125.459428, 2.657913, 0.0 ], [ 125.45927900000018, 2.657985000000169, 0.0 ], [ 125.459254294401717, 2.658045463701415, 0.0 ], [ 125.459299767000033, 2.658056786000069, 0.0 ], [ 125.459331299000056, 2.65807254300004, 0.0 ], [ 125.459356937000052, 2.658094244000059, 0.0 ], [ 125.459355010000067, 2.658116, 0.0 ], [ 125.459337355000116, 2.65814767600004, 0.0 ], [ 125.45931177600005, 2.658155637000077, 0.0 ], [ 125.459295065251879, 2.658158819191032, 0.0 ], [ 125.459338, 2.658223000000143, 0.0 ], [ 125.45941700000013, 2.658261, 0.0 ], [ 125.459547, 2.658296000000144, 0.0 ], [ 125.459645, 2.65834, 0.0 ], [ 125.459782, 2.65838600000013, 0.0 ], [ 125.459804000000176, 2.658482, 0.0 ], [ 125.459782, 2.658575000000136, 0.0 ], [ 125.459766, 2.658616000000153, 0.0 ], [ 125.459698000000117, 2.658666, 0.0 ], [ 125.459603000000158, 2.658685000000178, 0.0 ], [ 125.459524000000101, 2.658707, 0.0 ], [ 125.45939100000011, 2.658721000000137, 0.0 ], [ 125.459284, 2.658765, 0.0 ], [ 125.459235, 2.658814000000193, 0.0 ], [ 125.459232165643073, 2.658818061168395, 0.0 ], [ 125.459345308999971, 2.65888783, 0.0 ], [ 125.459406441000056, 2.658933299000028, 0.0 ], [ 125.459478567, 2.658999184000061, 0.0 ], [ 125.459513086, 2.659041562000015, 0.0 ], [ 125.459535086000045, 2.659085537000101, 0.0 ], [ 125.459528861000067, 2.659104415000064, 0.0 ], [ 125.459499146000098, 2.65911548, 0.0 ], [ 125.45940987600008, 2.659087360000074, 0.0 ], [ 125.459350377000035, 2.659076475000061, 0.0 ], [ 125.459320687000073, 2.659100115000063, 0.0 ], [ 125.459276928, 2.659133218000049, 0.0 ], [ 125.459242508000088, 2.659139576000042, 0.0 ], [ 125.459176742000068, 2.659125558000037, 0.0 ], [ 125.459153182000065, 2.659083158000081, 0.0 ], [ 125.459097516799176, 2.659053791288175, 0.0 ], [ 125.459062000000159, 2.659121000000193, 0.0 ], [ 125.458907385444874, 2.659173750848504, 0.0 ], [ 125.458904751000119, 2.659270007, 0.0 ], [ 125.458903595000024, 2.659305053000056, 0.0 ], [ 125.458896912000085, 2.6593302750001, 0.0 ], [ 125.458883517000132, 2.659365961000033, 0.0 ], [ 125.458863979000029, 2.659390594000028, 0.0 ], [ 125.458843826000049, 2.659414612000061, 0.0 ], [ 125.45880588300011, 2.659418377000106, 0.0 ], [ 125.458783222000093, 2.65941042900007, 0.0 ], [ 125.458767286000025, 2.659400624000058, 0.0 ], [ 125.458757458, 2.659382814, 0.0 ], [ 125.458747011000028, 2.659361931000054, 0.0 ], [ 125.458737197000104, 2.659352113000041, 0.0 ], [ 125.458714138000161, 2.659362676000027, 0.0 ], [ 125.458683172000079, 2.659398949, 0.0 ], [ 125.458647927, 2.659482862000024, 0.0 ], [ 125.458620168000024, 2.659515946000097, 0.0 ], [ 125.458556984000126, 2.659541479000078, 0.0 ], [ 125.458465926000045, 2.659541661000093, 0.0 ], [ 125.458400115000018, 2.659518926999988, 0.0 ], [ 125.458276133999973, 2.659498851000015, 0.0 ], [ 125.458192679, 2.659506640000037, 0.0 ], [ 125.45806622900011, 2.659517056000011, 0.0 ], [ 125.457967627000031, 2.659540119000054, 0.0 ], [ 125.457929817, 2.659606252000019, 0.0 ], [ 125.457879385000098, 2.65968511300006, 0.0 ], [ 125.457828919, 2.659746190000051, 0.0 ], [ 125.457760675000046, 2.659771734000033, 0.0 ], [ 125.457702498000117, 2.659771851000043, 0.0 ], [ 125.457641728000155, 2.659738943000074, 0.0 ], [ 125.457543035000072, 2.659716275000063, 0.0 ], [ 125.457454491000021, 2.659708830000069, 0.0 ], [ 125.457328076000053, 2.659737031, 0.0 ], [ 125.457239622000102, 2.659775318000063, 0.0 ], [ 125.457189150000104, 2.659833854000022, 0.0 ], [ 125.457105745000035, 2.659867050000104, 0.0 ], [ 125.4569668, 2.659903579000018, 0.0 ], [ 125.456860239000065, 2.659911872000082, 0.0 ], [ 125.456751650000143, 2.659910069000022, 0.0 ], [ 125.45663102600011, 2.659924450000057, 0.0 ], [ 125.45649445800008, 2.660011575000071, 0.0 ], [ 125.456367967000105, 2.660108779000032, 0.0 ], [ 125.456251452000046, 2.660167587000013, 0.0 ], [ 125.456144877000028, 2.66016780000003, 0.0 ], [ 125.455931692000064, 2.660152068000061, 0.0 ], [ 125.455868579400388, 2.66015833051812, 0.0 ], [ 125.455924000000223, 2.660198000000131, 0.0 ], [ 125.456012000000129, 2.660261000000192, 0.0 ], [ 125.456444, 2.660564000000216, 0.0 ], [ 125.456452000000127, 2.66064300000018, 0.0 ], [ 125.456444, 2.660714, 0.0 ], [ 125.456419, 2.660837, 0.0 ], [ 125.456381000000107, 2.660917000000113, 0.0 ], [ 125.456324, 2.661015, 0.0 ], [ 125.456317529326768, 2.661037370041869, 0.0 ], [ 125.45633185900013, 2.661058447000093, 0.0 ], [ 125.456329928000059, 2.66109884700006, 0.0 ], [ 125.456289794000114, 2.661141343000024, 0.0 ], [ 125.456286948813002, 2.661143472182188, 0.0 ], [ 125.456107000000173, 2.661799, 0.0 ], [ 125.45605, 2.66180400000014, 0.0 ], [ 125.45598970381586, 2.661797894057367, 0.0 ], [ 125.455997671000105, 2.661841419000039, 0.0 ], [ 125.455995816000041, 2.662029934, 0.0 ], [ 125.455985954000113, 2.662115472000066, 0.0 ], [ 125.455977901000068, 2.662154273000079, 0.0 ], [ 125.455957676, 2.66220330500005, 0.0 ], [ 125.455939446000087, 2.662233961000011, 0.0 ], [ 125.455894793000112, 2.662262629000073, 0.0 ], [ 125.455819628000114, 2.662277068000025, 0.0 ], [ 125.455687572000116, 2.662297746000048, 0.0 ], [ 125.455531177000054, 2.662342968000059, 0.0 ], [ 125.455423559000124, 2.662390133000054, 0.0 ], [ 125.455307788000042, 2.662425067000102, 0.0 ], [ 125.455230688000057, 2.662488502000022, 0.0 ], [ 125.45519625600005, 2.662547769000041, 0.0 ], [ 125.455167999000111, 2.66264580800007, 0.0 ], [ 125.455119269000079, 2.662668360000071, 0.0 ], [ 125.45504608400006, 2.662656259000046, 0.0 ], [ 125.454983043000084, 2.662635972000055, 0.0 ], [ 125.454899712000028, 2.662632056000087, 0.0 ], [ 125.454812350000083, 2.662644479000049, 0.0 ], [ 125.454790091000106, 2.66269351500002, 0.0 ], [ 125.454796363, 2.662772596, 0.0 ], [ 125.454805148000105, 2.662843479000083, 0.0 ], [ 125.454808178, 2.662918715000091, 0.0 ], [ 125.454762340000116, 2.663050479000068, 0.0 ], [ 125.454716427000136, 2.6631431760001, 0.0 ], [ 125.4546643420001, 2.663218001000073, 0.0 ], [ 125.454596734, 2.663267332999981, 0.0 ], [ 125.454510407000058, 2.663321043000073, 0.0 ], [ 125.454399633000136, 2.66339650600001, 0.0 ], [ 125.45429603, 2.66345459200002, 0.0 ], [ 125.45417567299998, 2.663465248000014, 0.0 ], [ 125.454064724000133, 2.663452449000021, 0.0 ], [ 125.453962445000101, 2.663452653000038, 0.0 ], [ 125.453848660000105, 2.663461563000064, 0.0 ], [ 125.453785298000099, 2.663473265000055, 0.0 ], [ 125.453701787000128, 2.663493690000058, 0.0 ], [ 125.453638532000042, 2.663558929000038, 0.0 ], [ 125.453546409000054, 2.663595287000026, 0.0 ], [ 125.453432581000058, 2.663583940000064, 0.0 ], [ 125.453341816, 2.663578334000045, 0.0 ], [ 125.45320360700012, 2.663620572000076, 0.0 ], [ 125.453123067000107, 2.663687293000089, 0.0 ], [ 125.453077148000048, 2.663777096000059, 0.0 ], [ 125.453074959000134, 2.663856241000035, 0.0 ], [ 125.453068557000037, 2.663921857000046, 0.0 ], [ 125.45304581500011, 2.66398094600005, 0.0 ], [ 125.453009986000083, 2.66402858, 0.0 ], [ 125.452970848000035, 2.664053260000083, 0.0 ], [ 125.452890881, 2.664074741, 0.0 ], [ 125.452833813000069, 2.664115857000111, 0.0 ], [ 125.452780034000057, 2.664168448000021, 0.0 ], [ 125.452718096, 2.664224335000027, 0.0 ], [ 125.452680219000058, 2.66428448200003, 0.0 ], [ 125.452659047000083, 2.664312406000031, 0.0 ], [ 125.452628097000101, 2.664350190000048, 0.0 ], [ 125.452608609000094, 2.664402712000042, 0.0 ], [ 125.452587520000037, 2.664473278000019, 0.0 ], [ 125.452566424000153, 2.664538924000032, 0.0 ], [ 125.45253548800008, 2.66458326800006, 0.0 ], [ 125.452457183000078, 2.664619507000038, 0.0 ], [ 125.452373973000036, 2.664652476000102, 0.0 ], [ 125.452297276000081, 2.66467559000006, 0.0 ], [ 125.452281299395779, 2.664681075948023, 0.0 ], [ 125.452090382914932, 2.664940037020786, 0.0 ], [ 125.452102454000041, 2.665029595000041, 0.0 ], [ 125.452065264000069, 2.665092905000039, 0.0 ], [ 125.45203772500011, 2.665123945000031, 0.0 ], [ 125.451999632000067, 2.665155006000026, 0.0 ], [ 125.451955881000089, 2.665198310000056, 0.0 ], [ 125.451943762000056, 2.665226872000021, 0.0 ], [ 125.451947066000159, 2.665255405000073, 0.0 ], [ 125.451963679000102, 2.665335241000017, 0.0 ], [ 125.451929709000055, 2.665408128, 0.0 ], [ 125.4518659270001, 2.665502491, 0.0 ], [ 125.451773677000105, 2.665644037000076, 0.0 ], [ 125.451735458000059, 2.665714471000042, 0.0 ], [ 125.451695565000037, 2.665781558000086, 0.0 ], [ 125.451655714000026, 2.665870421000067, 0.0 ], [ 125.451599246000157, 2.665989471000058, 0.0 ], [ 125.451511092000047, 2.666181314000033, 0.0 ], [ 125.451499566000081, 2.666256719000055, 0.0 ], [ 125.451472989000095, 2.666310378000054, 0.0 ], [ 125.451439726000103, 2.666357349000032, 0.0 ], [ 125.451379786000118, 2.666407724000026, 0.0 ], [ 125.451326562000062, 2.666479863000044, 0.0 ], [ 125.451301658000048, 2.666536868000053, 0.0 ], [ 125.451274984000051, 2.666637095000086, 0.0 ], [ 125.451240132000109, 2.666724274000016, 0.0 ], [ 125.451186871000132, 2.666777985000108, 0.0 ], [ 125.451126968000068, 2.666846788000028, 0.0 ], [ 125.451082093000082, 2.666925610000066, 0.0 ], [ 125.45102728100008, 2.667037956000035, 0.0 ], [ 125.451004074000025, 2.667110034000048, 0.0 ], [ 125.450979097000086, 2.667130186000028, 0.0 ], [ 125.450955964000045, 2.667161005, 0.0 ], [ 125.450925203000068, 2.667237495000025, 0.0 ], [ 125.45089922700005, 2.667328307000078, 0.0 ], [ 125.450880364000085, 2.66740955100005, 0.0 ], [ 125.450854331000073, 2.667471701000041, 0.0 ], [ 125.450806855000138, 2.667512399000033, 0.0 ], [ 125.450759436000126, 2.667581757000088, 0.0 ], [ 125.45074289, 2.667631947000066, 0.0 ], [ 125.450697586000061, 2.667716950000083, 0.0 ], [ 125.450652678000083, 2.667853178000074, 0.0 ], [ 125.450602899000046, 2.667932095000031, 0.0 ], [ 125.450519841000101, 2.668015856000034, 0.0 ], [ 125.450470075000069, 2.668101938000051, 0.0 ], [ 125.450417947000105, 2.668195189000039, 0.0 ], [ 125.450368207000082, 2.668293214000068, 0.0 ], [ 125.450256600000088, 2.668369866000015, 0.0 ], [ 125.45016536, 2.668399826, 0.0 ], [ 125.450103132000081, 2.668477800000064, 0.0 ], [ 125.45002023300006, 2.668618474000068, 0.0 ], [ 125.449935465000067, 2.668768646000059, 0.0 ], [ 125.449850672000068, 2.668907426, 0.0 ], [ 125.449828161999989, 2.668994814000031, 0.0 ], [ 125.449754649000027, 2.669101292000049, 0.0 ], [ 125.449659974000014, 2.66924669, 0.0 ], [ 125.449512743, 2.669357113000077, 0.0 ], [ 125.449386315000112, 2.66947129200002, 0.0 ], [ 125.449373198004878, 2.669482856358025, 0.0 ], [ 125.449380000000119, 2.669518000000155, 0.0 ], [ 125.449432, 2.669589000000167, 0.0 ], [ 125.449752000000259, 2.669758000000117, 0.0 ], [ 125.449823, 2.669783, 0.0 ], [ 125.449942, 2.669815000000215, 0.0 ], [ 125.45009, 2.66982900000013, 0.0 ], [ 125.450195000000136, 2.669826, 0.0 ], [ 125.450381000000249, 2.669806000000181, 0.0 ], [ 125.450468, 2.669762, 0.0 ], [ 125.450549, 2.669732, 0.0 ], [ 125.450645, 2.669726000000134, 0.0 ], [ 125.450721, 2.669737000000156, 0.0 ], [ 125.450773000000183, 2.669764, 0.0 ], [ 125.450849000000161, 2.669824, 0.0 ], [ 125.450918, 2.66987600000011, 0.0 ], [ 125.450994000000165, 2.66993100000022, 0.0 ], [ 125.451094, 2.670024, 0.0 ], [ 125.451184, 2.670048000000131, 0.0 ], [ 125.451417, 2.669993000000199, 0.0 ], [ 125.451611000000142, 2.669971000000155, 0.0 ], [ 125.451702, 2.669957, 0.0 ], [ 125.451847000000129, 2.66994, 0.0 ], [ 125.451989, 2.669921000000103, 0.0 ], [ 125.452065, 2.669896000000167, 0.0 ], [ 125.452160000000191, 2.669893, 0.0 ], [ 125.452223, 2.669906000000106, 0.0 ], [ 125.452274000000116, 2.669969000000167, 0.0 ], [ 125.452313, 2.670038000000192, 0.0 ], [ 125.452342, 2.670114, 0.0 ], [ 125.452433000000127, 2.670245, 0.0 ], [ 125.452506000000213, 2.670275, 0.0 ], [ 125.452648000000153, 2.670286000000106, 0.0 ], [ 125.452767000000136, 2.670267000000132, 0.0 ], [ 125.452967, 2.670138000000117, 0.0 ], [ 125.453028, 2.670096000000195, 0.0 ], [ 125.453062000000116, 2.670020000000124, 0.0 ], [ 125.453098, 2.669946, 0.0 ], [ 125.453165000000112, 2.669836000000176, 0.0 ], [ 125.453241, 2.669732, 0.0 ], [ 125.453366, 2.669603, 0.0 ], [ 125.454194, 2.668739000000182, 0.0 ], [ 125.454290486271148, 2.668663786292742, 0.0 ], [ 125.454306722000084, 2.668603321000058, 0.0 ], [ 125.454428768000056, 2.668344800000073, 0.0 ], [ 125.454677168000089, 2.667859638000076, 0.0 ], [ 125.454745407000047, 2.667714957, 0.0 ], [ 125.454789663497991, 2.66767032624678, 0.0 ], [ 125.454878, 2.667396, 0.0 ], [ 125.454938, 2.667281000000161, 0.0 ], [ 125.455011, 2.667185000000211, 0.0 ], [ 125.455027000000172, 2.667158000000109, 0.0 ], [ 125.455065000000118, 2.667117, 0.0 ], [ 125.455147, 2.667040000000116, 0.0 ], [ 125.455234000000161, 2.666969000000103, 0.0 ], [ 125.455334000000263, 2.666914000000171, 0.0 ], [ 125.455449000000186, 2.666859, 0.0 ], [ 125.455547, 2.666787000000143, 0.0 ], [ 125.455865, 2.666606, 0.0 ], [ 125.456039, 2.666576, 0.0 ], [ 125.456229, 2.666592000000174, 0.0 ], [ 125.456646000000191, 2.667029, 0.0 ], [ 125.456774, 2.667217000000194, 0.0 ], [ 125.456948, 2.667365000000183, 0.0 ], [ 125.457098000000101, 2.667551000000119, 0.0 ], [ 125.457398000000154, 2.668015000000141, 0.0 ], [ 125.457493, 2.668185000000173, 0.0 ], [ 125.457583, 2.668308000000225, 0.0 ], [ 125.457616, 2.668781000000104, 0.0 ], [ 125.457731, 2.669260000000124, 0.0 ], [ 125.457938, 2.669550000000138, 0.0 ], [ 125.458403, 2.670222000000139, 0.0 ], [ 125.458619, 2.670668, 0.0 ], [ 125.459284, 2.671532000000171, 0.0 ], [ 125.459401, 2.671551000000145, 0.0 ], [ 125.459537000000211, 2.67159400000015, 0.0 ], [ 125.459722000000141, 2.671627, 0.0 ], [ 125.460098, 2.671725000000153, 0.0 ], [ 125.460756, 2.672268000000139, 0.0 ], [ 125.460855000000194, 2.672342, 0.0 ], [ 125.460977, 2.672481000000177, 0.0 ], [ 125.46116900000014, 2.672711, 0.0 ], [ 125.46125300000017, 2.672817, 0.0 ], [ 125.461354, 2.672957000000126, 0.0 ], [ 125.461485, 2.673080000000178, 0.0 ], [ 125.461583000000118, 2.673134000000205, 0.0 ], [ 125.461833000000112, 2.673136000000193, 0.0 ], [ 125.461997, 2.673106000000198, 0.0 ], [ 125.462204, 2.673045000000124, 0.0 ], [ 125.462315000000103, 2.672985000000134, 0.0 ], [ 125.462443, 2.67296, 0.0 ], [ 125.462611671100944, 2.67294249639532, 0.0 ], [ 125.462615183999986, 2.672876598000046, 0.0 ], [ 125.462642, 2.672826345000063, 0.0 ], [ 125.462689687000108, 2.672748826000044, 0.0 ], [ 125.462816922000158, 2.672575037000053, 0.0 ], [ 125.462970721, 2.672393184000017, 0.0 ], [ 125.463140347, 2.672124643000091, 0.0 ], [ 125.463240969999987, 2.671934889000022, 0.0 ], [ 125.463340082422434, 2.671830323221409, 0.0 ], [ 125.463366, 2.671791000000107, 0.0 ], [ 125.463395000000119, 2.671703000000109, 0.0 ], [ 125.463599000000116, 2.67151100000021, 0.0 ], [ 125.463759000000124, 2.671276000000129, 0.0 ] ] ], [ [ [ 125.46288655593176, 2.687845462415678, 0.0 ], [ 125.462870000000109, 2.687729, 0.0 ], [ 125.462838, 2.687564, 0.0 ], [ 125.462748, 2.687324000000119, 0.0 ], [ 125.462789, 2.687009000000169, 0.0 ], [ 125.462742000000176, 2.686791, 0.0 ], [ 125.462741719168903, 2.686605932179271, 0.0 ], [ 125.462670128, 2.686406253000035, 0.0 ], [ 125.462606458000067, 2.686197151000053, 0.0 ], [ 125.462442758000108, 2.685917158000068, 0.0 ], [ 125.462330244000128, 2.685683904000042, 0.0 ], [ 125.462233022000078, 2.685352123000035, 0.0 ], [ 125.462066389000057, 2.684796278000052, 0.0 ], [ 125.462047397427114, 2.684658575626104, 0.0 ], [ 125.46202, 2.684612, 0.0 ], [ 125.461893, 2.684107, 0.0 ], [ 125.461885, 2.683907000000191, 0.0 ], [ 125.461910000000259, 2.683781, 0.0 ], [ 125.461945, 2.683681000000144, 0.0 ], [ 125.461942592412584, 2.68360997616684, 0.0 ], [ 125.461923158000104, 2.683587745000066, 0.0 ], [ 125.461931518754952, 2.683511873285378, 0.0 ], [ 125.46186200000011, 2.683137, 0.0 ], [ 125.461834, 2.683026000000128, 0.0 ], [ 125.461945, 2.682636000000189, 0.0 ], [ 125.462044, 2.682567000000164, 0.0 ], [ 125.462121106850219, 2.682505187070722, 0.0 ], [ 125.462120067000143, 2.682470105000052, 0.0 ], [ 125.462063357000076, 2.682466245000088, 0.0 ], [ 125.461591529000117, 2.682499509, 0.0 ], [ 125.461418440000088, 2.682499859000115, 0.0 ], [ 125.461353981000087, 2.682415545000067, 0.0 ], [ 125.46129911400007, 2.682182193000033, 0.0 ], [ 125.461259145000142, 2.681978614000064, 0.0 ], [ 125.461233840000091, 2.681690562000034, 0.0 ], [ 125.461258231000073, 2.681521624, 0.0 ], [ 125.461331974000046, 2.681302913000023, 0.0 ], [ 125.46146087700005, 2.681165705000039, 0.0 ], [ 125.461490394782572, 2.681138913297405, 0.0 ], [ 125.461491, 2.681086000000194, 0.0 ], [ 125.461512, 2.680972000000176, 0.0 ], [ 125.461576, 2.680860000000147, 0.0 ], [ 125.461655, 2.680760000000221, 0.0 ], [ 125.461736000000158, 2.680674000000211, 0.0 ], [ 125.461964000000108, 2.68043, 0.0 ], [ 125.46197393490732, 2.680416915000345, 0.0 ], [ 125.461968544000129, 2.68031030100005, 0.0 ], [ 125.461899021000065, 2.680166390000045, 0.0 ], [ 125.461740481000092, 2.680022659000054, 0.0 ], [ 125.461532585000114, 2.679928700000096, 0.0 ], [ 125.461204592000072, 2.679872469000061, 0.0 ], [ 125.461031453000047, 2.679847982000078, 0.0 ], [ 125.460967074000138, 2.679803407000032, 0.0 ], [ 125.460937152000056, 2.679679284000064, 0.0 ], [ 125.460872733000059, 2.679614839000061, 0.0 ], [ 125.460754193000113, 2.679689589000029, 0.0 ], [ 125.46055162100005, 2.679784377000056, 0.0 ], [ 125.460438006000146, 2.679849182000089, 0.0 ], [ 125.460304481000108, 2.679849451000022, 0.0 ], [ 125.460160965000142, 2.679800068000022, 0.0 ], [ 125.459962633000075, 2.679542168000088, 0.0 ], [ 125.45985615400005, 2.679461736000095, 0.0 ], [ 125.459707683000033, 2.679407395000039, 0.0 ], [ 125.45958897400007, 2.679397700000036, 0.0 ], [ 125.459381267000026, 2.679398119000071, 0.0 ], [ 125.459262618000068, 2.679418228000047, 0.0 ], [ 125.459193383000112, 2.679418368000059, 0.0 ], [ 125.459128934000105, 2.679339021000066, 0.0 ], [ 125.459054485999985, 2.679205053, 0.0 ], [ 125.458955260000039, 2.6790463, 0.0 ], [ 125.458861080000062, 2.678937209000038, 0.0 ], [ 125.458712569000113, 2.678862999000026, 0.0 ], [ 125.458554297000077, 2.67885338300003, 0.0 ], [ 125.458405915000057, 2.678843749000032, 0.0 ], [ 125.458247771000032, 2.67889870800005, 0.0 ], [ 125.458119340000053, 2.678973477000019, 0.0 ], [ 125.458025526000029, 2.679048176000071, 0.0 ], [ 125.457941524, 2.679083117000031, 0.0 ], [ 125.457832645000053, 2.679043598000048, 0.0 ], [ 125.457733668000031, 2.678867912000078, 0.0 ], [ 125.457663987000046, 2.678644523000068, 0.0 ], [ 125.457619052000055, 2.678431019000078, 0.0 ], [ 125.457598934000075, 2.678262171000052, 0.0 ], [ 125.457603473000091, 2.678058501000075, 0.0 ], [ 125.457627912, 2.677914399000054, 0.0 ], [ 125.457630337159529, 2.677897101440669, 0.0 ], [ 125.4576, 2.677778, 0.0 ], [ 125.457569790996772, 2.677642898623917, 0.0 ], [ 125.457495064690562, 2.677520984933041, 0.0 ], [ 125.457386000000128, 2.67751, 0.0 ], [ 125.457265000000163, 2.677471000000226, 0.0 ], [ 125.457165248681662, 2.677220973968259, 0.0 ], [ 125.45695314400011, 2.677050480000071, 0.0 ], [ 125.456853880000068, 2.676871856000036, 0.0 ], [ 125.456724983000058, 2.67671316100005, 0.0 ], [ 125.45653188500016, 2.676599302000044, 0.0 ], [ 125.456353673000066, 2.676510249000048, 0.0 ], [ 125.456179054000017, 2.67645946400002, 0.0 ], [ 125.455949495000027, 2.676467849000092, 0.0 ], [ 125.455706751000108, 2.676496209000041, 0.0 ], [ 125.455474592000073, 2.676615132000022, 0.0 ], [ 125.45537760300013, 2.676681523000097, 0.0 ], [ 125.45524944600001, 2.676772364000064, 0.0 ], [ 125.455003237999975, 2.676804215000034, 0.0 ], [ 125.454916490000087, 2.676786970000029, 0.0 ], [ 125.454798550000092, 2.676783724000115, 0.0 ], [ 125.454715374000145, 2.676818730000081, 0.0 ], [ 125.454621743000033, 2.676829371000073, 0.0 ], [ 125.454555701000075, 2.676759825, 0.0 ], [ 125.454517332, 2.676651899000044, 0.0 ], [ 125.454406352000063, 2.676659091000017, 0.0 ], [ 125.454354447000028, 2.676721906000063, 0.0 ], [ 125.454316466, 2.676809082, 0.0 ], [ 125.454281898000076, 2.676868379000014, 0.0 ], [ 125.454202163000133, 2.67688944400007, 0.0 ], [ 125.454080756000039, 2.676886204000068, 0.0 ], [ 125.453744960000137, 2.676870083000066, 0.0 ], [ 125.453550656000047, 2.676839118, 0.0 ], [ 125.4534159560001, 2.676818156000033, 0.0 ], [ 125.453377767000049, 2.676800813000019, 0.0 ], [ 125.45332912500011, 2.676759104000032, 0.0 ], [ 125.453304698000039, 2.676685990000111, 0.0 ], [ 125.453280182000057, 2.676567584000084, 0.0 ], [ 125.453224464000058, 2.676456209000017, 0.0 ], [ 125.453137708000085, 2.676435480000078, 0.0 ], [ 125.453095987000097, 2.676386788000046, 0.0 ], [ 125.453047302000058, 2.676324175000017, 0.0 ], [ 125.453015960000045, 2.676261526000074, 0.0 ], [ 125.452956932000049, 2.676230289000065, 0.0 ], [ 125.452859818000093, 2.676233968000103, 0.0 ], [ 125.452776753000052, 2.676324719000062, 0.0 ], [ 125.452669414000056, 2.676419002000047, 0.0 ], [ 125.452513508000038, 2.676509898000107, 0.0 ], [ 125.452316096000132, 2.676660107000012, 0.0 ], [ 125.452167223000075, 2.676799765000021, 0.0 ], [ 125.452032109, 2.676880168000013, 0.0 ], [ 125.451897055000018, 2.676991927000111, 0.0 ], [ 125.451733455000067, 2.677149534, 0.0 ], [ 125.451529011000019, 2.677250980000052, 0.0 ], [ 125.451199820000056, 2.677415389000066, 0.0 ], [ 125.450922699000131, 2.677600597000025, 0.0 ], [ 125.450680376000065, 2.67784147800006, 0.0 ], [ 125.450558834000049, 2.678010438000095, 0.0 ], [ 125.450389267000133, 2.678209366000035, 0.0 ], [ 125.450046256000093, 2.678401675000048, 0.0 ], [ 125.449709568000117, 2.678584599, 0.0 ], [ 125.449418539000021, 2.678752415000114, 0.0 ], [ 125.449148534000059, 2.679028193000017, 0.0 ], [ 125.448909175000068, 2.679288055000024, 0.0 ], [ 125.448646073000049, 2.679546399000083, 0.0 ], [ 125.44848014100009, 2.679828935000012, 0.0 ], [ 125.448435438000033, 2.680024128000086, 0.0 ], [ 125.448411607000011, 2.680300930000074, 0.0 ], [ 125.448381460000093, 2.680863636, 0.0 ], [ 125.448329756, 2.68102748700006, 0.0 ], [ 125.448257219000126, 2.681180928000055, 0.0 ], [ 125.448181202000143, 2.681327408000096, 0.0 ], [ 125.448059169000075, 2.681401221000074, 0.0 ], [ 125.447920473000053, 2.681425888000073, 0.0 ], [ 125.447740104000147, 2.681426251000103, 0.0 ], [ 125.447514845000157, 2.681527739000062, 0.0 ], [ 125.447303766000104, 2.681782495000091, 0.0 ], [ 125.447182704000028, 2.681953453000025, 0.0 ], [ 125.447158358000067, 2.682053414000036, 0.0 ], [ 125.447193238000111, 2.682150895000108, 0.0 ], [ 125.447248964000096, 2.682265755000019, 0.0 ], [ 125.447294258000028, 2.682366699000022, 0.0 ], [ 125.447301526, 2.682533916000091, 0.0 ], [ 125.44734342000001, 2.682669708000047, 0.0 ], [ 125.447388859000043, 2.682843815000064, 0.0 ], [ 125.447376940858902, 2.682916536874986, 0.0 ], [ 125.447394000000102, 2.683030000000103, 0.0 ], [ 125.447405, 2.683116000000114, 0.0 ], [ 125.44743, 2.683231000000214, 0.0 ], [ 125.447469, 2.683384, 0.0 ], [ 125.447502000000256, 2.683452, 0.0 ], [ 125.447534, 2.683492000000138, 0.0 ], [ 125.447997, 2.684153000000117, 0.0 ], [ 125.448096000000106, 2.684228000000106, 0.0 ], [ 125.448246000000168, 2.684289000000179, 0.0 ], [ 125.448371000000208, 2.684357000000121, 0.0 ], [ 125.448470000000142, 2.684403000000197, 0.0 ], [ 125.448670000000263, 2.684449, 0.0 ], [ 125.448844, 2.684470000000234, 0.0 ], [ 125.448955000000211, 2.684470000000234, 0.0 ], [ 125.449044000000114, 2.684452000000165, 0.0 ], [ 125.449154000000163, 2.684412, 0.0 ], [ 125.449289, 2.684423, 0.0 ], [ 125.449400000000168, 2.684465000000175, 0.0 ], [ 125.44945700000018, 2.684533000000117, 0.0 ], [ 125.449489, 2.684619000000128, 0.0 ], [ 125.449532, 2.684676000000225, 0.0 ], [ 125.44958200000022, 2.684709000000113, 0.0 ], [ 125.44984, 2.684737000000121, 0.0 ], [ 125.449968, 2.684704, 0.0 ], [ 125.450092, 2.6846070000002, 0.0 ], [ 125.450193000000155, 2.684557000000149, 0.0 ], [ 125.45037400000011, 2.684532, 0.0 ], [ 125.450580000000201, 2.684535000000105, 0.0 ], [ 125.450730000000178, 2.684595, 0.0 ], [ 125.450961, 2.684763000000141, 0.0 ], [ 125.451026, 2.68491, 0.0 ], [ 125.451069, 2.685006000000174, 0.0 ], [ 125.451119000000205, 2.685132000000118, 0.0 ], [ 125.451172, 2.685199000000155, 0.0 ], [ 125.451222000000115, 2.685271, 0.0 ], [ 125.451294000000118, 2.685350000000215, 0.0 ], [ 125.451609000000161, 2.685528000000199, 0.0 ], [ 125.451845000000148, 2.685617000000102, 0.0 ], [ 125.451955, 2.685696, 0.0 ], [ 125.451944667440841, 2.685909650659008, 0.0 ], [ 125.451963508000091, 2.685917716000025, 0.0 ], [ 125.451983029000104, 2.685952844, 0.0 ], [ 125.451983185000032, 2.686030992000072, 0.0 ], [ 125.451979529, 2.686148223, 0.0 ], [ 125.451964187000058, 2.686257663000086, 0.0 ], [ 125.451924886976826, 2.686318659610693, 0.0 ], [ 125.451924000000105, 2.686337000000167, 0.0 ], [ 125.451935000000134, 2.68648, 0.0 ], [ 125.4519820000002, 2.686669000000103, 0.0 ], [ 125.451985282187607, 2.686687416718565, 0.0 ], [ 125.452022178000149, 2.686704060000073, 0.0 ], [ 125.452115968, 2.686713482000053, 0.0 ], [ 125.452198243000154, 2.686705628000025, 0.0 ], [ 125.452278561000043, 2.686676633000024, 0.0 ], [ 125.452383692000041, 2.686614910000069, 0.0 ], [ 125.452465848000088, 2.686547469000084, 0.0 ], [ 125.452569014000105, 2.686460762000015, 0.0 ], [ 125.452611013000023, 2.686408778000066, 0.0 ], [ 125.45269366700002, 2.686320913, 0.0 ], [ 125.452756770000093, 2.686295797000044, 0.0 ], [ 125.452808478000108, 2.686314915000027, 0.0 ], [ 125.45285067500005, 2.686362884000088, 0.0 ], [ 125.45288526700007, 2.686435857000086, 0.0 ], [ 125.452912189999978, 2.686501157000071, 0.0 ], [ 125.452965808000073, 2.686518348000073, 0.0 ], [ 125.453005982000022, 2.686510578000052, 0.0 ], [ 125.453015462000096, 2.686466349000034, 0.0 ], [ 125.453015347, 2.686408684000058, 0.0 ], [ 125.453011369000023, 2.686333727000074, 0.0 ], [ 125.45301706500004, 2.68631065000003, 0.0 ], [ 125.453066807999988, 2.686304782000077, 0.0 ], [ 125.453126138000016, 2.686306585000048, 0.0 ], [ 125.453200910000064, 2.686375631999988, 0.0 ], [ 125.453248910000042, 2.686454344000017, 0.0 ], [ 125.453310309999978, 2.686534952000025, 0.0 ], [ 125.453371625000074, 2.686573272, 0.0 ], [ 125.453459668000079, 2.686578861000017, 0.0 ], [ 125.453524784000038, 2.686603717000031, 0.0 ], [ 125.453658750000031, 2.68660729200006, 0.0 ], [ 125.45379078800012, 2.686603179999986, 0.0 ], [ 125.453901788000067, 2.686604878000038, 0.0 ], [ 125.453978389000099, 2.686631634000031, 0.0 ], [ 125.454026278000057, 2.686654603000067, 0.0 ], [ 125.454070220000048, 2.686617993000057, 0.0 ], [ 125.454163846000071, 2.686544761000038, 0.0 ], [ 125.454234587000059, 2.686511941000076, 0.0 ], [ 125.454360868000123, 2.686500153000077, 0.0 ], [ 125.454558004000091, 2.686511288000021, 0.0 ], [ 125.454630743000067, 2.686520752, 0.0 ], [ 125.454698745000101, 2.686507415000056, 0.0 ], [ 125.454802264000051, 2.686486832000041, 0.0 ], [ 125.45490751000014, 2.68648277600006, 0.0 ], [ 125.455022375000141, 2.686503687000014, 0.0 ], [ 125.455112373000034, 2.686530416, 0.0 ], [ 125.455192863000121, 2.686587918000056, 0.0 ], [ 125.455250390000089, 2.686645467000021, 0.0 ], [ 125.455275436000122, 2.686729993, 0.0 ], [ 125.455289005000083, 2.686816463000048, 0.0 ], [ 125.455283445000077, 2.686906816000063, 0.0 ], [ 125.455283641000094, 2.687004847, 0.0 ], [ 125.455297110000046, 2.687041341000091, 0.0 ], [ 125.455329665999983, 2.687052808000063, 0.0 ], [ 125.455381316000086, 2.687043093000058, 0.0 ], [ 125.45542528900009, 2.687021860000078, 0.0 ], [ 125.455476906000087, 2.686994845000063, 0.0 ], [ 125.455541956000062, 2.686987025000038, 0.0 ], [ 125.455599402000104, 2.687004208000038, 0.0 ], [ 125.455658858000135, 2.687069442000018, 0.0 ], [ 125.45571466100013, 2.687123950000087, 0.0 ], [ 125.455754934000097, 2.687166156000027, 0.0 ], [ 125.455774163000086, 2.68721225000011, 0.0 ], [ 125.455774305000091, 2.687283370000044, 0.0 ], [ 125.455768741000085, 2.687371801000078, 0.0 ], [ 125.45575359599998, 2.68745448600008, 0.0 ], [ 125.455730763000048, 2.687519886000073, 0.0 ], [ 125.455706147000143, 2.687645944000023, 0.0 ], [ 125.455710131000032, 2.687724746000059, 0.0 ], [ 125.455756233000116, 2.687811151000103, 0.0 ], [ 125.455792686000109, 2.687857209000095, 0.0 ], [ 125.455808146000052, 2.687932143000078, 0.0 ], [ 125.455806378, 2.688005189, 0.0 ], [ 125.455825584000081, 2.68803974900001, 0.0 ], [ 125.45589645700008, 2.688072283000038, 0.0 ], [ 125.455957735000084, 2.688091381000019, 0.0 ], [ 125.456021190000101, 2.688113177000046, 0.0 ], [ 125.456048115000016, 2.688180399000013, 0.0 ], [ 125.456075139000035, 2.688295675000047, 0.0 ], [ 125.456092469000041, 2.688349461000056, 0.0 ], [ 125.456134648000074, 2.688387818000033, 0.0 ], [ 125.456188266000069, 2.688405010000034, 0.0 ], [ 125.456247588000082, 2.688402968000043, 0.0 ], [ 125.456293497000061, 2.688393264000039, 0.0 ], [ 125.456333600000093, 2.688350895000086, 0.0 ], [ 125.456350743, 2.68831049400003, 0.0 ], [ 125.456363953000036, 2.688218203000121, 0.0 ], [ 125.456369580000143, 2.688160527000056, 0.0 ], [ 125.456378983000036, 2.688077854000055, 0.0 ], [ 125.45641140400005, 2.688022045000055, 0.0 ], [ 125.456463006000064, 2.687987342000026, 0.0 ], [ 125.456537635000018, 2.687985269000032, 0.0 ], [ 125.456610426000083, 2.688019721000041, 0.0 ], [ 125.45663544300011, 2.688088867999989, 0.0 ], [ 125.45665666700009, 2.688175324000037, 0.0 ], [ 125.456656820000021, 2.68825221, 0.0 ], [ 125.456672240000145, 2.688307922, 0.0 ], [ 125.456699060000133, 2.688321323000038, 0.0 ], [ 125.456746926, 2.688332759, 0.0 ], [ 125.456787101000046, 2.688326911000056, 0.0 ], [ 125.456817660000098, 2.688296094000082, 0.0 ], [ 125.456872209999986, 2.688209509000023, 0.0 ], [ 125.456910360000037, 2.688147922000079, 0.0 ], [ 125.457004001000058, 2.688082378000074, 0.0 ], [ 125.457084326000128, 2.688057228000035, 0.0 ], [ 125.457178040999977, 2.688028205000032, 0.0 ], [ 125.457269779000015, 2.68796843200006, 0.0 ], [ 125.457371140000063, 2.68793555, 0.0 ], [ 125.457468688000048, 2.687910364000052, 0.0 ], [ 125.457556676000038, 2.687889042000064, 0.0 ], [ 125.457596764000073, 2.687838984000097, 0.0 ], [ 125.457633017000049, 2.687785090000078, 0.0 ], [ 125.457688461000117, 2.687758068000063, 0.0 ], [ 125.457789856000062, 2.687742485000017, 0.0 ], [ 125.457946771, 2.687738323000117, 0.0 ], [ 125.458035537000143, 2.687745953000038, 0.0 ], [ 125.458190529, 2.687736028000105, 0.0 ], [ 125.458318792000128, 2.687758834000038, 0.0 ], [ 125.458358679557207, 2.687771265521627, 0.0 ], [ 125.458469, 2.68777700000012, 0.0 ], [ 125.458765000000184, 2.687784000000166, 0.0 ], [ 125.459043, 2.687783, 0.0 ], [ 125.459225, 2.687779000000107, 0.0 ], [ 125.459623000000221, 2.687893000000125, 0.0 ], [ 125.459798000000134, 2.687961, 0.0 ], [ 125.459951000000174, 2.688021, 0.0 ], [ 125.46008000000019, 2.688085000000202, 0.0 ], [ 125.460107343916917, 2.688107786597433, 0.0 ], [ 125.460186480000033, 2.688135660000041, 0.0 ], [ 125.460318628000124, 2.68818729100005, 0.0 ], [ 125.460414426000057, 2.688242839000027, 0.0 ], [ 125.460525613000115, 2.688338722000056, 0.0 ], [ 125.460579931000083, 2.688404773000103, 0.0 ], [ 125.460633699, 2.68849692800009, 0.0 ], [ 125.460658762000122, 2.688589141, 0.0 ], [ 125.460706778, 2.688675542000036, 0.0 ], [ 125.460768093000098, 2.688713860000098, 0.0 ], [ 125.460871475000133, 2.688734795000054, 0.0 ], [ 125.460967238000066, 2.68877304400011, 0.0 ], [ 125.461091801000066, 2.688859289000051, 0.0 ], [ 125.461197194000079, 2.688928273000075, 0.0 ], [ 125.461318662000096, 2.689050247000042, 0.0 ], [ 125.461382008000101, 2.689146227000078, 0.0 ], [ 125.461439666000075, 2.689269130000033, 0.0 ], [ 125.461505005000063, 2.689405470000034, 0.0 ], [ 125.461511020000117, 2.689541932000045, 0.0 ], [ 125.461482591000063, 2.689677349000059, 0.0 ], [ 125.46148803700008, 2.689794440000066, 0.0 ], [ 125.461501935313152, 2.689841703239344, 0.0 ], [ 125.461627201000127, 2.689849532000183, 0.0 ], [ 125.461942345000097, 2.6898410150001, 0.0 ], [ 125.462036036000114, 2.689798428000218, 0.0 ], [ 125.462182903000098, 2.689724995000093, 0.0 ], [ 125.46231922890054, 2.689483394518961, 0.0 ], [ 125.462486702000106, 2.689150939000024, 0.0 ], [ 125.462488587871036, 2.689147129333842, 0.0 ], [ 125.462501000000131, 2.689083000000176, 0.0 ], [ 125.462522, 2.688972000000229, 0.0 ], [ 125.462550000000192, 2.688893, 0.0 ], [ 125.462829, 2.688542000000178, 0.0 ], [ 125.462911, 2.688352, 0.0 ], [ 125.462918463276964, 2.688257611497475, 0.0 ], [ 125.462916530000058, 2.688218966, 0.0 ], [ 125.462881818000028, 2.687993914000037, 0.0 ], [ 125.46288655593176, 2.687845462415678, 0.0 ] ] ], [ [ [ 125.462056151000098, 2.689983831000193, 0.0 ], [ 125.461967897000164, 2.689909154000143, 0.0 ], [ 125.461908275000113, 2.689909154000143, 0.0 ], [ 125.461678305000092, 2.689917672000137, 0.0 ], [ 125.46155054400019, 2.689917672000137, 0.0 ], [ 125.461527642065974, 2.689929122799201, 0.0 ], [ 125.461545025000078, 2.689988236000024, 0.0 ], [ 125.461630280000037, 2.69016387600008, 0.0 ], [ 125.461652350261645, 2.690180575770091, 0.0 ], [ 125.461784, 2.690198, 0.0 ], [ 125.461941181234835, 2.690173674332891, 0.0 ], [ 125.461993592868708, 2.690117012818034, 0.0 ], [ 125.462011000000174, 2.69009400000016, 0.0 ], [ 125.462056151000098, 2.689983831000193, 0.0 ] ] ], [ [ [ 125.39578718100006, 2.692989143999986, 0.0 ], [ 125.395773537000082, 2.692957665000046, 0.0 ], [ 125.395732319000132, 2.692957747000053, 0.0 ], [ 125.395659396000056, 2.692956299000022, 0.0 ], [ 125.39558807200001, 2.692962809000027, 0.0 ], [ 125.395532544000034, 2.692940627000057, 0.0 ], [ 125.39551019700005, 2.692862650000089, 0.0 ], [ 125.395453041000124, 2.692818179000051, 0.0 ], [ 125.39536424700006, 2.692808801000075, 0.0 ], [ 125.395282798000068, 2.692811853000061, 0.0 ], [ 125.395216218000073, 2.692811985000072, 0.0 ], [ 125.395159640000088, 2.692717899000103, 0.0 ], [ 125.39514031600001, 2.692618653000062, 0.0 ], [ 125.395095500000025, 2.692529065000022, 0.0 ], [ 125.39502527500008, 2.692490771000051, 0.0 ], [ 125.39488500100002, 2.692503859000068, 0.0 ], [ 125.394763832000123, 2.692504098, 0.0 ], [ 125.394639444000035, 2.692488331000026, 0.0 ], [ 125.394559660000013, 2.692453258000056, 0.0 ], [ 125.394543516000098, 2.692350803000105, 0.0 ], [ 125.394587913000038, 2.692225809000066, 0.0 ], [ 125.39465783200005, 2.692107169000019, 0.0 ], [ 125.394718271000073, 2.692033387000043, 0.0 ], [ 125.394854630000083, 2.691944392000051, 0.0 ], [ 125.394867216000051, 2.691857894000089, 0.0 ], [ 125.394832015, 2.691793909000035, 0.0 ], [ 125.394736213000144, 2.691720435, 0.0 ], [ 125.394650015000025, 2.691666159000034, 0.0 ], [ 125.394582870999983, 2.691573412, 0.0 ], [ 125.394537948000078, 2.691429378000072, 0.0 ], [ 125.394537648000053, 2.691275648000053, 0.0 ], [ 125.394492690000064, 2.691112398000046, 0.0 ], [ 125.39436809600015, 2.690990940000033, 0.0 ], [ 125.394234041000161, 2.690923947000085, 0.0 ], [ 125.394068196000021, 2.690905059000032, 0.0 ], [ 125.393908762999985, 2.690905373000058, 0.0 ], [ 125.393825835000044, 2.690892724999989, 0.0 ], [ 125.393771428999983, 2.690790346000044, 0.0 ], [ 125.39369146200012, 2.690662394000116, 0.0 ], [ 125.393608378000081, 2.690569679, 0.0 ], [ 125.393560422000022, 2.690505719000031, 0.0 ], [ 125.393486822000156, 2.69040420800007, 0.0 ], [ 125.393410270000118, 2.690391548, 0.0 ], [ 125.393346553, 2.690420498, 0.0 ], [ 125.39330516400004, 2.690452607000077, 0.0 ], [ 125.393228693000111, 2.690481583000077, 0.0 ], [ 125.393164890000065, 2.690465695000094, 0.0 ], [ 125.393091313000028, 2.690344135999984, 0.0 ], [ 125.393049530000113, 2.690174474000068, 0.0 ], [ 125.393017138000104, 2.689915116000103, 0.0 ], [ 125.392984945000109, 2.689758247, 0.0 ], [ 125.392927183000126, 2.689569399, 0.0 ], [ 125.392843960000079, 2.689406224, 0.0 ], [ 125.392799094000097, 2.689291014000068, 0.0 ], [ 125.392645125000058, 2.689068517000043, 0.0 ], [ 125.392542732000024, 2.688886163000054, 0.0 ], [ 125.392462705000057, 2.688726184000052, 0.0 ], [ 125.392395464000089, 2.688582193000039, 0.0 ], [ 125.392337775000115, 2.688431779000028, 0.0 ], [ 125.392324814000105, 2.688326114000079, 0.0 ], [ 125.392356426000148, 2.688199415000076, 0.0 ], [ 125.392362423000023, 2.688004037000075, 0.0 ], [ 125.392400356000053, 2.687834217000058, 0.0 ], [ 125.392425653000018, 2.687725274000103, 0.0 ], [ 125.392396769000015, 2.687629249000063, 0.0 ], [ 125.392304104000075, 2.687530147000034, 0.0 ], [ 125.392249673000023, 2.687414956000096, 0.0 ], [ 125.39219826800003, 2.687063832, 0.0 ], [ 125.392213649000055, 2.686588812000041, 0.0 ], [ 125.392171815000054, 2.686040199000034, 0.0 ], [ 125.392220240999976, 2.685786230000071, 0.0 ], [ 125.3922312830001, 2.685407145000058, 0.0 ], [ 125.392230819000062, 2.685168789000054, 0.0 ], [ 125.392198149000023, 2.684859635000054, 0.0 ], [ 125.392075537000082, 2.684473352000067, 0.0 ], [ 125.391998110000074, 2.684235147999987, 0.0 ], [ 125.391856621000088, 2.684035723, 0.0 ], [ 125.391772842, 2.683829741000105, 0.0 ], [ 125.391655424000049, 2.683360051000056, 0.0 ], [ 125.391635006000143, 2.683238471000033, 0.0 ], [ 125.391634749000119, 2.683106716000056, 0.0 ], [ 125.391674924000071, 2.683010354999988, 0.0 ], [ 125.391780794000042, 2.68296960700008, 0.0 ], [ 125.391967435000112, 2.682954037000036, 0.0 ], [ 125.392123784000077, 2.682928392000045, 0.0 ], [ 125.392134916185924, 2.682920158610697, 0.0 ], [ 125.392023, 2.682563000000188, 0.0 ], [ 125.391988000000126, 2.682242, 0.0 ], [ 125.391908681212144, 2.682061329427549, 0.0 ], [ 125.391905160000107, 2.682062280000059, 0.0 ], [ 125.391758908, 2.682092972000023, 0.0 ], [ 125.391662972000063, 2.682052620000059, 0.0 ], [ 125.391556649000137, 2.681860264000042, 0.0 ], [ 125.391526143000107, 2.68173870400002, 0.0 ], [ 125.391525877000078, 2.681601882000068, 0.0 ], [ 125.39158624, 2.68126698500007, 0.0 ], [ 125.391680676000107, 2.680877970000035, 0.0 ], [ 125.39173116100001, 2.680731262000064, 0.0 ], [ 125.391896098000075, 2.680699067000065, 0.0 ], [ 125.392080298000124, 2.680781570000052, 0.0 ], [ 125.392101835778178, 2.680792333803234, 0.0 ], [ 125.392281000000125, 2.680127, 0.0 ], [ 125.3926, 2.679345000000206, 0.0 ], [ 125.392625130937645, 2.679280206630514, 0.0 ], [ 125.392431189000021, 2.679187804000078, 0.0 ], [ 125.392124596000059, 2.679009796000093, 0.0 ], [ 125.392060218000069, 2.678925579000053, 0.0 ], [ 125.392064877000095, 2.678781689000049, 0.0 ], [ 125.392123844, 2.678622809000048, 0.0 ], [ 125.392286741999982, 2.678567914000036, 0.0 ], [ 125.392425036000049, 2.678562681000047, 0.0 ], [ 125.392538100999985, 2.678559454000046, 0.0 ], [ 125.392580291000016, 2.678519391000107, 0.0 ], [ 125.392669002000076, 2.678349863000024, 0.0 ], [ 125.392857444000029, 2.678096425000016, 0.0 ], [ 125.392929017, 2.67803648600003, 0.0 ], [ 125.393015672000075, 2.678006362000113, 0.0 ], [ 125.393157559000088, 2.677955887000023, 0.0 ], [ 125.393311798000056, 2.67790708200007, 0.0 ], [ 125.393502538000035, 2.677808359000073, 0.0 ], [ 125.393742103000051, 2.677640697000056, 0.0 ], [ 125.393966960000085, 2.677463229000027, 0.0 ], [ 125.394201754000065, 2.67735950300006, 0.0 ], [ 125.394372664000088, 2.677132967000057, 0.0 ], [ 125.394607162000028, 2.676642641000077, 0.0 ], [ 125.39476807100003, 2.676307943, 0.0 ], [ 125.394972916000015, 2.675909231000057, 0.0 ], [ 125.395261439, 2.675459917000095, 0.0 ], [ 125.395669579000014, 2.675104146000058, 0.0 ], [ 125.395963017000128, 2.674860633000071, 0.0 ], [ 125.396103761000049, 2.674814229000051, 0.0 ], [ 125.396342467000082, 2.674764557000026, 0.0 ], [ 125.396556706000041, 2.674727235000047, 0.0 ], [ 125.396804605000042, 2.674680621, 0.0 ], [ 125.396998063000055, 2.674577505000093, 0.0 ], [ 125.397153957000086, 2.674451117000027, 0.0 ], [ 125.397358676000053, 2.674241605000011, 0.0 ], [ 125.397618606000066, 2.674084261000049, 0.0 ], [ 125.397808219000041, 2.673979333999982, 0.0 ], [ 125.397945929000144, 2.67394831200008, 0.0 ], [ 125.398016370000022, 2.673960474000109, 0.0 ], [ 125.398050178000076, 2.674028061000017, 0.0 ], [ 125.398065636000112, 2.67410490900007, 0.0 ], [ 125.398130030000104, 2.674157060000033, 0.0 ], [ 125.398407024000107, 2.674152059000063, 0.0 ], [ 125.398500648000123, 2.67414081000002, 0.0 ], [ 125.398534010279377, 2.674141401359249, 0.0 ], [ 125.39858800000016, 2.674092, 0.0 ], [ 125.398817, 2.674069000000118, 0.0 ], [ 125.399000000000143, 2.674068000000213, 0.0 ], [ 125.399232145856814, 2.673973745291375, 0.0 ], [ 125.399246411000021, 2.673907939000026, 0.0 ], [ 125.399304760000049, 2.673697570000028, 0.0 ], [ 125.399359794999981, 2.673592567000044, 0.0 ], [ 125.399396929000119, 2.673453016000044, 0.0 ], [ 125.399422370000011, 2.673331045000078, 0.0 ], [ 125.399466520000018, 2.673227794000061, 0.0 ], [ 125.39952944500007, 2.673176090000046, 0.0 ], [ 125.399597051000072, 2.67313140800008, 0.0 ], [ 125.399687982000046, 2.673077304000044, 0.0 ], [ 125.399760218000068, 2.673011512000107, 0.0 ], [ 125.399818369000087, 2.672905890000072, 0.0 ], [ 125.399875121000079, 2.672637191000044, 0.0 ], [ 125.399906221999984, 2.672465072000014, 0.0 ], [ 125.399931052000085, 2.672335692000056, 0.0 ], [ 125.39995417300004, 2.672186160000029, 0.0 ], [ 125.399972309000034, 2.672053434000061, 0.0 ], [ 125.399990656000128, 2.671953248000031, 0.0 ], [ 125.400020550000036, 2.671847373000064, 0.0 ], [ 125.400050437000104, 2.671738138, 0.0 ], [ 125.400093667000036, 2.671610402000086, 0.0 ], [ 125.400128617000092, 2.671524672, 0.0 ], [ 125.400161949000093, 2.671467499000075, 0.0 ], [ 125.400228504000097, 2.67134458400003, 0.0 ], [ 125.400292904000011, 2.671186028000056, 0.0 ], [ 125.400397924000075, 2.67100144600006, 0.0 ], [ 125.40053705363421, 2.670789783841238, 0.0 ], [ 125.400570000000101, 2.670676, 0.0 ], [ 125.400615000000101, 2.670446000000199, 0.0 ], [ 125.400832000000108, 2.670020000000124, 0.0 ], [ 125.401219000000154, 2.669307000000105, 0.0 ], [ 125.401744000000164, 2.668858, 0.0 ], [ 125.402439000000115, 2.668259, 0.0 ], [ 125.402919, 2.668108000000197, 0.0 ], [ 125.403124426216877, 2.668086873015147, 0.0 ], [ 125.403229268000047, 2.668055535000031, 0.0 ], [ 125.403431946714122, 2.66804214155732, 0.0 ], [ 125.403821000000249, 2.667911, 0.0 ], [ 125.404203238604566, 2.667926260476767, 0.0 ], [ 125.404389756000143, 2.667865924000063, 0.0 ], [ 125.404564091000083, 2.667792560000033, 0.0 ], [ 125.405009786000022, 2.667694322000076, 0.0 ], [ 125.405205577965774, 2.667615685285424, 0.0 ], [ 125.405477, 2.667413, 0.0 ], [ 125.405991000000114, 2.667136, 0.0 ], [ 125.405993427226889, 2.667134548668566, 0.0 ], [ 125.406002236000063, 2.667127671000086, 0.0 ], [ 125.406359008696512, 2.666812714740436, 0.0 ], [ 125.406436000000255, 2.666721000000189, 0.0 ], [ 125.406559588428451, 2.666628308678993, 0.0 ], [ 125.406693626000077, 2.666502969, 0.0 ], [ 125.406823021538173, 2.666430733846498, 0.0 ], [ 125.406836000000126, 2.666421, 0.0 ], [ 125.40715500000023, 2.666202, 0.0 ], [ 125.407668000000129, 2.665891, 0.0 ], [ 125.407805000000195, 2.665902000000104, 0.0 ], [ 125.407977826941305, 2.665929749677948, 0.0 ], [ 125.408026797000062, 2.665918956000086, 0.0 ], [ 125.408191588000022, 2.665923500000106, 0.0 ], [ 125.408311847000022, 2.665963895000074, 0.0 ], [ 125.408410495000112, 2.666009393000019, 0.0 ], [ 125.408464042445345, 2.666041347786569, 0.0 ], [ 125.408663, 2.666049000000188, 0.0 ], [ 125.409028, 2.666186000000154, 0.0 ], [ 125.409223, 2.666277000000223, 0.0 ], [ 125.409771, 2.666345000000165, 0.0 ], [ 125.410126000000119, 2.666424000000129, 0.0 ], [ 125.410286, 2.666447, 0.0 ], [ 125.410549000000216, 2.6664580000001, 0.0 ], [ 125.410755, 2.666457000000195, 0.0 ], [ 125.411085, 2.666319000000145, 0.0 ], [ 125.411246000000148, 2.666295000000114, 0.0 ], [ 125.411554, 2.666295000000114, 0.0 ], [ 125.411714, 2.66626, 0.0 ], [ 125.412205000000185, 2.666121000000105, 0.0 ], [ 125.412387000000237, 2.666074000000124, 0.0 ], [ 125.412582000000199, 2.66597, 0.0 ], [ 125.412841981190823, 2.665851425009508, 0.0 ], [ 125.412905830000085, 2.665780379000077, 0.0 ], [ 125.41304432700008, 2.665671744000059, 0.0 ], [ 125.413098208000108, 2.665640677000065, 0.0 ], [ 125.413244506000041, 2.665582338000034, 0.0 ], [ 125.413286599691332, 2.665567144148879, 0.0 ], [ 125.413438, 2.665463, 0.0 ], [ 125.413746000000145, 2.66531300000022, 0.0 ], [ 125.41430600000011, 2.66535700000013, 0.0 ], [ 125.414842, 2.665206, 0.0 ], [ 125.414968, 2.665195, 0.0 ], [ 125.415265, 2.665033000000145, 0.0 ], [ 125.415356000000216, 2.664872000000146, 0.0 ], [ 125.415527000000154, 2.664745000000119, 0.0 ], [ 125.415607000000108, 2.66472200000017, 0.0 ], [ 125.41587, 2.664721, 0.0 ], [ 125.416224, 2.664686000000211, 0.0 ], [ 125.416327, 2.664628, 0.0 ], [ 125.416567000000228, 2.664674000000106, 0.0 ], [ 125.416844000000239, 2.664692000000175, 0.0 ], [ 125.41687417565376, 2.664672862048773, 0.0 ], [ 125.416904298000077, 2.664643393000061, 0.0 ], [ 125.417037839000017, 2.664497737, 0.0 ], [ 125.417209679000024, 2.66438492500008, 0.0 ], [ 125.417397912000055, 2.664274824000119, 0.0 ], [ 125.417556170000012, 2.664200444000093, 0.0 ], [ 125.417799164000044, 2.664161559000073, 0.0 ], [ 125.417811904720423, 2.664161533783622, 0.0 ], [ 125.417868, 2.664119000000193, 0.0 ], [ 125.417960000000107, 2.664084000000139, 0.0 ], [ 125.418028, 2.664015000000115, 0.0 ], [ 125.418108000000103, 2.663981000000144, 0.0 ], [ 125.418222000000114, 2.663934000000163, 0.0 ], [ 125.418302, 2.663911, 0.0 ], [ 125.418473000000191, 2.663899000000109, 0.0 ], [ 125.418599, 2.663899000000109, 0.0 ], [ 125.418782, 2.663921000000153, 0.0 ], [ 125.418885000000174, 2.663944000000102, 0.0 ], [ 125.419056000000111, 2.663955000000124, 0.0 ], [ 125.419193000000163, 2.663989, 0.0 ], [ 125.419251, 2.664001, 0.0 ], [ 125.419319000000115, 2.664012, 0.0 ], [ 125.419456, 2.664023, 0.0 ], [ 125.419525000000107, 2.664023, 0.0 ], [ 125.419616, 2.664023, 0.0 ], [ 125.419622394628206, 2.66401813452209, 0.0 ], [ 125.419656166000124, 2.663962611000043, 0.0 ], [ 125.419734031000075, 2.6638097970001, 0.0 ], [ 125.419794492000023, 2.663639570000049, 0.0 ], [ 125.419824489000021, 2.663434510000046, 0.0 ], [ 125.41985685900012, 2.663299936000014, 0.0 ], [ 125.419856577, 2.663156, 0.0 ], [ 125.419864960000083, 2.663001143000072, 0.0 ], [ 125.419862278000124, 2.66273944400009, 0.0 ], [ 125.419840639000114, 2.662598486000062, 0.0 ], [ 125.419812250000064, 2.662515669000049, 0.0 ], [ 125.419801245000045, 2.662439361000041, 0.0 ], [ 125.419803238000128, 2.662347760000012, 0.0 ], [ 125.419822609000121, 2.662260488000074, 0.0 ], [ 125.419868068999975, 2.662190611000065, 0.0 ], [ 125.419943916000037, 2.662116311000046, 0.0 ], [ 125.420032769000017, 2.6620310820001, 0.0 ], [ 125.420112916000079, 2.661934966000052, 0.0 ], [ 125.420173556000037, 2.66185633600003, 0.0 ], [ 125.420242936, 2.661806039000043, 0.0 ], [ 125.420286319000041, 2.661784144, 0.0 ], [ 125.420342134000038, 2.661788871000043, 0.0 ], [ 125.420433605000056, 2.661783489000042, 0.0 ], [ 125.42053021200006, 2.66175555800004, 0.0 ], [ 125.420592275000132, 2.661715559000106, 0.0 ], [ 125.420597027769062, 2.661711511614035, 0.0 ], [ 125.42061700000022, 2.661688000000135, 0.0 ], [ 125.420674000000233, 2.661642, 0.0 ], [ 125.420710564903516, 2.661613000249192, 0.0 ], [ 125.420736848351908, 2.661589440465468, 0.0 ], [ 125.420766000000199, 2.66155, 0.0 ], [ 125.420925000000125, 2.661435000000163, 0.0 ], [ 125.420954607546761, 2.661416819927693, 0.0 ], [ 125.420990574000044, 2.661364277000084, 0.0 ], [ 125.42104539500005, 2.661328332000041, 0.0 ], [ 125.421109814000047, 2.661289611000035, 0.0 ], [ 125.421174576331808, 2.661280659972116, 0.0 ], [ 125.421256000000241, 2.661216000000161, 0.0 ], [ 125.42132982123151, 2.661179089384442, 0.0 ], [ 125.421330715000025, 2.66117839700007, 0.0 ], [ 125.421395095000122, 2.66111900100004, 0.0 ], [ 125.42147460800004, 2.661080251000032, 0.0 ], [ 125.421550070000066, 2.661074589000096, 0.0 ], [ 125.42163423831434, 2.661056688239311, 0.0 ], [ 125.421668000000224, 2.661031000000131, 0.0 ], [ 125.421698108031137, 2.661020816401455, 0.0 ], [ 125.42171324400006, 2.661012242, 0.0 ], [ 125.421842723000026, 2.66094080300004, 0.0 ], [ 125.421960611000017, 2.660877167000015, 0.0 ], [ 125.422115537000039, 2.660807945000061, 0.0 ], [ 125.422284220000051, 2.660755235000051, 0.0 ], [ 125.422440593000019, 2.660723224000067, 0.0 ], [ 125.422583259000021, 2.660699511000059, 0.0 ], [ 125.422638488000061, 2.660690802000049, 0.0 ], [ 125.422652204867703, 2.660690595974364, 0.0 ], [ 125.42273, 2.660661, 0.0 ], [ 125.422866, 2.660626000000194, 0.0 ], [ 125.423037000000164, 2.66059100000014, 0.0 ], [ 125.423182161493841, 2.660544992532172, 0.0 ], [ 125.423184342000013, 2.660539486000053, 0.0 ], [ 125.423219864000103, 2.660459472000094, 0.0 ], [ 125.423294756, 2.660388656000096, 0.0 ], [ 125.423349553000094, 2.660341684000029, 0.0 ], [ 125.42341399900009, 2.660316747, 0.0 ], [ 125.423488068000097, 2.660300060000049, 0.0 ], [ 125.423566273, 2.660294393000113, 0.0 ], [ 125.423652723000046, 2.660294222000099, 0.0 ], [ 125.423747401000057, 2.660291278000033, 0.0 ], [ 125.423811862000065, 2.66027323200005, 0.0 ], [ 125.423885900000059, 2.660241384000079, 0.0 ], [ 125.423965409000061, 2.66019987700002, 0.0 ], [ 125.424065153094915, 2.660195672412586, 0.0 ], [ 125.424088000000168, 2.660186000000204, 0.0 ], [ 125.424191000000164, 2.660106000000157, 0.0 ], [ 125.424282, 2.660048000000154, 0.0 ], [ 125.424533000000139, 2.659875, 0.0 ], [ 125.424807000000243, 2.659645000000205, 0.0 ], [ 125.425115000000147, 2.659449000000153, 0.0 ], [ 125.425423, 2.659218, 0.0 ], [ 125.425709000000182, 2.658999, 0.0 ], [ 125.425944948248144, 2.65878984441022, 0.0 ], [ 125.425948244000082, 2.658783330000054, 0.0 ], [ 125.426045647000052, 2.658665457000071, 0.0 ], [ 125.426182146000073, 2.658569923000071, 0.0 ], [ 125.426388332000073, 2.658449033000105, 0.0 ], [ 125.426491254000069, 2.658383733000031, 0.0 ], [ 125.426781768000041, 2.658192605000027, 0.0 ], [ 125.427043859000051, 2.658017412, 0.0 ], [ 125.427356531000072, 2.657838945000075, 0.0 ], [ 125.427654605000043, 2.657597905000026, 0.0 ], [ 125.427872349000026, 2.657381514000063, 0.0 ], [ 125.428260632, 2.657063157000012, 0.0 ], [ 125.428462640000021, 2.656884908000096, 0.0 ], [ 125.428633174000097, 2.656779766000101, 0.0 ], [ 125.42877538600014, 2.656744550000029, 0.0 ], [ 125.428857936000128, 2.656742514000038, 0.0 ], [ 125.428861395272378, 2.65674289314733, 0.0 ], [ 125.428903000000133, 2.65669400000011, 0.0 ], [ 125.428994000000202, 2.656602000000136, 0.0 ], [ 125.429028, 2.656544000000133, 0.0 ], [ 125.429234000000164, 2.656279, 0.0 ], [ 125.429405000000102, 2.656084, 0.0 ], [ 125.429473, 2.655980000000186, 0.0 ], [ 125.42961, 2.655842000000137, 0.0 ], [ 125.429747, 2.655704, 0.0 ], [ 125.429815, 2.655623000000135, 0.0 ], [ 125.429849, 2.655554000000111, 0.0 ], [ 125.429860076729909, 2.655515472243925, 0.0 ], [ 125.429834152, 2.655500660000049, 0.0 ], [ 125.429765910000029, 2.655425199000023, 0.0 ], [ 125.429647516, 2.655360637000099, 0.0 ], [ 125.429579094000033, 2.655191581000055, 0.0 ], [ 125.429560815000031, 2.655008027000056, 0.0 ], [ 125.429617820000118, 2.65483512400005, 0.0 ], [ 125.429665830000104, 2.654736911, 0.0 ], [ 125.429731249, 2.654679546000056, 0.0 ], [ 125.429819438000109, 2.654610688000043, 0.0 ], [ 125.429904632000145, 2.654467429, 0.0 ], [ 125.429944268000128, 2.654338568000087, 0.0 ], [ 125.429983898000032, 2.654206845000024, 0.0 ], [ 125.429986444000065, 2.654050993000096, 0.0 ], [ 125.429989068000026, 2.653936515000039, 0.0 ], [ 125.430005967000085, 2.653836317000097, 0.0 ], [ 125.430045615999987, 2.653713181000034, 0.0 ], [ 125.430073755000095, 2.653532830000033, 0.0 ], [ 125.430093295000034, 2.653326740000034, 0.0 ], [ 125.430078542000047, 2.653147516000038, 0.0 ], [ 125.430038436000018, 2.653035984000047, 0.0 ], [ 125.430009683000122, 2.652901535000113, 0.0 ], [ 125.429992241000022, 2.65272413700009, 0.0 ], [ 125.429997694000022, 2.652598206000063, 0.0 ], [ 125.4300544580001, 2.652486482000056, 0.0 ], [ 125.430142519000015, 2.652351803000014, 0.0 ], [ 125.430167386000122, 2.65229904000009, 0.0 ], [ 125.430263782713936, 2.65215013946561, 0.0 ], [ 125.430265000000119, 2.652142, 0.0 ], [ 125.430447000000157, 2.651165, 0.0 ], [ 125.431176, 2.649991, 0.0 ], [ 125.43138, 2.649531000000211, 0.0 ], [ 125.431482164679565, 2.649303857169, 0.0 ], [ 125.431436691000073, 2.64914451300003, 0.0 ], [ 125.431299230000064, 2.648916382000072, 0.0 ], [ 125.431162826000147, 2.648665210000074, 0.0 ], [ 125.431051635, 2.648454597000056, 0.0 ], [ 125.43096652800007, 2.64825475100004, 0.0 ], [ 125.43093570549037, 2.648218774331907, 0.0 ], [ 125.430888, 2.648184000000137, 0.0 ], [ 125.430849064592536, 2.648117645291476, 0.0 ], [ 125.430835043000116, 2.648101279000043, 0.0 ], [ 125.430699292000071, 2.648001987000088, 0.0 ], [ 125.430569259000066, 2.647956738000074, 0.0 ], [ 125.430400459000126, 2.64779984500006, 0.0 ], [ 125.430071009000045, 2.647575586000068, 0.0 ], [ 125.429874176000112, 2.647401554000057, 0.0 ], [ 125.429827652334382, 2.647353897652389, 0.0 ], [ 125.429745, 2.647319000000154, 0.0 ], [ 125.429685000000177, 2.647216000000158, 0.0 ], [ 125.429685471747263, 2.647208255485351, 0.0 ], [ 125.429489560000079, 2.647007574000055, 0.0 ], [ 125.429179730000115, 2.646921902000072, 0.0 ], [ 125.429105024000066, 2.646883591000099, 0.0 ], [ 125.429020793000106, 2.646821311000098, 0.0 ], [ 125.428903559000091, 2.646713180000033, 0.0 ], [ 125.428770729000021, 2.646604721000118, 0.0 ], [ 125.428615135000115, 2.646504885000029, 0.0 ], [ 125.428567451000077, 2.646403224000055, 0.0 ], [ 125.428551436, 2.646307858000069, 0.0 ], [ 125.428570232000041, 2.646206066000085, 0.0 ], [ 125.428630288000036, 2.646158250000036, 0.0 ], [ 125.428680729000035, 2.646050034000053, 0.0 ], [ 125.428708899000057, 2.645884626000045, 0.0 ], [ 125.428762216000123, 2.645626951000041, 0.0 ], [ 125.428787057000036, 2.645378873000032, 0.0 ], [ 125.428755017000057, 2.64528222900003, 0.0 ], [ 125.428691517000047, 2.645186958000052, 0.0 ], [ 125.428667073000057, 2.645129633000105, 0.0 ], [ 125.428642430000068, 2.645031439000062, 0.0 ], [ 125.42858676600008, 2.644902508000053, 0.0 ], [ 125.428509960000028, 2.644835862000045, 0.0 ], [ 125.428462292000077, 2.644743741000061, 0.0 ], [ 125.428386191000087, 2.644680293000052, 0.0 ], [ 125.428300668000034, 2.644655022000093, 0.0 ], [ 125.428234093000029, 2.644607455000065, 0.0 ], [ 125.428157985000126, 2.644540827000059, 0.0 ], [ 125.427945682000058, 2.644439489000023, 0.0 ], [ 125.427818874000053, 2.644347523000052, 0.0 ], [ 125.427710986000093, 2.644217360000029, 0.0 ], [ 125.427609946000075, 2.644169695000082, 0.0 ], [ 125.427542918000128, 2.644059318000098, 0.0 ], [ 125.427395625000017, 2.643924209000021, 0.0 ], [ 125.427259725408348, 2.643850098134221, 0.0 ], [ 125.427153000000104, 2.643856000000151, 0.0 ], [ 125.426548, 2.643812, 0.0 ], [ 125.426204, 2.643549000000151, 0.0 ], [ 125.426214, 2.643241, 0.0 ], [ 125.426225861202994, 2.64314808724418, 0.0 ], [ 125.426059298000027, 2.643021167, 0.0 ], [ 125.425872903999974, 2.642889866000059, 0.0 ], [ 125.425652123000091, 2.642726535000046, 0.0 ], [ 125.42540599700007, 2.642543236000067, 0.0 ], [ 125.425227002, 2.642457691000095, 0.0 ], [ 125.425102003000049, 2.642424228000079, 0.0 ], [ 125.42508860333956, 2.642410510399158, 0.0 ], [ 125.424972000000125, 2.642393, 0.0 ], [ 125.424934, 2.642323000000141, 0.0 ], [ 125.424614, 2.642243, 0.0 ], [ 125.424191000000164, 2.642083000000179, 0.0 ], [ 125.424008000000214, 2.641785000000214, 0.0 ], [ 125.424337, 2.641153000000147, 0.0 ], [ 125.424486000000158, 2.641072000000195, 0.0 ], [ 125.424622, 2.640876000000143, 0.0 ], [ 125.424627246493941, 2.640864585330844, 0.0 ], [ 125.424638545000079, 2.640796858000078, 0.0 ], [ 125.424582183000112, 2.640614130000058, 0.0 ], [ 125.424471558000022, 2.640377706000036, 0.0 ], [ 125.424409291000117, 2.640242884000072, 0.0 ], [ 125.422274612000052, 2.642413765000102, 0.0 ], [ 125.420225783000092, 2.64384714900004, 0.0 ], [ 125.417664744000021, 2.64435907100003, 0.0 ], [ 125.416333008000052, 2.644256686000086, 0.0 ], [ 125.415206153000071, 2.644563838000098, 0.0 ], [ 125.41285, 2.647021066000017, 0.0 ], [ 125.408547457000068, 2.64988783300007, 0.0 ], [ 125.404142476000018, 2.654392752000041, 0.0 ], [ 125.397483780000016, 2.65992151400008, 0.0 ], [ 125.393763325000023, 2.663357275000051, 0.0 ], [ 125.390177874000102, 2.667145501000052, 0.0 ], [ 125.387002190000075, 2.67185519, 0.0 ], [ 125.38597777400004, 2.674824339000088, 0.0 ], [ 125.384236270000102, 2.68137694600002, 0.0 ], [ 125.383314297000112, 2.687417633000051, 0.0 ], [ 125.383416740000058, 2.695813160000055, 0.0 ], [ 125.383621621000046, 2.703491998000091, 0.0 ], [ 125.384182088000145, 2.710845820000058, 0.0 ], [ 125.385667524000041, 2.711204174000043, 0.0 ], [ 125.392223777000012, 2.711613714000089, 0.0 ], [ 125.400486205000107, 2.711613714000089, 0.0 ], [ 125.400446815000038, 2.711302054000059, 0.0 ], [ 125.400352514000048, 2.710971975000104, 0.0 ], [ 125.400274635000088, 2.710618257000059, 0.0 ], [ 125.40032236600004, 2.710361240000021, 0.0 ], [ 125.400457002000081, 2.710142831000068, 0.0 ], [ 125.400610980000039, 2.709948620999986, 0.0 ], [ 125.400755303000068, 2.709749583000038, 0.0 ], [ 125.400873725000096, 2.7094025280001, 0.0 ], [ 125.40093959400005, 2.709337969000087, 0.0 ], [ 125.401052689999986, 2.709316900000031, 0.0 ], [ 125.40117711200007, 2.709301492000089, 0.0 ], [ 125.40128635400005, 2.709238742000048, 0.0 ], [ 125.401346509000049, 2.709143875000015, 0.0 ], [ 125.401389653000066, 2.709030094000104, 0.0 ], [ 125.401413887000118, 2.708887926000065, 0.0 ], [ 125.401447272000041, 2.708605514000057, 0.0 ], [ 125.401399774000112, 2.708352035000045, 0.0 ], [ 125.401369187000157, 2.708293585, 0.0 ], [ 125.401216963, 2.708141075000087, 0.0 ], [ 125.401136516000079, 2.708042894000046, 0.0 ], [ 125.40101419200009, 2.707912119000062, 0.0 ], [ 125.400938512000039, 2.70781680100008, 0.0 ], [ 125.400854781000049, 2.70768154600008, 0.0 ], [ 125.40073719100009, 2.707531213999987, 0.0 ], [ 125.400677603000034, 2.70742976600012, 0.0 ], [ 125.400640476999982, 2.707323438000026, 0.0 ], [ 125.400640318000157, 2.707242830000018, 0.0 ], [ 125.40061446100006, 2.707163294000098, 0.0 ], [ 125.400530730000057, 2.70702803900001, 0.0 ], [ 125.400390834000021, 2.706899345000108, 0.0 ], [ 125.400273530000092, 2.706831868000032, 0.0 ], [ 125.400121928000075, 2.706789588000087, 0.0 ], [ 125.399969309000056, 2.70672056900006, 0.0 ], [ 125.399810348000045, 2.706691867000083, 0.0 ], [ 125.399677098000126, 2.70667762300006, 0.0 ], [ 125.3995919810001, 2.706653609000027, 0.0 ], [ 125.399459300000132, 2.706607063, 0.0 ], [ 125.399429949, 2.706492202000083, 0.0 ], [ 125.399413036000041, 2.706354332000044, 0.0 ], [ 125.399357641000066, 2.706114805000032, 0.0 ], [ 125.399289653000125, 2.705867333000073, 0.0 ], [ 125.399254106000029, 2.705699383000033, 0.0 ], [ 125.39914514200008, 2.705507999000096, 0.0 ], [ 125.399039171000013, 2.705346085000022, 0.0 ], [ 125.398909786000146, 2.705216643000059, 0.0 ], [ 125.398765762000039, 2.705104916000051, 0.0 ], [ 125.398604171000073, 2.705013858000067, 0.0 ], [ 125.398553641999982, 2.704952874000083, 0.0 ], [ 125.398491769000103, 2.704829193000064, 0.0 ], [ 125.398453253000113, 2.70464356300007, 0.0 ], [ 125.398391119000038, 2.704387236000089, 0.0 ], [ 125.398358454000089, 2.704192751000074, 0.0 ], [ 125.398334668000075, 2.70403657000003, 0.0 ], [ 125.39834030100009, 2.703915702000065, 0.0 ], [ 125.398343103000144, 2.703695620000063, 0.0 ], [ 125.398339631000127, 2.70342148900003, 0.0 ], [ 125.398339173000096, 2.703188620000036, 0.0 ], [ 125.398303457000154, 2.702894939999984, 0.0 ], [ 125.398317824000102, 2.702738682000112, 0.0 ], [ 125.39837348, 2.702685512000064, 0.0 ], [ 125.398426242000014, 2.702652983000037, 0.0 ], [ 125.398464319000055, 2.702614587000058, 0.0 ], [ 125.398472898000051, 2.702499609000048, 0.0 ], [ 125.398493168000044, 2.702361026000039, 0.0 ], [ 125.398504681000105, 2.702250282000024, 0.0 ], [ 125.398551012000127, 2.701931837000055, 0.0 ], [ 125.398588914000058, 2.701805010000042, 0.0 ], [ 125.39860900100004, 2.701572100000044, 0.0 ], [ 125.398599850000082, 2.701395255000067, 0.0 ], [ 125.398596636000079, 2.70125286800001, 0.0 ], [ 125.398575868000052, 2.701137948000094, 0.0 ], [ 125.398458253000086, 2.701012021000066, 0.0 ], [ 125.398193629000033, 2.700814395000057, 0.0 ], [ 125.398113130000041, 2.700694927000031, 0.0 ], [ 125.398061102000085, 2.700570202000014, 0.0 ], [ 125.398001369000113, 2.700476699, 0.0 ], [ 125.39790796900003, 2.700380663000052, 0.0 ], [ 125.397793878, 2.700295070000076, 0.0 ], [ 125.397677216000034, 2.700219883000072, 0.0 ], [ 125.397555404000073, 2.700157711, 0.0 ], [ 125.397477601000119, 2.700092850000042, 0.0 ], [ 125.397379065000138, 2.700017628000035, 0.0 ], [ 125.397309020000122, 2.69994755100001, 0.0 ], [ 125.39725707400008, 2.699864435000061, 0.0 ], [ 125.397186414000103, 2.699652359000011, 0.0 ], [ 125.397105838, 2.699493882000043, 0.0 ], [ 125.397020685000072, 2.699344882000061, 0.0 ], [ 125.396973255000049, 2.699221082000031, 0.0 ], [ 125.396892828000063, 2.699138022000087, 0.0 ], [ 125.396791713000127, 2.699068007000067, 0.0 ], [ 125.396698366000038, 2.698997976000046, 0.0 ], [ 125.396633013000056, 2.698848379000014, 0.0 ], [ 125.396536999000105, 2.698739344000051, 0.0 ], [ 125.396451379000041, 2.698648493000084, 0.0 ], [ 125.396391685000069, 2.698575795000108, 0.0 ], [ 125.396326728000119, 2.698458896000028, 0.0 ], [ 125.39631878600008, 2.698370492, 0.0 ], [ 125.396317431000057, 2.698184369000051, 0.0 ], [ 125.396281484000014, 2.698122287000066, 0.0 ], [ 125.39618369, 2.698076684000023, 0.0 ], [ 125.396059848000064, 2.698034403000078, 0.0 ], [ 125.395965190000041, 2.697929321000087, 0.0 ], [ 125.395945285000082, 2.697742901000028, 0.0 ], [ 125.39593496300003, 2.697461597000023, 0.0 ], [ 125.395921546000068, 2.697262079000035, 0.0 ], [ 125.395898344000102, 2.69705603900004, 0.0 ], [ 125.395898011000085, 2.696885936000088, 0.0 ], [ 125.395897946000076, 2.696749869000021, 0.0 ], [ 125.395959518000012, 2.696592729000075, 0.0 ], [ 125.396043804000058, 2.696393018000071, 0.0 ], [ 125.396050637, 2.696223745000099, 0.0 ], [ 125.396050281000072, 2.696041927000065, 0.0 ], [ 125.396083990000108, 2.695599304000035, 0.0 ], [ 125.396072181, 2.695437712000077, 0.0 ], [ 125.396071858999989, 2.695273210000055, 0.0 ], [ 125.396048589000102, 2.69512895600011, 0.0 ], [ 125.396028211000015, 2.694993355000081, 0.0 ], [ 125.395978970000115, 2.694807132000038, 0.0 ], [ 125.395909739000075, 2.694668740000045, 0.0 ], [ 125.395771707000108, 2.694611294, 0.0 ], [ 125.395671029000042, 2.694553773000036, 0.0 ], [ 125.395577101000086, 2.694494611000026, 0.0 ], [ 125.395534657000127, 2.694431946000082, 0.0 ], [ 125.395528411000143, 2.694328725000068, 0.0 ], [ 125.395536195000076, 2.694187018000067, 0.0 ], [ 125.395543894000085, 2.694002803000012, 0.0 ], [ 125.395572741999985, 2.693738309000066, 0.0 ], [ 125.39557230500013, 2.693514972000061, 0.0 ], [ 125.39563340600013, 2.693450115000113, 0.0 ], [ 125.395684815000109, 2.693372330000072, 0.0 ], [ 125.395745897000111, 2.693297763000031, 0.0 ], [ 125.395790917000099, 2.693251317, 0.0 ], [ 125.395806834000084, 2.693150945000051, 0.0 ], [ 125.39578718100006, 2.692989143999986, 0.0 ] ] ] ] } },
{ "type": "Feature", "properties": { "KDPPUM": null, "NAMOBJ": "Siau Barat", "REMARK": "Wilayah Administrasi Kecamatan", "KDPBPS": null, "FCODE": null, "LUASWH": 0.0, "UUPP": null, "SRS_ID": null, "LCODE": "BA0080", "METADATA": null, "KDEBPS": null, "KDEPUM": null, "KDCBPS": null, "KDCPUM": null, "KDBBPS": null, "KDBPUM": null, "WADMKD": null, "WIADKD": null, "WADMKC": null, "WIADKC": null, "WADMKK": "Kepulauan Siau Tagulandang Biaro", "WIADKK": null, "WADMPR": "Sulawesi Utara", "WIADPR": null, "TIPADM": 0, "SHAPE_Leng": 0.29293264551999998, "SHAPE_Area": 0.00175127758 }, "geometry": { "type": "MultiPolygon", "coordinates": [ [ [ [ 125.168563000000134, 2.744642000000114, 0.0 ], [ 125.168777, 2.74461500000019, 0.0 ], [ 125.168976, 2.74461500000019, 0.0 ], [ 125.169005565171048, 2.744611131660053, 0.0 ], [ 125.169326957000109, 2.744499128000017, 0.0 ], [ 125.169533596763102, 2.744419074468302, 0.0 ], [ 125.169562, 2.744399, 0.0 ], [ 125.169656, 2.744319000000212, 0.0 ], [ 125.170348000000217, 2.743794000000117, 0.0 ], [ 125.170574, 2.743606000000193, 0.0 ], [ 125.170645699235521, 2.743553868681021, 0.0 ], [ 125.170816427000076, 2.743387719000074, 0.0 ], [ 125.171240358000063, 2.743013795000044, 0.0 ], [ 125.171457689000022, 2.742833999, 0.0 ], [ 125.171564648000071, 2.742787159000033, 0.0 ], [ 125.171682344000047, 2.742758241000038, 0.0 ], [ 125.171913707983833, 2.742723224549055, 0.0 ], [ 125.172133000000116, 2.742625000000205, 0.0 ], [ 125.172439, 2.74251700000015, 0.0 ], [ 125.172506000000155, 2.742544, 0.0 ], [ 125.172986, 2.742516, 0.0 ], [ 125.17341672788055, 2.74234404934422, 0.0 ], [ 125.173442020000067, 2.742331347000066, 0.0 ], [ 125.173505346397263, 2.742306158991765, 0.0 ], [ 125.173812, 2.742126000000129, 0.0 ], [ 125.174118, 2.74197800000014, 0.0 ], [ 125.174358000000183, 2.741856000000171, 0.0 ], [ 125.174517, 2.74173600000019, 0.0 ], [ 125.174771, 2.741601, 0.0 ], [ 125.174944000000167, 2.74142600000012, 0.0 ], [ 125.17517100000012, 2.741292, 0.0 ], [ 125.175316, 2.741198, 0.0 ], [ 125.176003, 2.741116000000227, 0.0 ], [ 125.176216, 2.740874, 0.0 ], [ 125.176429000000113, 2.740646, 0.0 ], [ 125.176575000000213, 2.740525000000178, 0.0 ], [ 125.176735, 2.740324, 0.0 ], [ 125.176788000000244, 2.740190000000171, 0.0 ], [ 125.176881638346657, 2.74011099264529, 0.0 ], [ 125.176884488000056, 2.74010469400004, 0.0 ], [ 125.176955600999989, 2.739967025000018, 0.0 ], [ 125.17704447900006, 2.739787463, 0.0 ], [ 125.177103698000082, 2.739649816000062, 0.0 ], [ 125.177144753000093, 2.739332803000034, 0.0 ], [ 125.177185949000133, 2.739093529000042, 0.0 ], [ 125.177191226000119, 2.738722761000096, 0.0 ], [ 125.177208580000055, 2.738453631000032, 0.0 ], [ 125.177273412000091, 2.738130594000038, 0.0 ], [ 125.177338578000146, 2.737992936000106, 0.0 ], [ 125.177445372000108, 2.737855202000079, 0.0 ], [ 125.177575996000073, 2.737741344000073, 0.0 ], [ 125.17789056000008, 2.737399911000066, 0.0 ], [ 125.178186992000093, 2.736897053000027, 0.0 ], [ 125.178471563000016, 2.736412157000052, 0.0 ], [ 125.17860186300004, 2.736118901000035, 0.0 ], [ 125.178655158000097, 2.735993224000028, 0.0 ], [ 125.178666749000087, 2.735825764000028, 0.0 ], [ 125.17866646800006, 2.735670286000042, 0.0 ], [ 125.17863058200011, 2.735556731000061, 0.0 ], [ 125.17852309700001, 2.735311749000042, 0.0 ], [ 125.178332271000031, 2.735019080000074, 0.0 ], [ 125.178141392000043, 2.734696510000029, 0.0 ], [ 125.177938522000048, 2.734320142000064, 0.0 ], [ 125.177753492000107, 2.733943742000095, 0.0 ], [ 125.17759834800006, 2.733651007000033, 0.0 ], [ 125.177562429000105, 2.733519513000077, 0.0 ], [ 125.177544385000033, 2.733405927, 0.0 ], [ 125.17756200900007, 2.733286295000054, 0.0 ], [ 125.177615239000033, 2.733124739000099, 0.0 ], [ 125.177692246000106, 2.732957160000089, 0.0 ], [ 125.177864259000117, 2.732711668000027, 0.0 ], [ 125.178030295000099, 2.732448246000081, 0.0 ], [ 125.178107289000067, 2.73227468700002, 0.0 ], [ 125.178118956000063, 2.732149086000019, 0.0 ], [ 125.178059285, 2.732035576000042, 0.0 ], [ 125.177993697, 2.73194001700004, 0.0 ], [ 125.177874514000081, 2.731802694000047, 0.0 ], [ 125.177808927000072, 2.731707134000045, 0.0 ], [ 125.177784914000128, 2.73158159900005, 0.0 ], [ 125.177790678000079, 2.731479929000075, 0.0 ], [ 125.177808248000019, 2.731330398000049, 0.0 ], [ 125.177819948000092, 2.731222737000023, 0.0 ], [ 125.177813883000127, 2.731156968000088, 0.0 ], [ 125.177742338000073, 2.731055439000036, 0.0 ], [ 125.177664847000059, 2.730953921000074, 0.0 ], [ 125.177587410000129, 2.73088230300001, 0.0 ], [ 125.177456420000127, 2.730792842000069, 0.0 ], [ 125.177260026000127, 2.73070948000001, 0.0 ], [ 125.176986367000055, 2.730650179000078, 0.0 ], [ 125.176873261000111, 2.73058460500007, 0.0 ], [ 125.176777832000113, 2.73042930000001, 0.0 ], [ 125.176676135000136, 2.730094606000028, 0.0 ], [ 125.176574512000073, 2.729801773000046, 0.0 ], [ 125.176508827999967, 2.729652393000032, 0.0 ], [ 125.176389560000047, 2.729467232000077, 0.0 ], [ 125.17627044200006, 2.729365788000033, 0.0 ], [ 125.17615141000006, 2.729312185000039, 0.0 ], [ 125.175877633000056, 2.729187105000081, 0.0 ], [ 125.175699004000109, 2.72906185000002, 0.0 ], [ 125.175490330000073, 2.72876323, 0.0 ], [ 125.175382976999984, 2.72859000700006, 0.0 ], [ 125.175263601000054, 2.728345044000042, 0.0 ], [ 125.175191939000086, 2.728177736000054, 0.0 ], [ 125.17507851000002, 2.727932763000036, 0.0 ], [ 125.175006934000052, 2.727813293000098, 0.0 ], [ 125.174869846000078, 2.72764012300007, 0.0 ], [ 125.174708876000082, 2.727413176000033, 0.0 ], [ 125.174541938000033, 2.727174281000073, 0.0 ], [ 125.174369191000125, 2.727013135000062, 0.0 ], [ 125.174250095000048, 2.72692365100003, 0.0 ], [ 125.174137000000101, 2.726864057000073, 0.0 ], [ 125.173940585000111, 2.726768735000091, 0.0 ], [ 125.173803542000044, 2.726619484, 0.0 ], [ 125.173642667000053, 2.726446357000063, 0.0 ], [ 125.173356708000028, 2.726159835999981, 0.0 ], [ 125.173118387000017, 2.725909110000019, 0.0 ], [ 125.172808759000077, 2.725688412000055, 0.0 ], [ 125.172576643000056, 2.725581193000066, 0.0 ], [ 125.172356495000045, 2.725515813000074, 0.0 ], [ 125.172068889265617, 2.725490516074453, 0.0 ], [ 125.171976, 2.725504, 0.0 ], [ 125.17181500000018, 2.725518000000166, 0.0 ], [ 125.171589, 2.725478, 0.0 ], [ 125.17157685906281, 2.725471154577958, 0.0 ], [ 125.171541704000134, 2.725469451000057, 0.0 ], [ 125.171291812000064, 2.725398144000019, 0.0 ], [ 125.171107332999981, 2.72532671900006, 0.0 ], [ 125.17071449400008, 2.725130091000045, 0.0 ], [ 125.17032161200008, 2.724909543, 0.0 ], [ 125.170059707000078, 2.724772477000032, 0.0 ], [ 125.169803783000035, 2.724653341000034, 0.0 ], [ 125.169601475, 2.724587928000039, 0.0 ], [ 125.169411178999979, 2.724588272000068, 0.0 ], [ 125.169280393, 2.724612429000024, 0.0 ], [ 125.169137799000097, 2.724684447000032, 0.0 ], [ 125.169024929000074, 2.724750431000073, 0.0 ], [ 125.168846719000072, 2.724858393000035, 0.0 ], [ 125.16871604, 2.724942351000054, 0.0 ], [ 125.168377481000064, 2.725170203000078, 0.0 ], [ 125.168217035000112, 2.725236274000038, 0.0 ], [ 125.16811601500001, 2.725278317000052, 0.0 ], [ 125.167830646000112, 2.725320693000095, 0.0 ], [ 125.167652296000014, 2.72535091600002, 0.0 ], [ 125.167372895000085, 2.725405241999985, 0.0 ], [ 125.167370228854466, 2.7254056759144, 0.0 ], [ 125.167089, 2.725513000000108, 0.0 ], [ 125.166783000000123, 2.725768, 0.0 ], [ 125.166663000000227, 2.725862000000207, 0.0 ], [ 125.166467311954378, 2.726015288969281, 0.0 ], [ 125.165995296000133, 2.726555896000066, 0.0 ], [ 125.165680834000142, 2.726957126000046, 0.0 ], [ 125.165384575000061, 2.72756164300006, 0.0 ], [ 125.165272261, 2.727938588000073, 0.0 ], [ 125.165254719999965, 2.728106060000075, 0.0 ], [ 125.165243190000083, 2.728309401000024, 0.0 ], [ 125.165260971684745, 2.728671198184502, 0.0 ], [ 125.165268000000182, 2.728680000000134, 0.0 ], [ 125.165268000000182, 2.728747000000171, 0.0 ], [ 125.165265084143115, 2.728754872814127, 0.0 ], [ 125.165280219000039, 2.7290628160001, 0.0 ], [ 125.165286541000114, 2.729272105000097, 0.0 ], [ 125.165268893000075, 2.729379777000036, 0.0 ], [ 125.165233383000071, 2.729475522000053, 0.0 ], [ 125.165216347528457, 2.729496335308374, 0.0 ], [ 125.165217000000141, 2.7296190000002, 0.0 ], [ 125.165083000000237, 2.729700000000152, 0.0 ], [ 125.16507, 2.72974, 0.0 ], [ 125.165017, 2.729861000000151, 0.0 ], [ 125.165017, 2.730008, 0.0 ], [ 125.165064, 2.730276000000204, 0.0 ], [ 125.165184000000153, 2.73042300000011, 0.0 ], [ 125.16519800000016, 2.730490000000147, 0.0 ], [ 125.16519800000016, 2.730558, 0.0 ], [ 125.165038000000251, 2.730652, 0.0 ], [ 125.164952523596952, 2.730676815730055, 0.0 ], [ 125.16489672900002, 2.730767815000041, 0.0 ], [ 125.164890928732106, 2.730779533002165, 0.0 ], [ 125.164852000000138, 2.730947000000123, 0.0 ], [ 125.164852000000138, 2.731020323304795, 0.0 ], [ 125.164854196524786, 2.731030540666774, 0.0 ], [ 125.164919, 2.731135, 0.0 ], [ 125.165119000000104, 2.731201000000178, 0.0 ], [ 125.165146, 2.731268, 0.0 ], [ 125.165106000000193, 2.731416000000204, 0.0 ], [ 125.164774000000165, 2.732033, 0.0 ], [ 125.164547000000127, 2.732194, 0.0 ], [ 125.164525047381019, 2.73220889248041, 0.0 ], [ 125.16451873600009, 2.732221643000072, 0.0 ], [ 125.164459503000074, 2.732353311000042, 0.0 ], [ 125.16436447300012, 2.732419264000081, 0.0 ], [ 125.164269484000073, 2.732509136000056, 0.0 ], [ 125.164186272000023, 2.732533207000094, 0.0 ], [ 125.164108963000118, 2.732533347000105, 0.0 ], [ 125.164031590000022, 2.732497607, 0.0 ], [ 125.164012977977336, 2.732479256784066, 0.0 ], [ 125.163988, 2.73249, 0.0 ], [ 125.163802, 2.732625, 0.0 ], [ 125.163645045205001, 2.732701297469903, 0.0 ], [ 125.163657506000064, 2.73274795, 0.0 ], [ 125.163686147000035, 2.732801718000106, 0.0 ], [ 125.16369695400013, 2.732859108000058, 0.0 ], [ 125.163697012000043, 2.732891399000065, 0.0 ], [ 125.163689960000085, 2.732938056000018, 0.0 ], [ 125.163643697000083, 2.73300631300007, 0.0 ], [ 125.163579567000099, 2.733060249000092, 0.0 ], [ 125.163486861999985, 2.733096297000055, 0.0 ], [ 125.163337027000011, 2.733110921000021, 0.0 ], [ 125.163240727000044, 2.73313262300004, 0.0 ], [ 125.163123044000073, 2.733168716, 0.0 ], [ 125.163012530000074, 2.733222736000036, 0.0 ], [ 125.162902072000094, 2.733309047999983, 0.0 ], [ 125.162805882000029, 2.733391748000075, 0.0 ], [ 125.162752469000139, 2.733452841000068, 0.0 ], [ 125.162649078000115, 2.733499671000034, 0.0 ], [ 125.162556366000089, 2.733532131000056, 0.0 ], [ 125.162467240000083, 2.733575349000079, 0.0 ], [ 125.16240666000013, 2.733618515, 0.0 ], [ 125.162360396000039, 2.733686771000061, 0.0 ], [ 125.162307055000056, 2.733787332000032, 0.0 ], [ 125.162203702000042, 2.733855692, 0.0 ], [ 125.16206469400008, 2.733938468000103, 0.0 ], [ 125.161907935000073, 2.734071508000097, 0.0 ], [ 125.161851, 2.734157724000037, 0.0 ], [ 125.161751478000014, 2.734373185000011, 0.0 ], [ 125.161708892000135, 2.734502431000047, 0.0 ], [ 125.161619972000054, 2.734660464000067, 0.0 ], [ 125.161520175000064, 2.734721641000066, 0.0 ], [ 125.161370411, 2.734775733000012, 0.0 ], [ 125.16114931700011, 2.734847894000032, 0.0 ], [ 125.160778465999968, 2.734977734000028, 0.0 ], [ 125.160215167000089, 2.735237091000082, 0.0 ], [ 125.159790851000054, 2.735399320000093, 0.0 ], [ 125.159651849000014, 2.735485684000045, 0.0 ], [ 125.159530738000029, 2.735600720000059, 0.0 ], [ 125.159477403000054, 2.735704869000061, 0.0 ], [ 125.159345967000021, 2.736031617, 0.0 ], [ 125.159314149000053, 2.736196724, 0.0 ], [ 125.159310825000048, 2.736333075000081, 0.0 ], [ 125.159328839000111, 2.7364299180001, 0.0 ], [ 125.159386122000143, 2.736537456000027, 0.0 ], [ 125.159436223000029, 2.736619889000098, 0.0 ], [ 125.159507745999989, 2.736709460000048, 0.0 ], [ 125.159622215000056, 2.736870713999979, 0.0 ], [ 125.15970802300005, 2.736967435000077, 0.0 ], [ 125.159822467000012, 2.737114337000063, 0.0 ], [ 125.159926185999979, 2.737250494000049, 0.0 ], [ 125.160155117000087, 2.737569413000058, 0.0 ], [ 125.16028756800003, 2.737809570000033, 0.0 ], [ 125.160348522000021, 2.737974509, 0.0 ], [ 125.160384473999969, 2.738125141000031, 0.0 ], [ 125.160387590116315, 2.738161941561829, 0.0 ], [ 125.160392, 2.738168000000202, 0.0 ], [ 125.160472, 2.738356000000126, 0.0 ], [ 125.160552, 2.738583, 0.0 ], [ 125.160606000000186, 2.738731, 0.0 ], [ 125.160637605977129, 2.738921426011915, 0.0 ], [ 125.160739390000117, 2.739057383000072, 0.0 ], [ 125.160821752000089, 2.739222282000037, 0.0 ], [ 125.160886300000016, 2.739401566000039, 0.0 ], [ 125.160965023000045, 2.739527004000026, 0.0 ], [ 125.160986892712131, 2.739556467716559, 0.0 ], [ 125.161021, 2.739575, 0.0 ], [ 125.161063222910556, 2.739659302692827, 0.0 ], [ 125.161068750000013, 2.739666749000042, 0.0 ], [ 125.161376381000068, 2.740096753, 0.0 ], [ 125.161476585000088, 2.740261619000057, 0.0 ], [ 125.161599484704283, 2.74046207553152, 0.0 ], [ 125.161676000000156, 2.740539, 0.0 ], [ 125.161797000000135, 2.7407, 0.0 ], [ 125.16186168154897, 2.740791142182781, 0.0 ], [ 125.161865725554534, 2.74079563442678, 0.0 ], [ 125.162743411353773, 2.741643975108039, 0.0 ], [ 125.162899383000038, 2.741755238000094, 0.0 ], [ 125.163263893, 2.742066733000021, 0.0 ], [ 125.163389073000062, 2.742231554000069, 0.0 ], [ 125.163463422293177, 2.742332103839813, 0.0 ], [ 125.163606000000158, 2.742466000000194, 0.0 ], [ 125.163766000000166, 2.742694000000229, 0.0 ], [ 125.163808393433996, 2.742747929062245, 0.0 ], [ 125.163943281000087, 2.742869213000072, 0.0 ], [ 125.164064797, 2.742980221000019, 0.0 ], [ 125.164164943000046, 2.743112795000064, 0.0 ], [ 125.16421151599998, 2.743216763000051, 0.0 ], [ 125.164279568000111, 2.743360159000103, 0.0 ], [ 125.164347517000053, 2.743446148000023, 0.0 ], [ 125.164451173000103, 2.74354642300006, 0.0 ], [ 125.164651305000049, 2.743721872000011, 0.0 ], [ 125.164769324000048, 2.743872353000027, 0.0 ], [ 125.164869464000063, 2.744001340000041, 0.0 ], [ 125.164958938000012, 2.744151874000062, 0.0 ], [ 125.165049566282661, 2.744309177960764, 0.0 ], [ 125.165223000000182, 2.744461, 0.0 ], [ 125.165401140186518, 2.74459481422465, 0.0 ], [ 125.165516463000046, 2.744649592000032, 0.0 ], [ 125.165619991000085, 2.744678107, 0.0 ], [ 125.165798507000105, 2.744738778000039, 0.0 ], [ 125.165902073000069, 2.744788821, 0.0 ], [ 125.165944958332773, 2.744826417291685, 0.0 ], [ 125.166077000000243, 2.744835, 0.0 ], [ 125.166288228960781, 2.744916851222341, 0.0 ], [ 125.166394746000066, 2.744938620000054, 0.0 ], [ 125.166551186767066, 2.744995502301146, 0.0 ], [ 125.16673, 2.745008, 0.0 ], [ 125.167117, 2.745020000000126, 0.0 ], [ 125.167283404961495, 2.745023528979724, 0.0 ], [ 125.167504528000137, 2.744990418000077, 0.0 ], [ 125.167918274000087, 2.744903551000084, 0.0 ], [ 125.167950131133722, 2.744896244168766, 0.0 ], [ 125.168163, 2.744764, 0.0 ], [ 125.168376000000208, 2.744669, 0.0 ], [ 125.168563000000134, 2.744642000000114, 0.0 ] ] ], [ [ [ 125.377474872000121, 2.760561552000047, 0.0 ], [ 125.375938250000075, 2.757080478000058, 0.0 ], [ 125.375426044000065, 2.754725635000083, 0.0 ], [ 125.375016276000096, 2.751756485000085, 0.0 ], [ 125.37491383800014, 2.746739645000035, 0.0 ], [ 125.375528487000111, 2.743770495000037, 0.0 ], [ 125.37737243300009, 2.740391806000082, 0.0 ], [ 125.380240792000095, 2.738139348000052, 0.0 ], [ 125.383006713000057, 2.736910734000093, 0.0 ], [ 125.385055541000028, 2.736398812000102, 0.0 ], [ 125.386592164000078, 2.736296427000068, 0.0 ], [ 125.387821457000086, 2.736296427000068, 0.0 ], [ 125.386281905000075, 2.733244700000077, 0.0 ], [ 125.38525749300004, 2.730685087000035, 0.0 ], [ 125.384950169000021, 2.728023092000049, 0.0 ], [ 125.384745287000115, 2.724030096000069, 0.0 ], [ 125.384642844000084, 2.716556028000101, 0.0 ], [ 125.384182088000145, 2.710845820000058, 0.0 ], [ 125.382696722000077, 2.710487482000074, 0.0 ], [ 125.381262543000076, 2.709361253000059, 0.0 ], [ 125.380340569000083, 2.707006410000085, 0.0 ], [ 125.379930802000118, 2.703627724000041, 0.0 ], [ 125.379521039000139, 2.698406114000013, 0.0 ], [ 125.379213714000116, 2.694720272000046, 0.0 ], [ 125.378291741000126, 2.691443968000035, 0.0 ], [ 125.377751475000096, 2.69057537700011, 0.0 ], [ 125.377220265000105, 2.690027242000054, 0.0 ], [ 125.376734967000104, 2.689425830000031, 0.0 ], [ 125.376368169000131, 2.689129268, 0.0 ], [ 125.375990076000107, 2.688966952000078, 0.0 ], [ 125.375640501000049, 2.688723743000027, 0.0 ], [ 125.375366379000099, 2.688605436, 0.0 ], [ 125.37482188, 2.688223502000026, 0.0 ], [ 125.374323597000071, 2.687879965000024, 0.0 ], [ 125.373872679000058, 2.687718417000069, 0.0 ], [ 125.373006944000011, 2.687474802000073, 0.0 ], [ 125.372643754999984, 2.687300291000023, 0.0 ], [ 125.372258149000146, 2.687110581000047, 0.0 ], [ 125.371770731000055, 2.686895486000013, 0.0 ], [ 125.37150232200004, 2.686773969000084, 0.0 ], [ 125.371176280000071, 2.686708714000103, 0.0 ], [ 125.370648812000042, 2.686652288000053, 0.0 ], [ 125.370397796654288, 2.686613070349948, 0.0 ], [ 125.37031, 2.687212, 0.0 ], [ 125.37031, 2.687339000000117, 0.0 ], [ 125.370197, 2.687592, 0.0 ], [ 125.370129000000105, 2.68787900000021, 0.0 ], [ 125.369946, 2.688282000000159, 0.0 ], [ 125.36983200000013, 2.688523000000204, 0.0 ], [ 125.369696000000246, 2.688799000000126, 0.0 ], [ 125.369651000000161, 2.689029000000149, 0.0 ], [ 125.369526000000221, 2.68944300000012, 0.0 ], [ 125.369424000000123, 2.689822, 0.0 ], [ 125.369265, 2.69019000000011, 0.0 ], [ 125.369207000000117, 2.69030500000021, 0.0 ], [ 125.369037, 2.690708000000159, 0.0 ], [ 125.368991000000179, 2.690857, 0.0 ], [ 125.368946000000193, 2.690926, 0.0 ], [ 125.368638, 2.691398, 0.0 ], [ 125.368353, 2.691732000000153, 0.0 ], [ 125.368102000000164, 2.692020000000179, 0.0 ], [ 125.367988, 2.692238, 0.0 ], [ 125.367966073265677, 2.692327372259468, 0.0 ], [ 125.367985153000092, 2.692337718, 0.0 ], [ 125.368021256999967, 2.692379861000022, 0.0 ], [ 125.368044174, 2.692432884000057, 0.0 ], [ 125.368041848000075, 2.692471484000054, 0.0 ], [ 125.368030777000044, 2.692522572000017, 0.0 ], [ 125.367940641000047, 2.692615916000014, 0.0 ], [ 125.367909292055188, 2.692650537061143, 0.0 ], [ 125.36791, 2.692870000000164, 0.0 ], [ 125.367876, 2.693203000000183, 0.0 ], [ 125.367695, 2.693698000000106, 0.0 ], [ 125.36758, 2.694008000000176, 0.0 ], [ 125.367444000000162, 2.694296000000202, 0.0 ], [ 125.367170000000144, 2.694744000000144, 0.0 ], [ 125.367091, 2.694848000000222, 0.0 ], [ 125.366669, 2.695331, 0.0 ], [ 125.366259, 2.695757000000116, 0.0 ], [ 125.36600700000011, 2.695953000000168, 0.0 ], [ 125.365733000000176, 2.696149, 0.0 ], [ 125.365505000000226, 2.696391000000171, 0.0 ], [ 125.365197, 2.696782, 0.0 ], [ 125.364707000000109, 2.697059000000197, 0.0 ], [ 125.364581, 2.697129000000126, 0.0 ], [ 125.364329622900229, 2.697090673446818, 0.0 ], [ 125.364178687000091, 2.697252750000063, 0.0 ], [ 125.36403330570829, 2.697399341386204, 0.0 ], [ 125.363976000000108, 2.69759, 0.0 ], [ 125.363942000000222, 2.697659000000103, 0.0 ], [ 125.363817000000182, 2.697877000000199, 0.0 ], [ 125.363761, 2.698325000000141, 0.0 ], [ 125.363784, 2.698635000000211, 0.0 ], [ 125.363784, 2.698785000000187, 0.0 ], [ 125.363785000000107, 2.699175000000126, 0.0 ], [ 125.363797000000133, 2.699382000000201, 0.0 ], [ 125.363832, 2.699749000000191, 0.0 ], [ 125.363832, 2.699910000000189, 0.0 ], [ 125.363856000000212, 2.700278, 0.0 ], [ 125.36389, 2.700542, 0.0 ], [ 125.363903000000192, 2.701105000000121, 0.0 ], [ 125.363903000000192, 2.70124300000017, 0.0 ], [ 125.363664, 2.701932000000157, 0.0 ], [ 125.363586000000168, 2.702208, 0.0 ], [ 125.363472, 2.702794, 0.0 ], [ 125.363427, 2.703220000000146, 0.0 ], [ 125.363360000000213, 2.703875000000162, 0.0 ], [ 125.363269, 2.704127000000229, 0.0 ], [ 125.362995000000211, 2.704415, 0.0 ], [ 125.362722, 2.704807000000182, 0.0 ], [ 125.362494, 2.705221000000153, 0.0 ], [ 125.362426000000113, 2.705474000000125, 0.0 ], [ 125.362403000000157, 2.705772, 0.0 ], [ 125.362450000000237, 2.706059, 0.0 ], [ 125.36256500000016, 2.706243000000159, 0.0 ], [ 125.362622000000258, 2.706507000000153, 0.0 ], [ 125.362794, 2.706782000000169, 0.0 ], [ 125.36281700000022, 2.706966000000117, 0.0 ], [ 125.362794, 2.707219, 0.0 ], [ 125.362749, 2.707494000000105, 0.0 ], [ 125.362704, 2.707885000000127, 0.0 ], [ 125.362705000000105, 2.708195, 0.0 ], [ 125.362706, 2.708448000000169, 0.0 ], [ 125.363015, 2.708861, 0.0 ], [ 125.363152, 2.709079000000154, 0.0 ], [ 125.363154, 2.709469, 0.0 ], [ 125.363085, 2.709917000000212, 0.0 ], [ 125.363029, 2.710457000000128, 0.0 ], [ 125.362916000000155, 2.710722000000205, 0.0 ], [ 125.362608000000165, 2.711343, 0.0 ], [ 125.362391000000144, 2.711550000000146, 0.0 ], [ 125.362277, 2.711631, 0.0 ], [ 125.36208300000024, 2.711769000000148, 0.0 ], [ 125.361855000000119, 2.711988000000149, 0.0 ], [ 125.361696000000194, 2.712172, 0.0 ], [ 125.361513, 2.71238, 0.0 ], [ 125.361354000000148, 2.712621000000121, 0.0 ], [ 125.36116, 2.712886000000198, 0.0 ], [ 125.361080000000115, 2.712989000000194, 0.0 ], [ 125.360966000000104, 2.713047000000197, 0.0 ], [ 125.360920000000121, 2.713093, 0.0 ], [ 125.360864000000191, 2.713174, 0.0 ], [ 125.360806, 2.713254, 0.0 ], [ 125.360716, 2.713622000000166, 0.0 ], [ 125.360682000000139, 2.713806000000114, 0.0 ], [ 125.360671, 2.714208000000157, 0.0 ], [ 125.360672000000108, 2.714438000000181, 0.0 ], [ 125.360639000000134, 2.714909, 0.0 ], [ 125.360616000000192, 2.715104, 0.0 ], [ 125.36055900000018, 2.715587000000214, 0.0 ], [ 125.360492, 2.716001000000185, 0.0 ], [ 125.360574106185013, 2.716317822778864, 0.0 ], [ 125.360641253000054, 2.716334543000071, 0.0 ], [ 125.360748115000106, 2.716400697000038, 0.0 ], [ 125.360819726000074, 2.716635381000094, 0.0 ], [ 125.360839861614053, 2.716876345101655, 0.0 ], [ 125.360928000000158, 2.717056, 0.0 ], [ 125.361066, 2.7172280000001, 0.0 ], [ 125.361215000000101, 2.71740000000012, 0.0 ], [ 125.361272000000199, 2.717584, 0.0 ], [ 125.361318, 2.717951, 0.0 ], [ 125.361307000000167, 2.718238000000179, 0.0 ], [ 125.361262000000167, 2.71845700000018, 0.0 ], [ 125.361137000000127, 2.718687, 0.0 ], [ 125.360932000000133, 2.719009000000201, 0.0 ], [ 125.36083, 2.719457000000142, 0.0 ], [ 125.360773, 2.719595000000192, 0.0 ], [ 125.360728, 2.719848000000164, 0.0 ], [ 125.360671, 2.720239000000186, 0.0 ], [ 125.360523, 2.72071, 0.0 ], [ 125.360353, 2.721009000000125, 0.0 ], [ 125.360159000000209, 2.721458000000149, 0.0 ], [ 125.359874000000261, 2.721837, 0.0 ], [ 125.359669, 2.722102000000143, 0.0 ], [ 125.359544, 2.722309, 0.0 ], [ 125.359362000000175, 2.722815000000162, 0.0 ], [ 125.359271, 2.723068000000135, 0.0 ], [ 125.359078, 2.72368900000018, 0.0 ], [ 125.358976000000112, 2.724080000000201, 0.0 ], [ 125.359286, 2.724711000000186, 0.0 ], [ 125.359377, 2.724883000000206, 0.0 ], [ 125.35955, 2.725147, 0.0 ], [ 125.359687, 2.725319, 0.0 ], [ 125.359938000000128, 2.725513000000108, 0.0 ], [ 125.360144000000119, 2.725708, 0.0 ], [ 125.36022500000017, 2.725777000000102, 0.0 ], [ 125.360431, 2.725914, 0.0 ], [ 125.360499, 2.726075, 0.0 ], [ 125.360614000000197, 2.726178, 0.0 ], [ 125.360752000000161, 2.72656800000018, 0.0 ], [ 125.360787, 2.72697, 0.0 ], [ 125.360753, 2.727361, 0.0 ], [ 125.360662, 2.727671000000138, 0.0 ], [ 125.36032, 2.728016, 0.0 ], [ 125.360241000000244, 2.728373000000134, 0.0 ], [ 125.360208, 2.728832, 0.0 ], [ 125.360162000000102, 2.729097000000175, 0.0 ], [ 125.360060000000104, 2.729246, 0.0 ], [ 125.359821, 2.72960300000012, 0.0 ], [ 125.359764000000126, 2.729867000000114, 0.0 ], [ 125.35973, 2.730086000000115, 0.0 ], [ 125.35964, 2.730316000000139, 0.0 ], [ 125.359583, 2.730683000000129, 0.0 ], [ 125.359652, 2.73089, 0.0 ], [ 125.359675, 2.731051000000202, 0.0 ], [ 125.359732, 2.731223, 0.0 ], [ 125.359767, 2.731349000000167, 0.0 ], [ 125.360031, 2.731659000000237, 0.0 ], [ 125.360087, 2.73170400000023, 0.0 ], [ 125.360430000000164, 2.731830000000175, 0.0 ], [ 125.360568, 2.731898000000117, 0.0 ], [ 125.360716, 2.732059000000115, 0.0 ], [ 125.360843, 2.732254, 0.0 ], [ 125.360923, 2.732391, 0.0 ], [ 125.360992000000124, 2.732564000000155, 0.0 ], [ 125.361049000000136, 2.732770000000146, 0.0 ], [ 125.361119, 2.733126000000114, 0.0 ], [ 125.36113, 2.73331, 0.0 ], [ 125.361165, 2.733482, 0.0 ], [ 125.361189, 2.734217000000145, 0.0 ], [ 125.36123500000015, 2.734470000000117, 0.0 ], [ 125.36128200000023, 2.734987, 0.0 ], [ 125.361248, 2.735354, 0.0 ], [ 125.361101, 2.735803, 0.0 ], [ 125.360919000000209, 2.736228, 0.0 ], [ 125.360805, 2.736424000000143, 0.0 ], [ 125.360474, 2.73688400000019, 0.0 ], [ 125.360360000000142, 2.737022, 0.0 ], [ 125.360212, 2.73732100000011, 0.0 ], [ 125.360122, 2.737643000000107, 0.0 ], [ 125.360077000000175, 2.737999, 0.0 ], [ 125.360077000000175, 2.738424, 0.0 ], [ 125.360112000000228, 2.738723000000116, 0.0 ], [ 125.360193, 2.739171, 0.0 ], [ 125.360137000000165, 2.739527000000203, 0.0 ], [ 125.360057000000211, 2.739653000000148, 0.0 ], [ 125.359749000000221, 2.739872000000149, 0.0 ], [ 125.359465, 2.740827000000118, 0.0 ], [ 125.359374, 2.741022, 0.0 ], [ 125.359339000000219, 2.741114, 0.0 ], [ 125.359272000000189, 2.741298000000187, 0.0 ], [ 125.359135000000123, 2.741459000000185, 0.0 ], [ 125.359044, 2.741781000000183, 0.0 ], [ 125.358976000000112, 2.742114000000202, 0.0 ], [ 125.358965, 2.742436000000199, 0.0 ], [ 125.358988, 2.742631000000168, 0.0 ], [ 125.35914900000013, 2.742952, 0.0 ], [ 125.359241, 2.743159000000157, 0.0 ], [ 125.359413, 2.743457000000122, 0.0 ], [ 125.359562000000111, 2.743767000000192, 0.0 ], [ 125.359654, 2.744088000000106, 0.0 ], [ 125.359770000000182, 2.744548000000153, 0.0 ], [ 125.359907, 2.744903000000216, 0.0 ], [ 125.360011000000128, 2.74540900000016, 0.0 ], [ 125.360114000000223, 2.745753000000201, 0.0 ], [ 125.360241000000244, 2.74614300000014, 0.0 ], [ 125.360288000000224, 2.746465000000137, 0.0 ], [ 125.360368000000179, 2.746878, 0.0 ], [ 125.360483000000201, 2.747372, 0.0 ], [ 125.360564, 2.747854000000133, 0.0 ], [ 125.360599000000107, 2.748141, 0.0 ], [ 125.360725000000144, 2.748520000000171, 0.0 ], [ 125.360864000000191, 2.749002, 0.0 ], [ 125.36091, 2.749714, 0.0 ], [ 125.360774000000205, 2.749841, 0.0 ], [ 125.360707, 2.749890000000194, 0.0 ], [ 125.361096000000202, 2.749906, 0.0 ], [ 125.361054, 2.749935000000187, 0.0 ], [ 125.360853, 2.750206, 0.0 ], [ 125.360771, 2.750308000000141, 0.0 ], [ 125.360641000000214, 2.7505, 0.0 ], [ 125.360615, 2.750649000000111, 0.0 ], [ 125.360611, 2.750821000000132, 0.0 ], [ 125.360596000000129, 2.750947, 0.0 ], [ 125.360591, 2.751166, 0.0 ], [ 125.360621, 2.751339000000181, 0.0 ], [ 125.360631, 2.751431000000155, 0.0 ], [ 125.360706, 2.751628000000112, 0.0 ], [ 125.360793, 2.75180200000012, 0.0 ], [ 125.360859, 2.75195300000018, 0.0 ], [ 125.360947, 2.752093, 0.0 ], [ 125.361013, 2.752210000000128, 0.0 ], [ 125.361147000000159, 2.752351, 0.0 ], [ 125.361305000000172, 2.752447000000197, 0.0 ], [ 125.361495000000261, 2.75260100000015, 0.0 ], [ 125.361579962096286, 2.752637650316087, 0.0 ], [ 125.361818670521671, 2.752680750361487, 0.0 ], [ 125.36192800000012, 2.752691000000135, 0.0 ], [ 125.36203, 2.752694000000206, 0.0 ], [ 125.362122, 2.752684, 0.0 ], [ 125.362349, 2.752650000000118, 0.0 ], [ 125.36247900000015, 2.752624, 0.0 ], [ 125.362510547602454, 2.752609478087892, 0.0 ], [ 125.362572682000078, 2.752535924, 0.0 ], [ 125.362667546000026, 2.752340054000053, 0.0 ], [ 125.362797081000082, 2.752161508000023, 0.0 ], [ 125.362994137000129, 2.752083561000058, 0.0 ], [ 125.363145620000054, 2.752057169000095, 0.0 ], [ 125.363185936216638, 2.752060944355145, 0.0 ], [ 125.363224, 2.752043000000166, 0.0 ], [ 125.363339, 2.752012, 0.0 ], [ 125.363499, 2.751981000000187, 0.0 ], [ 125.363672000000179, 2.751973, 0.0 ], [ 125.363797000000133, 2.751976000000129, 0.0 ], [ 125.363944000000217, 2.75202600000018, 0.0 ], [ 125.36442, 2.75222100000015, 0.0 ], [ 125.364600000000138, 2.752351, 0.0 ], [ 125.364802, 2.752517000000127, 0.0 ], [ 125.364926000000196, 2.7526, 0.0 ], [ 125.365071000000199, 2.752742, 0.0 ], [ 125.365182000000146, 2.752894, 0.0 ], [ 125.365236, 2.753033000000189, 0.0 ], [ 125.365244, 2.753160000000216, 0.0 ], [ 125.365253, 2.753263, 0.0 ], [ 125.365252249321969, 2.753314796796486, 0.0 ], [ 125.365304352000052, 2.753383494000056, 0.0 ], [ 125.365356805000047, 2.753635600000043, 0.0 ], [ 125.365351365000038, 2.753734804, 0.0 ], [ 125.365243444000086, 2.753895913000088, 0.0 ], [ 125.36514426100004, 2.754096140000046, 0.0 ], [ 125.365036485, 2.754331172000041, 0.0 ], [ 125.364950365999988, 2.754570509000038, 0.0 ], [ 125.364851035000029, 2.754696813000097, 0.0 ], [ 125.364725565000043, 2.754740548000074, 0.0 ], [ 125.364543852000111, 2.754806137000083, 0.0 ], [ 125.36435345600016, 2.75485869900008, 0.0 ], [ 125.364154529000047, 2.754976504000057, 0.0 ], [ 125.364045383000075, 2.755114105000073, 0.0 ], [ 125.363950546000041, 2.75532302000004, 0.0 ], [ 125.36379930300005, 2.755471169000041, 0.0 ], [ 125.363797039777467, 2.755472785889863, 0.0 ], [ 125.363734, 2.755596000000155, 0.0 ], [ 125.363534000000215, 2.755926000000104, 0.0 ], [ 125.363432000000216, 2.756347000000121, 0.0 ], [ 125.363425, 2.756612000000198, 0.0 ], [ 125.363454, 2.756877, 0.0 ], [ 125.363482, 2.757142000000174, 0.0 ], [ 125.363587, 2.757546, 0.0 ], [ 125.363593034696009, 2.757641800799144, 0.0 ], [ 125.363596141000031, 2.757649506000066, 0.0 ], [ 125.363601899945976, 2.757708291526823, 0.0 ], [ 125.363656, 2.757985000000113, 0.0 ], [ 125.363817000000182, 2.75847100000018, 0.0 ], [ 125.363901000000212, 2.758761000000193, 0.0 ], [ 125.363987000000222, 2.758993000000205, 0.0 ], [ 125.364118000000218, 2.75926, 0.0 ], [ 125.364196000000192, 2.759365, 0.0 ], [ 125.364274000000165, 2.759459, 0.0 ], [ 125.364373, 2.75956200000021, 0.0 ], [ 125.364475000000184, 2.759648000000221, 0.0 ], [ 125.364634, 2.759721, 0.0 ], [ 125.364759, 2.759746000000158, 0.0 ], [ 125.364759946313924, 2.759746347909681, 0.0 ], [ 125.36482626400003, 2.759745445000023, 0.0 ], [ 125.365179801000053, 2.759792069000062, 0.0 ], [ 125.365574607000127, 2.759856360000052, 0.0 ], [ 125.36587519800004, 2.759938589000017, 0.0 ], [ 125.366028475000022, 2.759997447000091, 0.0 ], [ 125.3661464300001, 2.760068208000083, 0.0 ], [ 125.366205535000105, 2.760168669000047, 0.0 ], [ 125.366235259000078, 2.760304687000021, 0.0 ], [ 125.366238027966645, 2.760400561045435, 0.0 ], [ 125.366309000000143, 2.760472000000187, 0.0 ], [ 125.366476, 2.760649, 0.0 ], [ 125.366541, 2.760800000000147, 0.0 ], [ 125.366673000000233, 2.761044, 0.0 ], [ 125.366762553046996, 2.761287472346014, 0.0 ], [ 125.366921347, 2.76138851800008, 0.0 ], [ 125.367009942000138, 2.761506669, 0.0 ], [ 125.367045543999978, 2.761636760000014, 0.0 ], [ 125.367016443000054, 2.76181431000005, 0.0 ], [ 125.366876709224215, 2.76194650183877, 0.0 ], [ 125.36688, 2.761969, 0.0 ], [ 125.366851, 2.762198000000177, 0.0 ], [ 125.366849, 2.762324000000122, 0.0 ], [ 125.36689, 2.762509000000152, 0.0 ], [ 125.366978, 2.76264900000019, 0.0 ], [ 125.367033, 2.762731000000224, 0.0 ], [ 125.367100000000121, 2.762813, 0.0 ], [ 125.367155, 2.762895000000116, 0.0 ], [ 125.36729, 2.763001000000182, 0.0 ], [ 125.367425, 2.7630730000001, 0.0 ], [ 125.367573000000178, 2.7631460000001, 0.0 ], [ 125.367651000000151, 2.763194000000164, 0.0 ], [ 125.367708000000249, 2.763229000000218, 0.0 ], [ 125.367843000000136, 2.763336, 0.0 ], [ 125.367966, 2.763442, 0.0 ], [ 125.368065, 2.763583, 0.0 ], [ 125.368121, 2.763675000000172, 0.0 ], [ 125.368199000000104, 2.763770000000216, 0.0 ], [ 125.368276000000179, 2.76388, 0.0 ], [ 125.368376, 2.76399200000011, 0.0 ], [ 125.368487000000229, 2.764156000000179, 0.0 ], [ 125.368599, 2.764273, 0.0 ], [ 125.368669, 2.764339, 0.0 ], [ 125.368790000000246, 2.764433000000183, 0.0 ], [ 125.368924000000149, 2.764534000000191, 0.0 ], [ 125.369238, 2.764771, 0.0 ], [ 125.369373, 2.764912, 0.0 ], [ 125.369427000000101, 2.764994, 0.0 ], [ 125.369465000000147, 2.765053000000146, 0.0 ], [ 125.369497, 2.765139000000156, 0.0 ], [ 125.36954, 2.765289000000132, 0.0 ], [ 125.369555000000219, 2.765422000000124, 0.0 ], [ 125.369552, 2.765549000000151, 0.0 ], [ 125.369544, 2.765859000000221, 0.0 ], [ 125.36951953978901, 2.765913910677915, 0.0 ], [ 125.369537565000101, 2.766016162, 0.0 ], [ 125.369513130000129, 2.766194645000015, 0.0 ], [ 125.369389445000024, 2.766327682000098, 0.0 ], [ 125.369265735000084, 2.766448269000039, 0.0 ], [ 125.369258643286472, 2.766454361048416, 0.0 ], [ 125.369256000000163, 2.766461000000115, 0.0 ], [ 125.369212, 2.766563000000206, 0.0 ], [ 125.369183, 2.766655000000179, 0.0 ], [ 125.369133000000119, 2.766815, 0.0 ], [ 125.369107, 2.766975000000189, 0.0 ], [ 125.369115, 2.767102000000216, 0.0 ], [ 125.369193000000109, 2.767207, 0.0 ], [ 125.369235, 2.767357000000176, 0.0 ], [ 125.369301000000164, 2.767474, 0.0 ], [ 125.369491, 2.767662000000188, 0.0 ], [ 125.369558000000112, 2.767721, 0.0 ], [ 125.369693, 2.767828, 0.0 ], [ 125.369826, 2.768015, 0.0 ], [ 125.369954, 2.76842, 0.0 ], [ 125.370017, 2.768629, 0.0 ], [ 125.370138, 2.768838000000146, 0.0 ], [ 125.370215000000115, 2.769013, 0.0 ], [ 125.37021, 2.769219, 0.0 ], [ 125.370205, 2.769403000000176, 0.0 ], [ 125.37014000000012, 2.769747, 0.0 ], [ 125.370088, 2.770010000000129, 0.0 ], [ 125.370117, 2.770217000000203, 0.0 ], [ 125.370135000000161, 2.770448000000131, 0.0 ], [ 125.370215358000138, 2.770708602000111, 0.0 ], [ 125.374611671000011, 2.77114285100007, 0.0 ], [ 125.377070262000046, 2.771450003000082, 0.0 ], [ 125.379221534000052, 2.772371465000029, 0.0 ], [ 125.382499660000036, 2.77339530900001, 0.0 ], [ 125.386099195000057, 2.774934597, 0.0 ], [ 125.382596945000088, 2.769571386000075, 0.0 ], [ 125.381162766000088, 2.766602236000077, 0.0 ], [ 125.379421262000051, 2.764145009000069, 0.0 ], [ 125.377474872000121, 2.760561552000047, 0.0 ] ] ] ] } },
{ "type": "Feature", "properties": { "KDPPUM": null, "NAMOBJ": "Siau Tengah", "REMARK": "Wilayah Administrasi Kecamatan", "KDPBPS": null, "FCODE": null, "LUASWH": 0.0, "UUPP": null, "SRS_ID": null, "LCODE": "BA0080", "METADATA": null, "KDEBPS": null, "KDEPUM": null, "KDCBPS": null, "KDCPUM": null, "KDBBPS": null, "KDBPUM": null, "WADMKD": null, "WIADKD": null, "WADMKC": null, "WIADKC": null, "WADMKK": "Kepulauan Siau Tagulandang Biaro", "WIADKK": null, "WADMPR": "Sulawesi Utara", "WIADPR": null, "TIPADM": 0, "SHAPE_Leng": 0.13506318355, "SHAPE_Area": 0.00091691077 }, "geometry": { "type": "MultiPolygon", "coordinates": [ [ [ [ 125.387821457000086, 2.736296427000068, 0.0 ], [ 125.386592164000078, 2.736296427000068, 0.0 ], [ 125.385055541000028, 2.736398812000102, 0.0 ], [ 125.383006713000057, 2.736910734000093, 0.0 ], [ 125.380240792000095, 2.738139348000052, 0.0 ], [ 125.37737243300009, 2.740391806000082, 0.0 ], [ 125.375528487000111, 2.743770495000037, 0.0 ], [ 125.37491383800014, 2.746739645000035, 0.0 ], [ 125.375016276000096, 2.751756485000085, 0.0 ], [ 125.375426044000065, 2.754725635000083, 0.0 ], [ 125.375938250000075, 2.757080478000058, 0.0 ], [ 125.377474872000121, 2.760561552000047, 0.0 ], [ 125.379421262000051, 2.764145009000069, 0.0 ], [ 125.381162766000088, 2.766602236000077, 0.0 ], [ 125.382596945000088, 2.769571386000075, 0.0 ], [ 125.386099195000057, 2.774934597, 0.0 ], [ 125.389773005000094, 2.775852537000018, 0.0 ], [ 125.395509723000018, 2.777388306000079, 0.0 ], [ 125.39970982300008, 2.778616919000038, 0.0 ], [ 125.403705041000066, 2.779640763000019, 0.0 ], [ 125.408622228000041, 2.780459840000022, 0.0 ], [ 125.412310122, 2.780357455000077, 0.0 ], [ 125.415383363000089, 2.780357455000077, 0.0 ], [ 125.416202897000034, 2.780869377000068, 0.0 ], [ 125.415378209000096, 2.778376453000037, 0.0 ], [ 125.413534262000127, 2.77469061100007, 0.0 ], [ 125.409743930000118, 2.770390463000078, 0.0 ], [ 125.407080452000102, 2.768342772000027, 0.0 ], [ 125.404826738000153, 2.76639746700001, 0.0 ], [ 125.401651055000116, 2.763837857000057, 0.0 ], [ 125.400011989000035, 2.76189255100004, 0.0 ], [ 125.398680253000066, 2.75789955500006, 0.0 ], [ 125.397963160999979, 2.754725635000083, 0.0 ], [ 125.397041186999985, 2.749299258000077, 0.0 ], [ 125.395504569000124, 2.745613416000021, 0.0 ], [ 125.394377710000057, 2.743770495000037, 0.0 ], [ 125.391674973999983, 2.740616766000043, 0.0 ], [ 125.389870290000061, 2.738548885000098, 0.0 ], [ 125.388948317000072, 2.736808349000059, 0.0 ], [ 125.387821457000086, 2.736296427000068, 0.0 ] ] ] ] } },
{ "type": "Feature", "properties": { "KDPPUM": null, "NAMOBJ": "Siau Timur", "REMARK": "Wilayah Administrasi Kecamatan", "KDPBPS": null, "FCODE": null, "LUASWH": 0.0, "UUPP": null, "SRS_ID": null, "LCODE": "BA0080", "METADATA": null, "KDEBPS": null, "KDEPUM": null, "KDCBPS": null, "KDCPUM": null, "KDBBPS": null, "KDBPUM": null, "WADMKD": null, "WIADKD": null, "WADMKC": null, "WIADKC": null, "WADMKK": "Kepulauan Siau Tagulandang Biaro", "WIADKK": null, "WADMPR": "Sulawesi Utara", "WIADPR": null, "TIPADM": 0, "SHAPE_Leng": 0.29093860703000002, "SHAPE_Area": 0.00310251193 }, "geometry": { "type": "MultiPolygon", "coordinates": [ [ [ [ 125.400486205000107, 2.711613714000089, 0.0 ], [ 125.392223777000012, 2.711613714000089, 0.0 ], [ 125.385667524000041, 2.711204174000043, 0.0 ], [ 125.384182088000145, 2.710845820000058, 0.0 ], [ 125.384642844000084, 2.716556028000101, 0.0 ], [ 125.384745287000115, 2.724030096000069, 0.0 ], [ 125.384950169000021, 2.728023092000049, 0.0 ], [ 125.38525749300004, 2.730685087000035, 0.0 ], [ 125.386281905000075, 2.733244700000077, 0.0 ], [ 125.387821457000086, 2.736296427000068, 0.0 ], [ 125.388948317000072, 2.736808349000059, 0.0 ], [ 125.389870290000061, 2.738548885000098, 0.0 ], [ 125.391674973999983, 2.740616766000043, 0.0 ], [ 125.394377710000057, 2.743770495000037, 0.0 ], [ 125.395504569000124, 2.745613416000021, 0.0 ], [ 125.397041186999985, 2.749299258000077, 0.0 ], [ 125.397963160999979, 2.754725635000083, 0.0 ], [ 125.398680253000066, 2.75789955500006, 0.0 ], [ 125.400011989000035, 2.76189255100004, 0.0 ], [ 125.401651055000116, 2.763837857000057, 0.0 ], [ 125.404826738000153, 2.76639746700001, 0.0 ], [ 125.407080452000102, 2.768342772000027, 0.0 ], [ 125.409743930000118, 2.770390463000078, 0.0 ], [ 125.413534262000127, 2.77469061100007, 0.0 ], [ 125.415378209000096, 2.778376453000037, 0.0 ], [ 125.416202897000034, 2.780869377000068, 0.0 ], [ 125.420095673000077, 2.78844583000007, 0.0 ], [ 125.424500654000127, 2.793872207000076, 0.0 ], [ 125.426856807000021, 2.798684281000059, 0.0 ], [ 125.42880157, 2.801767728000099, 0.0 ], [ 125.43023737200005, 2.804008273000031, 0.0 ], [ 125.431269945841592, 2.805805159724335, 0.0 ], [ 125.4313, 2.80582, 0.0 ], [ 125.431512, 2.805937000000187, 0.0 ], [ 125.431653056720705, 2.806006291020841, 0.0 ], [ 125.431800031000108, 2.805840624000028, 0.0 ], [ 125.431941449000092, 2.805459237, 0.0 ], [ 125.432190741000113, 2.80516854300002, 0.0 ], [ 125.432399633000074, 2.804932297000013, 0.0 ], [ 125.432439717000108, 2.804866812000101, 0.0 ], [ 125.432546799000079, 2.804751372000053, 0.0 ], [ 125.432594637000051, 2.804621191000029, 0.0 ], [ 125.43257964200005, 2.804528307000071, 0.0 ], [ 125.432572034000046, 2.804427973000029, 0.0 ], [ 125.432608872000074, 2.804346131, 0.0 ], [ 125.432686537000095, 2.804323669000015, 0.0 ], [ 125.432888685000037, 2.804351643000109, 0.0 ], [ 125.433034575000121, 2.804395499000096, 0.0 ], [ 125.433219787000084, 2.804432300000032, 0.0 ], [ 125.43335400800008, 2.804429695000083, 0.0 ], [ 125.433518208, 2.804375894000072, 0.0 ], [ 125.433580485000078, 2.804275822000053, 0.0 ], [ 125.433568669, 2.804157310000017, 0.0 ], [ 125.43351995600004, 2.804101630000028, 0.0 ], [ 125.433394984000103, 2.804012489000025, 0.0 ], [ 125.433124005000053, 2.803908464000033, 0.0 ], [ 125.433089089000106, 2.803810919000044, 0.0 ], [ 125.433125996000044, 2.803752736000027, 0.0 ], [ 125.433216180000045, 2.803717684000057, 0.0 ], [ 125.433424459000136, 2.803717248000021, 0.0 ], [ 125.433760137000021, 2.803772329000049, 0.0 ], [ 125.433970819000052, 2.803813725000099, 0.0 ], [ 125.434037772428624, 2.803805324534265, 0.0 ], [ 125.434151, 2.803680000000137, 0.0 ], [ 125.434152984476256, 2.803678570323671, 0.0 ], [ 125.434139344000045, 2.803613488000051, 0.0 ], [ 125.434115976000072, 2.803542646000052, 0.0 ], [ 125.433976814000104, 2.803394186000025, 0.0 ], [ 125.433872329000067, 2.803227059000053, 0.0 ], [ 125.433749381000112, 2.803085537000067, 0.0 ], [ 125.43367514900001, 2.80299969600007, 0.0 ], [ 125.433693668000032, 2.802959114, 0.0 ], [ 125.433864903000071, 2.802949459000088, 0.0 ], [ 125.434008340000133, 2.802928241000108, 0.0 ], [ 125.434112306000117, 2.802844351, 0.0 ], [ 125.434158302000014, 2.802704800000095, 0.0 ], [ 125.434123572000075, 2.802576388000039, 0.0 ], [ 125.434076956000041, 2.802416113000012, 0.0 ], [ 125.434111377000036, 2.802274262, 0.0 ], [ 125.434240728000091, 2.802155456000028, 0.0 ], [ 125.434488312000141, 2.802136344000045, 0.0 ], [ 125.434698968999982, 2.802166119000022, 0.0 ], [ 125.434804295000092, 2.802194105000028, 0.0 ], [ 125.43484378399998, 2.802266074000032, 0.0 ], [ 125.4349203270001, 2.802349587000014, 0.0 ], [ 125.434985174000047, 2.802372693000061, 0.0 ], [ 125.435075288000036, 2.802305102000064, 0.0 ], [ 125.435146760000094, 2.802174795000029, 0.0 ], [ 125.435225203000101, 2.802058420000082, 0.0 ], [ 125.435225070000087, 2.801870537000079, 0.0 ], [ 125.435250353000043, 2.801786811000079, 0.0 ], [ 125.435333472, 2.801693669000011, 0.0 ], [ 125.435451378000067, 2.801635317000068, 0.0 ], [ 125.435587829000085, 2.801593195000047, 0.0 ], [ 125.435733451000047, 2.801509217000026, 0.0 ], [ 125.435828057000066, 2.801374214000047, 0.0 ], [ 125.435929746000042, 2.801308923000063, 0.0 ], [ 125.436057057000085, 2.80132260200004, 0.0 ], [ 125.436184326000145, 2.801315364000063, 0.0 ], [ 125.436364011, 2.801173549000053, 0.0 ], [ 125.436602749000031, 2.801161229000099, 0.0 ], [ 125.436748599000111, 2.80108585100008, 0.0 ], [ 125.436832808000062, 2.800858888000041, 0.0 ], [ 125.436842054000024, 2.800687553000076, 0.0 ], [ 125.436761562000029, 2.800437310000065, 0.0 ], [ 125.436718772000035, 2.800220060000031, 0.0 ], [ 125.436786054000095, 2.800067787000044, 0.0 ], [ 125.436934763000053, 2.80002117, 0.0 ], [ 125.43714643000007, 2.80000655200004, 0.0 ], [ 125.43722156300008, 2.799940249000061, 0.0 ], [ 125.437217307000083, 2.799872005000099, 0.0 ], [ 125.437108833999986, 2.799739939000096, 0.0 ], [ 125.436991009000096, 2.799636241000043, 0.0 ], [ 125.436934254000107, 2.799489892000013, 0.0 ], [ 125.436943398000068, 2.799362304000026, 0.0 ], [ 125.437008985999981, 2.799229874000082, 0.0 ], [ 125.437098144000075, 2.799121019000046, 0.0 ], [ 125.437211030000086, 2.799111333000043, 0.0 ], [ 125.437432184, 2.799134494, 0.0 ], [ 125.437606198000012, 2.799110507000064, 0.0 ], [ 125.437690612000068, 2.798982762000064, 0.0 ], [ 125.437812682000043, 2.798864389000039, 0.0 ], [ 125.438019654000115, 2.798854506000021, 0.0 ], [ 125.438160736000071, 2.798830588000085, 0.0 ], [ 125.438208348000103, 2.798766691000038, 0.0 ], [ 125.438095211000061, 2.798653534, 0.0 ], [ 125.437968037000019, 2.798578203999986, 0.0 ], [ 125.437930244000086, 2.798502687000044, 0.0 ], [ 125.437939496000055, 2.798427071000093, 0.0 ], [ 125.438009905000015, 2.798351328000043, 0.0 ], [ 125.438188447000044, 2.798242286000081, 0.0 ], [ 125.438461115000138, 2.798151946000067, 0.0 ], [ 125.438696032000038, 2.798004987000075, 0.0 ], [ 125.438789591000045, 2.797749655000088, 0.0 ], [ 125.438854725000027, 2.797582917000058, 0.0 ], [ 125.438826095000053, 2.797270970000094, 0.0 ], [ 125.438739494000075, 2.797133014000048, 0.0 ], [ 125.43853392900003, 2.796991948000011, 0.0 ], [ 125.438435330000047, 2.796805573000045, 0.0 ], [ 125.438439923000075, 2.796510958000093, 0.0 ], [ 125.438398921000058, 2.796147701000057, 0.0 ], [ 125.438470998000071, 2.795907532000081, 0.0 ], [ 125.438610688000082, 2.795699668000024, 0.0 ], [ 125.438947258395373, 2.795765776990573, 0.0 ], [ 125.4388900000001, 2.795649000000184, 0.0 ], [ 125.438891, 2.795583, 0.0 ], [ 125.438961000000205, 2.795493, 0.0 ], [ 125.439042, 2.795472000000105, 0.0 ], [ 125.439225000000107, 2.795476, 0.0 ], [ 125.439392895275034, 2.79549170949956, 0.0 ], [ 125.439435144000086, 2.795419823000051, 0.0 ], [ 125.439623646000044, 2.795171904000055, 0.0 ], [ 125.439826865000072, 2.794872650000075, 0.0 ], [ 125.440401946000051, 2.794389929000014, 0.0 ], [ 125.440857848000022, 2.794185813000089, 0.0 ], [ 125.441056622000048, 2.794099062000017, 0.0 ], [ 125.441169469000144, 2.79407047800005, 0.0 ], [ 125.441430272000048, 2.794051756000011, 0.0 ], [ 125.441612319116715, 2.794107677971331, 0.0 ], [ 125.441730000000163, 2.79396, 0.0 ], [ 125.44188, 2.793906, 0.0 ], [ 125.442063874365289, 2.793881117918568, 0.0 ], [ 125.442226501000022, 2.793679592000037, 0.0 ], [ 125.442283444000026, 2.79349427700007, 0.0 ], [ 125.442278281000043, 2.793272226000083, 0.0 ], [ 125.442212107000074, 2.793121172000019, 0.0 ], [ 125.442221213000039, 2.792974687000067, 0.0 ], [ 125.442305753000014, 2.792908363, 0.0 ], [ 125.442366695, 2.79280429300009, 0.0 ], [ 125.442427520000052, 2.792643525000111, 0.0 ], [ 125.44252620500005, 2.792591346000057, 0.0 ], [ 125.442676751999983, 2.792595756000066, 0.0 ], [ 125.442928220000084, 2.792744222000094, 0.0 ], [ 125.443183443000066, 2.792798037000106, 0.0 ], [ 125.443300834916258, 2.792797593853519, 0.0 ], [ 125.443301, 2.79279, 0.0 ], [ 125.443282, 2.79264, 0.0 ], [ 125.443311, 2.792376, 0.0 ], [ 125.443395, 2.792171000000183, 0.0 ], [ 125.443466, 2.792081000000197, 0.0 ], [ 125.443675, 2.791959, 0.0 ], [ 125.443905, 2.791884, 0.0 ], [ 125.445706809518555, 2.791950654051496, 0.0 ], [ 125.445579914000021, 2.791724179000072, 0.0 ], [ 125.445466534000062, 2.791475910000047, 0.0 ], [ 125.44536732100002, 2.791272954000041, 0.0 ], [ 125.445357405000081, 2.791027290000054, 0.0 ], [ 125.445516806000128, 2.790762372000072, 0.0 ], [ 125.445676507000016, 2.790643920000042, 0.0 ], [ 125.44586458300013, 2.790596279000097, 0.0 ], [ 125.446193757000103, 2.79053417000002, 0.0 ], [ 125.446489854000077, 2.790401259000037, 0.0 ], [ 125.446533245543591, 2.790370617845356, 0.0 ], [ 125.446526, 2.79034800000016, 0.0 ], [ 125.446484000000126, 2.790163000000129, 0.0 ], [ 125.446453, 2.790024000000175, 0.0 ], [ 125.446491, 2.789864, 0.0 ], [ 125.446561000000102, 2.789797000000222, 0.0 ], [ 125.446676, 2.789754000000217, 0.0 ], [ 125.446825000000104, 2.789734000000161, 0.0 ], [ 125.44715014138832, 2.789716962023443, 0.0 ], [ 125.44720515100002, 2.789621355000078, 0.0 ], [ 125.447279802999986, 2.789323542000039, 0.0 ], [ 125.447302574000091, 2.788959691000043, 0.0 ], [ 125.447302056000055, 2.788709282000108, 0.0 ], [ 125.447282675000139, 2.788437342000078, 0.0 ], [ 125.447258588000096, 2.788163358000057, 0.0 ], [ 125.447375561000086, 2.787856008000029, 0.0 ], [ 125.447741166000057, 2.78721268200009, 0.0 ], [ 125.447947793000012, 2.787037436000068, 0.0 ], [ 125.448300956000011, 2.786911685000055, 0.0 ], [ 125.448459624710893, 2.786911353263461, 0.0 ], [ 125.448553, 2.786763000000187, 0.0 ], [ 125.448740000000186, 2.786583, 0.0 ], [ 125.448913, 2.786484000000195, 0.0 ], [ 125.449086000000221, 2.786442, 0.0 ], [ 125.449349000000126, 2.786437000000214, 0.0 ], [ 125.449601000000101, 2.786442, 0.0 ], [ 125.449818000000207, 2.786413000000183, 0.0 ], [ 125.450162000000248, 2.786409, 0.0 ], [ 125.450416, 2.786289, 0.0 ], [ 125.450538038192661, 2.786234829986062, 0.0 ], [ 125.450629200000094, 2.786177689000075, 0.0 ], [ 125.450835514000104, 2.785851252000066, 0.0 ], [ 125.450853616, 2.785506312000036, 0.0 ], [ 125.45096000700002, 2.78531242300007, 0.0 ], [ 125.45100272, 2.784989144000056, 0.0 ], [ 125.451021353000115, 2.784657354000048, 0.0 ], [ 125.451147635000083, 2.784302736000017, 0.0 ], [ 125.451510160000154, 2.783759407000092, 0.0 ], [ 125.451600618000086, 2.783647434000065, 0.0 ], [ 125.451798330000102, 2.783303062000082, 0.0 ], [ 125.452016796000066, 2.783079030000108, 0.0 ], [ 125.452262876000077, 2.782716931000079, 0.0 ], [ 125.4523619160001, 2.782568905000089, 0.0 ], [ 125.452455505000117, 2.78245415, 0.0 ], [ 125.452630165000102, 2.782398353000099, 0.0 ], [ 125.452830599000066, 2.782349893000086, 0.0 ], [ 125.452985048000059, 2.782307072, 0.0 ], [ 125.45315652500004, 2.782127846000011, 0.0 ], [ 125.453350365000091, 2.781915015999987, 0.0 ], [ 125.453503158000117, 2.781559949, 0.0 ], [ 125.453603613999988, 2.78130807900004, 0.0 ], [ 125.45365171800006, 2.781025467000104, 0.0 ], [ 125.453681202000112, 2.780815063000015, 0.0 ], [ 125.453751939000099, 2.780561050000047, 0.0 ], [ 125.453818821000041, 2.78035056900004, 0.0 ], [ 125.453885773000067, 2.780173892000077, 0.0 ], [ 125.453926414000051, 2.779933416000075, 0.0 ], [ 125.454000715, 2.779692870000067, 0.0 ], [ 125.454018948000069, 2.779450479000085, 0.0 ], [ 125.454078257000091, 2.77919493900008, 0.0 ], [ 125.454186006000128, 2.778852909000024, 0.0 ], [ 125.454185618000096, 2.778665104000028, 0.0 ], [ 125.454192909000085, 2.778527767000034, 0.0 ], [ 125.454330825000028, 2.778305868000059, 0.0 ], [ 125.454561803000047, 2.777873434000073, 0.0 ], [ 125.454699711000089, 2.777647779000054, 0.0 ], [ 125.45475163700003, 2.777446791000033, 0.0 ], [ 125.454829631000095, 2.777183700000025, 0.0 ], [ 125.45488534800009, 2.776999534000064, 0.0 ], [ 125.454892021000106, 2.776608886000071, 0.0 ], [ 125.454917990000027, 2.776507417000024, 0.0 ], [ 125.455011222000024, 2.776379515000011, 0.0 ], [ 125.455078645000086, 2.776264072000052, 0.0 ], [ 125.455209152000052, 2.776075994000033, 0.0 ], [ 125.45527615, 2.775921854000069, 0.0 ], [ 125.455316800000077, 2.775685135000023, 0.0 ], [ 125.455301352000134, 2.775448532000075, 0.0 ], [ 125.45525982500007, 2.775260814, 0.0 ], [ 125.455184216000035, 2.774995418000065, 0.0 ], [ 125.455157633000141, 2.774800155999985, 0.0 ], [ 125.455127173000022, 2.774537292000085, 0.0 ], [ 125.45518270400008, 2.774262981000037, 0.0 ], [ 125.45520117800001, 2.774154016000081, 0.0 ], [ 125.455200666000152, 2.773906114000086, 0.0 ], [ 125.455226435000057, 2.773706987000041, 0.0 ], [ 125.455337947000046, 2.773342915000027, 0.0 ], [ 125.455375137000019, 2.773241422000067, 0.0 ], [ 125.455419875000075, 2.773173719000061, 0.0 ], [ 125.45553179800001, 2.773042022, 0.0 ], [ 125.455643474000112, 2.772790130000031, 0.0 ], [ 125.45566911, 2.772527150000032, 0.0 ], [ 125.455643229000088, 2.772216678000101, 0.0 ], [ 125.45568456200013, 2.771785041, 0.0 ], [ 125.455671548000026, 2.771499904000036, 0.0 ], [ 125.455703359, 2.77126784800002, 0.0 ], [ 125.455874347000119, 2.771019349000065, 0.0 ], [ 125.455918817000153, 2.770904509000067, 0.0 ], [ 125.455893803000123, 2.770817252000041, 0.0 ], [ 125.455848650000036, 2.770656017000023, 0.0 ], [ 125.455660993000052, 2.770333383000063, 0.0 ], [ 125.455450728000059, 2.769928162000019, 0.0 ], [ 125.455348938000071, 2.769797752000065, 0.0 ], [ 125.455303820000069, 2.76968140800003, 0.0 ], [ 125.45532975900008, 2.769564914000073, 0.0 ], [ 125.455333120000091, 2.769380858000032, 0.0 ], [ 125.455213874, 2.769116232000075, 0.0 ], [ 125.455112770999989, 2.768865253000092, 0.0 ], [ 125.455120124999965, 2.768680785000106, 0.0 ], [ 125.455146963000061, 2.768526550000045, 0.0 ], [ 125.455150483, 2.768357624000013, 0.0 ], [ 125.45512897, 2.768237289000092, 0.0 ], [ 125.455053195000119, 2.768108687000021, 0.0 ], [ 125.454978166000032, 2.767824254000024, 0.0 ], [ 125.454868944000054, 2.767599415000072, 0.0 ], [ 125.454796093999988, 2.767435236000077, 0.0 ], [ 125.454738129999981, 2.76727663000001, 0.0 ], [ 125.454715408000055, 2.767124366000113, 0.0 ], [ 125.454679777000038, 2.766976917, 0.0 ], [ 125.454601295000117, 2.766786607000055, 0.0 ], [ 125.454466086000039, 2.76661455100003, 0.0 ], [ 125.454372019000061, 2.76653928900002, 0.0 ], [ 125.454289938000116, 2.766422231000016, 0.0 ], [ 125.454205038000012, 2.766285743, 0.0 ], [ 125.454059736000076, 2.766161528000028, 0.0 ], [ 125.453918148000085, 2.766089283, 0.0 ], [ 125.453857609000053, 2.765950043000027, 0.0 ], [ 125.453836194000047, 2.765780827000059, 0.0 ], [ 125.45387701600005, 2.765581547000091, 0.0 ], [ 125.453929200000019, 2.765452552000076, 0.0 ], [ 125.453930223000015, 2.765300214, 0.0 ], [ 125.453937244000059, 2.765137081, 0.0 ], [ 125.453979933000042, 2.764953565, 0.0 ], [ 125.453968802000105, 2.764761642000019, 0.0 ], [ 125.453912623000065, 2.764556432000093, 0.0 ], [ 125.453804495000099, 2.764325216000058, 0.0 ], [ 125.45373115200006, 2.764164042000045, 0.0 ], [ 125.45364058100003, 2.764017568, 0.0 ], [ 125.453514118000044, 2.763859009000031, 0.0 ], [ 125.45347997000006, 2.763769536, 0.0 ], [ 125.453469161000058, 2.763673618000057, 0.0 ], [ 125.453492264000019, 2.763554177000033, 0.0 ], [ 125.453553484000025, 2.763344083000058, 0.0 ], [ 125.453613110000063, 2.763136842000053, 0.0 ], [ 125.453832030000058, 2.762884977000086, 0.0 ], [ 125.453963900000048, 2.762817477000096, 0.0 ], [ 125.454080930000046, 2.762766815, 0.0 ], [ 125.454121618000045, 2.762728678000032, 0.0 ], [ 125.454111272000077, 2.762635220000027, 0.0 ], [ 125.454010691, 2.762587422000069, 0.0 ], [ 125.453969303000051, 2.762541917000034, 0.0 ], [ 125.453951118000063, 2.762428405000056, 0.0 ], [ 125.45391848600002, 2.762308526, 0.0 ], [ 125.45375019100004, 2.762228370000026, 0.0 ], [ 125.453631470000076, 2.762220707000013, 0.0 ], [ 125.453478069000084, 2.762232731000031, 0.0 ], [ 125.453421554000116, 2.762152167000027, 0.0 ], [ 125.453361216000104, 2.762031460000076, 0.0 ], [ 125.453071399, 2.762015273000069, 0.0 ], [ 125.452846553000057, 2.762074607, 0.0 ], [ 125.452694691000019, 2.761991260000036, 0.0 ], [ 125.452565845000109, 2.761849712000048, 0.0 ], [ 125.452464578000075, 2.761797006000039, 0.0 ], [ 125.452405540000072, 2.761782312000067, 0.0 ], [ 125.452281106000086, 2.761736005000055, 0.0 ], [ 125.452186114000042, 2.761660003000072, 0.0 ], [ 125.452139524, 2.761550034000033, 0.0 ], [ 125.45211815, 2.76142357500005, 0.0 ], [ 125.452132642000052, 2.76129654600002, 0.0 ], [ 125.452102950000082, 2.761205592000044, 0.0 ], [ 125.45204384600008, 2.76115914900002, 0.0 ], [ 125.45195303600012, 2.761066205000057, 0.0 ], [ 125.451864214000054, 2.760916107000073, 0.0 ], [ 125.451811154000097, 2.760804872000017, 0.0 ], [ 125.451797927999976, 2.760521269, 0.0 ], [ 125.451784899999964, 2.760365900000112, 0.0 ], [ 125.45173833600002, 2.760268631000057, 0.0 ], [ 125.451620106000107, 2.760165160000023, 0.0 ], [ 125.45147229900013, 2.760025768000036, 0.0 ], [ 125.451213078, 2.759857537000061, 0.0 ], [ 125.451093698999983, 2.759743944000077, 0.0 ], [ 125.451020198000023, 2.759572285000084, 0.0 ], [ 125.451012563000106, 2.759187238000022, 0.0 ], [ 125.451057485000092, 2.758926582000038, 0.0 ], [ 125.451208014000017, 2.758705051000094, 0.0 ], [ 125.451421732000114, 2.75840251300002, 0.0 ], [ 125.451708681000056, 2.758206285000037, 0.0 ], [ 125.451985323000031, 2.757982709000013, 0.0 ], [ 125.45261162400007, 2.757797233000121, 0.0 ], [ 125.452897427000011, 2.757728032000079, 0.0 ], [ 125.453222735000097, 2.757449750000058, 0.0 ], [ 125.453308954910071, 2.757355086277952, 0.0 ], [ 125.453285000000193, 2.757345, 0.0 ], [ 125.453206000000137, 2.757297, 0.0 ], [ 125.453138000000195, 2.757284000000199, 0.0 ], [ 125.453048000000123, 2.757236000000136, 0.0 ], [ 125.452979, 2.757234000000148, 0.0 ], [ 125.452962171360639, 2.757226702625532, 0.0 ], [ 125.452884707000109, 2.757275116000086, 0.0 ], [ 125.452625192000042, 2.757337493, 0.0 ], [ 125.452315205000147, 2.757337577000014, 0.0 ], [ 125.452234584000053, 2.757274866000065, 0.0 ], [ 125.452048995000055, 2.757068057, 0.0 ], [ 125.451970775000078, 2.756840449, 0.0 ], [ 125.451996079000125, 2.7565410390001, 0.0 ], [ 125.452076738000045, 2.756378179000036, 0.0 ], [ 125.452174535000054, 2.756122653000032, 0.0 ], [ 125.452114900000097, 2.755918415000098, 0.0 ], [ 125.45198063300009, 2.75563715, 0.0 ], [ 125.451960917000051, 2.755485591, 0.0 ], [ 125.452018302000099, 2.755237997000021, 0.0 ], [ 125.451983550147858, 2.755179670434755, 0.0 ], [ 125.451942, 2.755141000000167, 0.0 ], [ 125.451809, 2.75498800000012, 0.0 ], [ 125.451741808276708, 2.754926078215886, 0.0 ], [ 125.451283577000055, 2.754809173000067, 0.0 ], [ 125.451079464000046, 2.75455407000001, 0.0 ], [ 125.451120937000013, 2.754308055, 0.0 ], [ 125.451211252000022, 2.753998699000066, 0.0 ], [ 125.451398236589796, 2.753550849592907, 0.0 ], [ 125.451374, 2.753518000000172, 0.0 ], [ 125.451252000000196, 2.753343, 0.0 ], [ 125.451176676858339, 2.753269925310315, 0.0 ], [ 125.451083294000099, 2.753215615000022, 0.0 ], [ 125.450729894000162, 2.753265263000044, 0.0 ], [ 125.450329709, 2.753275894000035, 0.0 ], [ 125.449939584000049, 2.753433561000024, 0.0 ], [ 125.449617628000055, 2.753512656000085, 0.0 ], [ 125.449197974000072, 2.753636123, 0.0 ], [ 125.448928340000052, 2.753592928000065, 0.0 ], [ 125.448850640000018, 2.753557121000034, 0.0 ], [ 125.448715489000023, 2.753418119000079, 0.0 ], [ 125.448617212000059, 2.753289798000031, 0.0 ], [ 125.448576859000013, 2.752899503000068, 0.0 ], [ 125.448494298955168, 2.752658473155007, 0.0 ], [ 125.447681000000145, 2.751678000000163, 0.0 ], [ 125.447611000000208, 2.75158, 0.0 ], [ 125.447555694245835, 2.751406925522099, 0.0 ], [ 125.447490755000118, 2.751310934000079, 0.0 ], [ 125.44748659800004, 2.751156629000013, 0.0 ], [ 125.44749776500008, 2.750935157000074, 0.0 ], [ 125.447493325000067, 2.750641972000063, 0.0 ], [ 125.447485258000015, 2.750452954000055, 0.0 ], [ 125.4474859205352, 2.750409704984841, 0.0 ], [ 125.447363433162067, 2.750243359229716, 0.0 ], [ 125.446927800999987, 2.750209933000109, 0.0 ], [ 125.446892680000019, 2.750554704000036, 0.0 ], [ 125.445934672999982, 2.750261403000016, 0.0 ], [ 125.444830398, 2.750045489000092, 0.0 ], [ 125.44467455200008, 2.750023657000062, 0.0 ], [ 125.444502160000113, 2.749910728000044, 0.0 ], [ 125.444396224256195, 2.749880318603887, 0.0 ], [ 125.444285000000178, 2.749886, 0.0 ], [ 125.444225521932012, 2.749883281002658, 0.0 ], [ 125.444196754999979, 2.74992058100006, 0.0 ], [ 125.444136508000057, 2.75006025200007, 0.0 ], [ 125.444049370000045, 2.750108736000085, 0.0 ], [ 125.443974577000063, 2.750099945000068, 0.0 ], [ 125.44384811400009, 2.75007158100003, 0.0 ], [ 125.443723396000067, 2.750025321000111, 0.0 ], [ 125.443616434000106, 2.74995576900004, 0.0 ], [ 125.443377052432993, 2.749793026216524, 0.0 ], [ 125.443345000000107, 2.749777, 0.0 ], [ 125.443173, 2.749639, 0.0 ], [ 125.443025000000191, 2.749536000000214, 0.0 ], [ 125.442750000000174, 2.749238, 0.0 ], [ 125.442521000000141, 2.749009000000131, 0.0 ], [ 125.442464024992233, 2.748927708555799, 0.0 ], [ 125.442451155000057, 2.748922592000087, 0.0 ], [ 125.441683648000051, 2.748529663000083, 0.0 ], [ 125.441223056000041, 2.748251648000084, 0.0 ], [ 125.440829230000062, 2.748043635000014, 0.0 ], [ 125.4406709000001, 2.747963187000019, 0.0 ], [ 125.440272551, 2.747840534, 0.0 ], [ 125.440081560000095, 2.747806564000028, 0.0 ], [ 125.439780823000092, 2.747754206000048, 0.0 ], [ 125.439625436000014, 2.747713004000014, 0.0 ], [ 125.439413825000102, 2.747652759000092, 0.0 ], [ 125.439248468000088, 2.747613008, 0.0 ], [ 125.439094446000055, 2.747541736000054, 0.0 ], [ 125.43901595100013, 2.747477468000065, 0.0 ], [ 125.438863226000109, 2.747343195000058, 0.0 ], [ 125.438555938000079, 2.747073767000058, 0.0 ], [ 125.438306078000096, 2.746816561000093, 0.0 ], [ 125.437981563000079, 2.746448343000091, 0.0 ], [ 125.437768677000051, 2.74615669800003, 0.0 ], [ 125.437539935000032, 2.745874519000042, 0.0 ], [ 125.437446876000067, 2.745654217000022, 0.0 ], [ 125.43734364100014, 2.745447550000064, 0.0 ], [ 125.437139208000104, 2.745108639, 0.0 ], [ 125.437082148000087, 2.745074394, 0.0 ], [ 125.437037964000069, 2.745067325000045, 0.0 ], [ 125.43695392500004, 2.74507895100003, 0.0 ], [ 125.436807158000065, 2.745072094, 0.0 ], [ 125.436691651000018, 2.745023650000073, 0.0 ], [ 125.436439135000086, 2.744925028000084, 0.0 ], [ 125.436363770000071, 2.744861211000044, 0.0 ], [ 125.43626221800001, 2.744724752000034, 0.0 ], [ 125.436169286000137, 2.744559197000102, 0.0 ], [ 125.436087881000063, 2.744370357000021, 0.0 ], [ 125.435927247000095, 2.74410557400005, 0.0 ], [ 125.435903489000083, 2.743987451000047, 0.0 ], [ 125.435957088, 2.743708061000023, 0.0 ], [ 125.435996219000117, 2.7433771, 0.0 ], [ 125.435956091000079, 2.743215378000025, 0.0 ], [ 125.435854502000112, 2.743079234000041, 0.0 ], [ 125.435749383000029, 2.742986729000025, 0.0 ], [ 125.435662441000119, 2.742936003000091, 0.0 ], [ 125.435586313000044, 2.742865255000011, 0.0 ], [ 125.435504224000084, 2.742605564000018, 0.0 ], [ 125.435318053000046, 2.742361861000104, 0.0 ], [ 125.435211129000081, 2.742162062, 0.0 ], [ 125.435174199977851, 2.74203323007008, 0.0 ], [ 125.434954, 2.742034000000155, 0.0 ], [ 125.434846311060497, 2.742000753750313, 0.0 ], [ 125.434789447000099, 2.742046635000046, 0.0 ], [ 125.434198600000059, 2.742067634, 0.0 ], [ 125.434043243, 2.741769065, 0.0 ], [ 125.433718602000141, 2.74154645300005, 0.0 ], [ 125.43334692300003, 2.741355210000036, 0.0 ], [ 125.433054444000078, 2.741244876000055, 0.0 ], [ 125.432751512000053, 2.741078829000083, 0.0 ], [ 125.43254621100003, 2.740922386000017, 0.0 ], [ 125.432479456485495, 2.740902129021167, 0.0 ], [ 125.432427000000118, 2.740938, 0.0 ], [ 125.432100148966853, 2.740993532942666, 0.0 ], [ 125.432067686000053, 2.741071408, 0.0 ], [ 125.43189927400006, 2.741184673000047, 0.0 ], [ 125.431697726, 2.741286863000065, 0.0 ], [ 125.431502623000014, 2.741346085, 0.0 ], [ 125.431346343000058, 2.741297385000047, 0.0 ], [ 125.431189789000072, 2.741111430000027, 0.0 ], [ 125.431062339000093, 2.740837180000073, 0.0 ], [ 125.430978030156894, 2.740767733016353, 0.0 ], [ 125.430826000000167, 2.740793000000147, 0.0 ], [ 125.430727150442024, 2.740685855374265, 0.0 ], [ 125.430671578000087, 2.740681116000038, 0.0 ], [ 125.430456893, 2.740710965000021, 0.0 ], [ 125.430315425000117, 2.740597279000029, 0.0 ], [ 125.430172976000136, 2.740404258000046, 0.0 ], [ 125.430172660000025, 2.740247769000066, 0.0 ], [ 125.430258463000101, 2.740174095, 0.0 ], [ 125.430258447000014, 2.739707366000028, 0.0 ], [ 125.430212498000031, 2.739455313000045, 0.0 ], [ 125.430244102000074, 2.739098118000067, 0.0 ], [ 125.43035352299998, 2.738857644000065, 0.0 ], [ 125.430702310000058, 2.738572187000072, 0.0 ], [ 125.430837319000034, 2.73852373600006, 0.0 ], [ 125.4309722200001, 2.738422730000051, 0.0 ], [ 125.431045947999976, 2.738243015000014, 0.0 ], [ 125.431049882000039, 2.738032785000028, 0.0 ], [ 125.431105770000045, 2.737651644000023, 0.0 ], [ 125.431096551000081, 2.737402024000064, 0.0 ], [ 125.431008981000119, 2.737200740000018, 0.0 ], [ 125.430904108000064, 2.737065186000082, 0.0 ], [ 125.430711474000105, 2.736800625000042, 0.0 ], [ 125.430580138000082, 2.736507457000032, 0.0 ], [ 125.430457815000082, 2.736363179, 0.0 ], [ 125.430335688000014, 2.736315252000027, 0.0 ], [ 125.429930171000038, 2.736215347000021, 0.0 ], [ 125.429698956, 2.736101947000053, 0.0 ], [ 125.42941271200003, 2.735884517, 0.0 ], [ 125.429257123000028, 2.735671006000102, 0.0 ], [ 125.429021121000133, 2.735461882000029, 0.0 ], [ 125.428786619000093, 2.735344712000016, 0.0 ], [ 125.428513305000038, 2.735345268000062, 0.0 ], [ 125.428220651000075, 2.73543409900004, 0.0 ], [ 125.427976740000048, 2.735493419000063, 0.0 ], [ 125.427810803000085, 2.735493756, 0.0 ], [ 125.427706758000099, 2.73508963900005, 0.0 ], [ 125.427627683000125, 2.734599604, 0.0 ], [ 125.427470796000108, 2.73424698000005, 0.0 ], [ 125.427294683000014, 2.734041456000098, 0.0 ], [ 125.42711321054243, 2.733950782067025, 0.0 ], [ 125.426631000000171, 2.734268000000101, 0.0 ], [ 125.426392000000121, 2.7344290000001, 0.0 ], [ 125.4261750000001, 2.734636000000174, 0.0 ], [ 125.426027000000204, 2.734947000000149, 0.0 ], [ 125.42582200000011, 2.735143, 0.0 ], [ 125.42574427820054, 2.735187690034808, 0.0 ], [ 125.425872298000101, 2.735407096000115, 0.0 ], [ 125.425843391000015, 2.735593430000078, 0.0 ], [ 125.425657889000036, 2.735574199000085, 0.0 ], [ 125.425433106, 2.735437400000047, 0.0 ], [ 125.425247309000085, 2.735271111000054, 0.0 ], [ 125.425211983221075, 2.735213314003888, 0.0 ], [ 125.42509000000021, 2.735191, 0.0 ], [ 125.424919, 2.735122, 0.0 ], [ 125.424770000000109, 2.735099000000114, 0.0 ], [ 125.424485, 2.73519200000017, 0.0 ], [ 125.424428, 2.735215000000119, 0.0 ], [ 125.42412, 2.735285000000227, 0.0 ], [ 125.423834000000213, 2.735263000000183, 0.0 ], [ 125.423815205517528, 2.735242559285462, 0.0 ], [ 125.423663918000074, 2.735291915000088, 0.0 ], [ 125.42351748300004, 2.735282409000012, 0.0 ], [ 125.423448937000146, 2.735174704999983, 0.0 ], [ 125.423458287000031, 2.734968801, 0.0 ], [ 125.42370168300009, 2.734654581000024, 0.0 ], [ 125.423925540000056, 2.73433059500004, 0.0 ], [ 125.423905644000101, 2.734144360000085, 0.0 ], [ 125.423729786000109, 2.73406628600002, 0.0 ], [ 125.423475919000154, 2.734027585000016, 0.0 ], [ 125.423358409000116, 2.733841549000077, 0.0 ], [ 125.423256337013342, 2.733712168506825, 0.0 ], [ 125.423168000000175, 2.733668000000195, 0.0 ], [ 125.423093535244831, 2.733537007255455, 0.0 ], [ 125.4230146740001, 2.73345811900006, 0.0 ], [ 125.422741163000111, 2.733360635000077, 0.0 ], [ 125.422497115000084, 2.733351326000017, 0.0 ], [ 125.422450061237157, 2.733356269696936, 0.0 ], [ 125.422242000000196, 2.733452, 0.0 ], [ 125.422082000000202, 2.733429000000138, 0.0 ], [ 125.422057793872966, 2.73340350131271, 0.0 ], [ 125.421687197000125, 2.73348042100004, 0.0 ], [ 125.421452910000099, 2.733471091000068, 0.0 ], [ 125.421325699999969, 2.733314486000078, 0.0 ], [ 125.421110542000108, 2.733109039000043, 0.0 ], [ 125.420954070000136, 2.732962295000069, 0.0 ], [ 125.420719741000099, 2.732933359000073, 0.0 ], [ 125.420270395000145, 2.732767602000036, 0.0 ], [ 125.419750031000078, 2.732383509000053, 0.0 ], [ 125.419534913000035, 2.732197668000042, 0.0 ], [ 125.419387827000037, 2.731864631000109, 0.0 ], [ 125.419067779982171, 2.731714149399595, 0.0 ], [ 125.418742000000151, 2.731715, 0.0 ], [ 125.41845600000012, 2.731831, 0.0 ], [ 125.418262, 2.731877000000155, 0.0 ], [ 125.418040137511142, 2.732033658627826, 0.0 ], [ 125.418031380000158, 2.732043849000016, 0.0 ], [ 125.41802177047542, 2.732046627717983, 0.0 ], [ 125.418000000000134, 2.732062000000186, 0.0 ], [ 125.417726000000116, 2.732258, 0.0 ], [ 125.417418, 2.732477, 0.0 ], [ 125.417155000000122, 2.732569000000213, 0.0 ], [ 125.416867263465164, 2.732636816691853, 0.0 ], [ 125.416781921000066, 2.732714669000098, 0.0 ], [ 125.416372541000129, 2.733009618000077, 0.0 ], [ 125.415943048000031, 2.73301048700006, 0.0 ], [ 125.415601130999988, 2.73287392100004, 0.0 ], [ 125.415278482000105, 2.732609866000042, 0.0 ], [ 125.415053526000065, 2.732384827999985, 0.0 ], [ 125.414977701902131, 2.732331299953989, 0.0 ], [ 125.414412000000183, 2.732243, 0.0 ], [ 125.414241, 2.732209, 0.0 ], [ 125.414034795077058, 2.7321157168206, 0.0 ], [ 125.413708502000063, 2.732138047, 0.0 ], [ 125.413645622959692, 2.732118279799407, 0.0 ], [ 125.413635, 2.732119000000106, 0.0 ], [ 125.413235000000228, 2.732131, 0.0 ], [ 125.413098000000261, 2.732132000000115, 0.0 ], [ 125.412856183910534, 2.732114009306381, 0.0 ], [ 125.412756461000072, 2.732139624000036, 0.0 ], [ 125.412297813000052, 2.732271035000073, 0.0 ], [ 125.411966960000115, 2.732229078000065, 0.0 ], [ 125.411664473000044, 2.732072420000071, 0.0 ], [ 125.411427873000093, 2.731674743000029, 0.0 ], [ 125.411046614000085, 2.731316753000074, 0.0 ], [ 125.410579629999987, 2.730888233000057, 0.0 ], [ 125.410148668000033, 2.730650854000045, 0.0 ], [ 125.409914748000133, 2.730530918000069, 0.0 ], [ 125.409558394000143, 2.730258092000055, 0.0 ], [ 125.409279339000051, 2.730014667000075, 0.0 ], [ 125.408841912000099, 2.729767302000036, 0.0 ], [ 125.408349633000043, 2.729408115000071, 0.0 ], [ 125.407993538000071, 2.729044597000014, 0.0 ], [ 125.407749569000131, 2.728761327000024, 0.0 ], [ 125.407592803000043, 2.728613212000026, 0.0 ], [ 125.4073948690001, 2.728371411000092, 0.0 ], [ 125.407302123999969, 2.727761206000052, 0.0 ], [ 125.407074083000111, 2.727726431000105, 0.0 ], [ 125.406868202000041, 2.72752024700001, 0.0 ], [ 125.406847211372849, 2.727491670986455, 0.0 ], [ 125.406793000000206, 2.727473, 0.0 ], [ 125.406575000000117, 2.727347000000153, 0.0 ], [ 125.406392, 2.727026, 0.0 ], [ 125.406254789575982, 2.726897233294496, 0.0 ], [ 125.406132502000091, 2.726826843000014, 0.0 ], [ 125.406069970000075, 2.726735441000089, 0.0 ], [ 125.405937896000069, 2.726644181, 0.0 ], [ 125.405815584000081, 2.726494325000035, 0.0 ], [ 125.405787534000069, 2.726248818000061, 0.0 ], [ 125.405719107000081, 2.725989389000089, 0.0 ], [ 125.405585853000076, 2.725577113000083, 0.0 ], [ 125.405508008000112, 2.725431864000056, 0.0 ], [ 125.405394521000048, 2.725084680000107, 0.0 ], [ 125.405347528000078, 2.724541789000041, 0.0 ], [ 125.405316215000056, 2.724143330000024, 0.0 ], [ 125.405298968000054, 2.723706971000068, 0.0 ], [ 125.405259339000054, 2.723448337999985, 0.0 ], [ 125.405053536000082, 2.723242296, 0.0 ], [ 125.405014192000024, 2.722958787000069, 0.0 ], [ 125.404997022000117, 2.722793884000014, 0.0 ], [ 125.404908404999972, 2.722696791000063, 0.0 ], [ 125.404866064000117, 2.722578459000042, 0.0 ], [ 125.404857265, 2.722388164000018, 0.0 ], [ 125.404772834000042, 2.722278374000082, 0.0 ], [ 125.404549291000109, 2.722088509000093, 0.0 ], [ 125.404426796000095, 2.721894214, 0.0 ], [ 125.404312210000029, 2.721604974000053, 0.0 ], [ 125.404202270999988, 2.721372589000099, 0.0 ], [ 125.404075063000036, 2.720924551000065, 0.0 ], [ 125.403989793000093, 2.720504015000087, 0.0 ], [ 125.40397659100006, 2.720216457, 0.0 ], [ 125.40397258200008, 2.719986554000082, 0.0 ], [ 125.403881534000107, 2.719822132000067, 0.0 ], [ 125.403608649, 2.719327388000076, 0.0 ], [ 125.40342372300006, 2.718869385000106, 0.0 ], [ 125.403238493000103, 2.718407518000083, 0.0 ], [ 125.403237220000079, 2.717764318000066, 0.0 ], [ 125.40318446600007, 2.717143400000028, 0.0 ], [ 125.403132342000021, 2.716840386000092, 0.0 ], [ 125.402651091000081, 2.715994174000064, 0.0 ], [ 125.402149319000046, 2.715366760000022, 0.0 ], [ 125.401920640000043, 2.715115851000045, 0.0 ], [ 125.401387214000039, 2.714838642000112, 0.0 ], [ 125.401145653000043, 2.714689602000037, 0.0 ], [ 125.400968248000012, 2.714535280000058, 0.0 ], [ 125.400826473, 2.7144080370001, 0.0 ], [ 125.400733697000064, 2.714217454000051, 0.0 ], [ 125.400658708999984, 2.713936606000084, 0.0 ], [ 125.400576073999986, 2.713696135, 0.0 ], [ 125.400524370000056, 2.713508047000063, 0.0 ], [ 125.400493239000056, 2.71334054200006, 0.0 ], [ 125.400480075000033, 2.713174106000055, 0.0 ], [ 125.400459100000077, 2.712949865000065, 0.0 ], [ 125.400457897000067, 2.712340468, 0.0 ], [ 125.400478808000116, 2.712077547, 0.0 ], [ 125.400491515000098, 2.711655728000013, 0.0 ], [ 125.400486205000107, 2.711613714000089, 0.0 ] ] ] ] } },
{ "type": "Feature", "properties": { "KDPPUM": null, "NAMOBJ": "Siau Barat Utara", "REMARK": "Wilayah Administrasi Kecamatan", "KDPBPS": null, "FCODE": null, "LUASWH": 0.0, "UUPP": null, "SRS_ID": null, "LCODE": "BA0080", "METADATA": null, "KDEBPS": null, "KDEPUM": null, "KDCBPS": null, "KDCPUM": null, "KDBBPS": null, "KDBPUM": null, "WADMKD": null, "WIADKD": null, "WADMKC": null, "WIADKC": null, "WADMKK": "Kepulauan Siau Tagulandang Biaro", "WIADKK": null, "WADMPR": "Sulawesi Utara", "WIADPR": null, "TIPADM": 0, "SHAPE_Leng": 0.228522065, "SHAPE_Area": 0.00161478529 }, "geometry": { "type": "MultiPolygon", "coordinates": [ [ [ [ 125.374643000000205, 2.795630000000211, 0.0 ], [ 125.374604000000176, 2.795596, 0.0 ], [ 125.374524000000221, 2.795621000000176, 0.0 ], [ 125.37446900000019, 2.795668000000157, 0.0 ], [ 125.37446, 2.795778, 0.0 ], [ 125.374477000000141, 2.795820000000122, 0.0 ], [ 125.374512000000195, 2.795850000000117, 0.0 ], [ 125.374575, 2.795854, 0.0 ], [ 125.374638, 2.795824, 0.0 ], [ 125.374672000000118, 2.79575200000018, 0.0 ], [ 125.37468400000013, 2.795676000000109, 0.0 ], [ 125.374643000000205, 2.795630000000211, 0.0 ] ] ], [ [ [ 125.407260785000105, 2.811728739000047, 0.0 ], [ 125.407349773000092, 2.811713898000063, 0.0 ], [ 125.407447565000098, 2.811722489000063, 0.0 ], [ 125.407554142000123, 2.811745718000031, 0.0 ], [ 125.407615530000058, 2.811792490000082, 0.0 ], [ 125.407666582000019, 2.81178066000008, 0.0 ], [ 125.407701561000067, 2.811760068000064, 0.0 ], [ 125.407737313000098, 2.811670336000011, 0.0 ], [ 125.407975805000106, 2.811685616000032, 0.0 ], [ 125.407989617000098, 2.811457569, 0.0 ], [ 125.408046348000084, 2.811155629000057, 0.0 ], [ 125.408157721000066, 2.811072854000047, 0.0 ], [ 125.408213116000027, 2.810889966000014, 0.0 ], [ 125.408271653000071, 2.810807301000102, 0.0 ], [ 125.408394771000047, 2.810727450000067, 0.0 ], [ 125.40849149000006, 2.810656499000059, 0.0 ], [ 125.408570532000113, 2.810553156000035, 0.0 ], [ 125.408667651000073, 2.810409802000075, 0.0 ], [ 125.408729086000093, 2.810309443000031, 0.0 ], [ 125.408834648000024, 2.810256161000064, 0.0 ], [ 125.408963782000143, 2.81024704900002, 0.0 ], [ 125.409251408000046, 2.810231713000084, 0.0 ], [ 125.409387345064061, 2.81022722978877, 0.0 ], [ 125.409518, 2.810174000000105, 0.0 ], [ 125.409909, 2.810068, 0.0 ], [ 125.410047000000148, 2.810014000000189, 0.0 ], [ 125.410277000000178, 2.80996200000015, 0.0 ], [ 125.410528, 2.809968000000113, 0.0 ], [ 125.410768000000218, 2.809997000000203, 0.0 ], [ 125.411018, 2.810037000000138, 0.0 ], [ 125.411247, 2.810065000000145, 0.0 ], [ 125.411485000000113, 2.810128000000207, 0.0 ], [ 125.411643, 2.810201000000207, 0.0 ], [ 125.411756000000153, 2.810273000000125, 0.0 ], [ 125.411993, 2.810427, 0.0 ], [ 125.412049000000152, 2.810452000000192, 0.0 ], [ 125.412272, 2.810529000000168, 0.0 ], [ 125.41237058415075, 2.810526173214429, 0.0 ], [ 125.412439531000047, 2.810428806000049, 0.0 ], [ 125.412498074000013, 2.810349089000026, 0.0 ], [ 125.412591887000048, 2.810292883000082, 0.0 ], [ 125.412659344000119, 2.810266211000096, 0.0 ], [ 125.412723919000129, 2.810266077000085, 0.0 ], [ 125.41276797200014, 2.810277778000076, 0.0 ], [ 125.412812105000057, 2.810327801000041, 0.0 ], [ 125.412868014000068, 2.810395488000045, 0.0 ], [ 125.412911070404633, 2.810440817707677, 0.0 ], [ 125.412953000000172, 2.810427, 0.0 ], [ 125.413117000000142, 2.810293000000181, 0.0 ], [ 125.413163419821117, 2.810248288884216, 0.0 ], [ 125.413158256000102, 2.810223903000059, 0.0 ], [ 125.413152215000039, 2.810141372999981, 0.0 ], [ 125.41316093500005, 2.810100084000029, 0.0 ], [ 125.413251796000026, 2.810035040000065, 0.0 ], [ 125.413377988000065, 2.810022986000044, 0.0 ], [ 125.413439133138709, 2.810024433430842, 0.0 ], [ 125.413570000000149, 2.809959, 0.0 ], [ 125.413743, 2.809928000000179, 0.0 ], [ 125.413948, 2.809933, 0.0 ], [ 125.414038, 2.809937, 0.0 ], [ 125.414189000000121, 2.809927, 0.0 ], [ 125.414257, 2.809929, 0.0 ], [ 125.414303052467858, 2.809930008448342, 0.0 ], [ 125.414373965000053, 2.809845719000032, 0.0 ], [ 125.414605548000026, 2.809697839000053, 0.0 ], [ 125.414781526000112, 2.80962967, 0.0 ], [ 125.414983961000075, 2.809582081999979, 0.0 ], [ 125.415139452000062, 2.809543436000068, 0.0 ], [ 125.415309650000026, 2.809519499000041, 0.0 ], [ 125.415409431000015, 2.809510447, 0.0 ], [ 125.415459444999982, 2.80950850600002, 0.0 ], [ 125.415512882000058, 2.809514195000046, 0.0 ], [ 125.41555477200005, 2.809521359000017, 0.0 ], [ 125.415592367000059, 2.809547384000039, 0.0 ], [ 125.415605416000076, 2.809573461000065, 0.0 ], [ 125.415605494000076, 2.809611165000076, 0.0 ], [ 125.415604143000138, 2.809656124000066, 0.0 ], [ 125.415611467000033, 2.80970686500009, 0.0 ], [ 125.415611986400023, 2.809708247350502, 0.0 ], [ 125.415681000000106, 2.809674000000124, 0.0 ], [ 125.415889000000263, 2.809587000000208, 0.0 ], [ 125.416016, 2.809567000000152, 0.0 ], [ 125.41613, 2.809547, 0.0 ], [ 125.416393000000227, 2.809565000000164, 0.0 ], [ 125.416665, 2.809640000000153, 0.0 ], [ 125.416858, 2.809725, 0.0 ], [ 125.416948, 2.809796, 0.0 ], [ 125.417139, 2.809904000000147, 0.0 ], [ 125.417514000000253, 2.810016000000177, 0.0 ], [ 125.417663487707259, 2.810046051652632, 0.0 ], [ 125.417735452000102, 2.810031441000033, 0.0 ], [ 125.417851672000126, 2.810020254000085, 0.0 ], [ 125.417975154000032, 2.810007228000073, 0.0 ], [ 125.418111298000113, 2.809970462000051, 0.0 ], [ 125.418225665999984, 2.809941038000014, 0.0 ], [ 125.418330946000069, 2.809909808, 0.0 ], [ 125.418423494000095, 2.809869485000045, 0.0 ], [ 125.418494205000087, 2.809809141000114, 0.0 ], [ 125.418535849000065, 2.809745210000065, 0.0 ], [ 125.418576090000101, 2.809607388000119, 0.0 ], [ 125.418575721999986, 2.809428623000072, 0.0 ], [ 125.418582855000039, 2.809364764000028, 0.0 ], [ 125.418573627000086, 2.809293641000094, 0.0 ], [ 125.418591674000069, 2.809237056000031, 0.0 ], [ 125.418620593000057, 2.809167679000064, 0.0 ], [ 125.418642293000076, 2.809122030000017, 0.0 ], [ 125.418676171000044, 2.809074425000075, 0.0 ], [ 125.418752941000079, 2.809003455000065, 0.0 ], [ 125.418826553000045, 2.808955022000054, 0.0 ], [ 125.418917796000045, 2.808909771000041, 0.0 ], [ 125.419036353, 2.808899868000021, 0.0 ], [ 125.419124494, 2.80890451300005, 0.0 ], [ 125.419206279000022, 2.808934920000079, 0.0 ], [ 125.419292886000079, 2.808971754000018, 0.0 ], [ 125.419384242000092, 2.80898122, 0.0 ], [ 125.419499633000143, 2.80899063500007, 0.0 ], [ 125.41956497832733, 2.808993022756551, 0.0 ], [ 125.419585, 2.808972000000127, 0.0 ], [ 125.419680000000227, 2.808825, 0.0 ], [ 125.419821, 2.808691000000147, 0.0 ], [ 125.42004, 2.808581000000105, 0.0 ], [ 125.420259, 2.808563, 0.0 ], [ 125.420567, 2.808547000000134, 0.0 ], [ 125.420784, 2.808552000000192, 0.0 ], [ 125.421196, 2.808562000000132, 0.0 ], [ 125.421379659632294, 2.808550801242033, 0.0 ], [ 125.421739697000035, 2.808367662000039, 0.0 ], [ 125.422072640000039, 2.808234577000041, 0.0 ], [ 125.422666091000124, 2.807887321000086, 0.0 ], [ 125.422806591000025, 2.807847351000065, 0.0 ], [ 125.422845605000049, 2.807748806000083, 0.0 ], [ 125.422911328000069, 2.807682881000046, 0.0 ], [ 125.423237138000118, 2.807560857000075, 0.0 ], [ 125.423398815000084, 2.807536743000034, 0.0 ], [ 125.42362998800003, 2.807591813000061, 0.0 ], [ 125.423728103001665, 2.807665317646519, 0.0 ], [ 125.424022, 2.807501, 0.0 ], [ 125.4244920000002, 2.807443, 0.0 ], [ 125.424675, 2.807447, 0.0 ], [ 125.424923, 2.807591, 0.0 ], [ 125.425207, 2.807787000000134, 0.0 ], [ 125.425414000000202, 2.807925000000184, 0.0 ], [ 125.425711000000163, 2.808072, 0.0 ], [ 125.426113422284914, 2.808088767595224, 0.0 ], [ 125.42611452000007, 2.808077892000044, 0.0 ], [ 125.426143945000021, 2.807988614000029, 0.0 ], [ 125.426454408000041, 2.807833848000014, 0.0 ], [ 125.426522728, 2.807793849000079, 0.0 ], [ 125.427156107000101, 2.807582092000056, 0.0 ], [ 125.427249991000053, 2.807587697999987, 0.0 ], [ 125.427412180000061, 2.807595712000028, 0.0 ], [ 125.427528480000092, 2.807532826000065, 0.0 ], [ 125.427659993000049, 2.807224990000085, 0.0 ], [ 125.427857800000069, 2.807002526000064, 0.0 ], [ 125.427938097000052, 2.806877323, 0.0 ], [ 125.427970749000096, 2.806730153000087, 0.0 ], [ 125.427999670000091, 2.806549894000094, 0.0 ], [ 125.428092125, 2.806474808000099, 0.0 ], [ 125.428249760000085, 2.806470852000038, 0.0 ], [ 125.428377614000098, 2.806589245000064, 0.0 ], [ 125.428647477000041, 2.806601950000049, 0.0 ], [ 125.428874561000086, 2.806513543000017, 0.0 ], [ 125.429102939999979, 2.806326456, 0.0 ], [ 125.429389767000089, 2.806173801000062, 0.0 ], [ 125.429510916999988, 2.806033381, 0.0 ], [ 125.429580757000082, 2.805935121000031, 0.0 ], [ 125.429636946000102, 2.805678417000019, 0.0 ], [ 125.429720368000076, 2.805628697, 0.0 ], [ 125.429815902000087, 2.805640883000022, 0.0 ], [ 125.429926552000083, 2.805747033000012, 0.0 ], [ 125.429976349000029, 2.805851047, 0.0 ], [ 125.430029553000082, 2.805941506000027, 0.0 ], [ 125.430114622569434, 2.80601561334784, 0.0 ], [ 125.430117000000124, 2.806011, 0.0 ], [ 125.43027, 2.805842000000142, 0.0 ], [ 125.430375000000154, 2.805741000000134, 0.0 ], [ 125.430491, 2.805698000000129, 0.0 ], [ 125.430660000000202, 2.805655000000124, 0.0 ], [ 125.430824000000186, 2.805625000000129, 0.0 ], [ 125.430978000000138, 2.805661, 0.0 ], [ 125.431269945841592, 2.805805159724335, 0.0 ], [ 125.43023737200005, 2.804008273000031, 0.0 ], [ 125.42880157, 2.801767728000099, 0.0 ], [ 125.426856807000021, 2.798684281000059, 0.0 ], [ 125.424500654000127, 2.793872207000076, 0.0 ], [ 125.420095673000077, 2.78844583000007, 0.0 ], [ 125.416202897000034, 2.780869377000068, 0.0 ], [ 125.415383363000089, 2.780357455000077, 0.0 ], [ 125.412310122, 2.780357455000077, 0.0 ], [ 125.408622228000041, 2.780459840000022, 0.0 ], [ 125.403705041000066, 2.779640763000019, 0.0 ], [ 125.39970982300008, 2.778616919000038, 0.0 ], [ 125.395509723000018, 2.777388306000079, 0.0 ], [ 125.389773005000094, 2.775852537000018, 0.0 ], [ 125.386099195000057, 2.774934597, 0.0 ], [ 125.382499660000036, 2.77339530900001, 0.0 ], [ 125.379221534000052, 2.772371465000029, 0.0 ], [ 125.377070262000046, 2.771450003000082, 0.0 ], [ 125.374611671000011, 2.77114285100007, 0.0 ], [ 125.370215358000138, 2.770708602000111, 0.0 ], [ 125.370242, 2.770795, 0.0 ], [ 125.370282000000245, 2.771026000000171, 0.0 ], [ 125.370552000000103, 2.771536, 0.0 ], [ 125.370700000000184, 2.771725, 0.0 ], [ 125.370844000000105, 2.771924, 0.0 ], [ 125.370985, 2.772089000000195, 0.0 ], [ 125.371155000000172, 2.77228800000014, 0.0 ], [ 125.371266000000205, 2.772440000000104, 0.0 ], [ 125.371375000000171, 2.772586000000105, 0.0 ], [ 125.371465000000157, 2.772755, 0.0 ], [ 125.371593, 2.773114, 0.0 ], [ 125.371630000000124, 2.773203000000175, 0.0 ], [ 125.371645000000214, 2.773331000000107, 0.0 ], [ 125.371653000000165, 2.773483, 0.0 ], [ 125.371624, 2.773637000000202, 0.0 ], [ 125.371590000000197, 2.77376900000011, 0.0 ], [ 125.371556739708254, 2.773866533559028, 0.0 ], [ 125.371616624, 2.773909655000113, 0.0 ], [ 125.371718890000025, 2.77401195600005, 0.0 ], [ 125.371781288000122, 2.774227827000059, 0.0 ], [ 125.371734165000049, 2.774359716000047, 0.0 ], [ 125.371625050999981, 2.774480748000025, 0.0 ], [ 125.371519513000052, 2.774565163, 0.0 ], [ 125.371453995000039, 2.774612887000034, 0.0 ], [ 125.371322623000097, 2.774722016000092, 0.0 ], [ 125.371136934000106, 2.774828559000115, 0.0 ], [ 125.371042905811748, 2.774883486442887, 0.0 ], [ 125.370990000000106, 2.774974000000158, 0.0 ], [ 125.370881000000153, 2.775201000000111, 0.0 ], [ 125.370846000000185, 2.775269000000231, 0.0 ], [ 125.370773, 2.775440000000168, 0.0 ], [ 125.370759, 2.775555, 0.0 ], [ 125.370755, 2.775761, 0.0 ], [ 125.370751, 2.775899000000132, 0.0 ], [ 125.370701, 2.776059000000226, 0.0 ], [ 125.370763, 2.776371000000106, 0.0 ], [ 125.370843, 2.776832, 0.0 ], [ 125.370861, 2.777063000000163, 0.0 ], [ 125.3708, 2.777257, 0.0 ], [ 125.370656, 2.777541000000101, 0.0 ], [ 125.370489, 2.777801000000119, 0.0 ], [ 125.370370000000236, 2.778005000000123, 0.0 ], [ 125.370274, 2.778199000000187, 0.0 ], [ 125.370225000000147, 2.778335, 0.0 ], [ 125.37021100000014, 2.778427000000223, 0.0 ], [ 125.370162, 2.77861, 0.0 ], [ 125.370204, 2.77876, 0.0 ], [ 125.370268000000152, 2.778946000000177, 0.0 ], [ 125.370344000000131, 2.779131000000207, 0.0 ], [ 125.370431, 2.779317000000143, 0.0 ], [ 125.370575, 2.779504000000161, 0.0 ], [ 125.370765, 2.779716000000116, 0.0 ], [ 125.37091, 2.779857, 0.0 ], [ 125.371044000000225, 2.779998000000178, 0.0 ], [ 125.371110000000186, 2.780126000000111, 0.0 ], [ 125.371162000000126, 2.780323, 0.0 ], [ 125.371169, 2.780530000000143, 0.0 ], [ 125.371164000000121, 2.780771000000188, 0.0 ], [ 125.371101, 2.780988000000201, 0.0 ], [ 125.371064, 2.781102000000219, 0.0 ], [ 125.370814, 2.781533000000175, 0.0 ], [ 125.370786000000194, 2.781728000000145, 0.0 ], [ 125.370714, 2.781922000000209, 0.0 ], [ 125.370709000000133, 2.782117000000179, 0.0 ], [ 125.370690000000153, 2.782427, 0.0 ], [ 125.370702, 2.782846000000101, 0.0 ], [ 125.370699000000101, 2.783025000000167, 0.0 ], [ 125.370714, 2.783347000000164, 0.0 ], [ 125.370774000000182, 2.783739, 0.0 ], [ 125.370736, 2.783899000000185, 0.0 ], [ 125.370696000000208, 2.784151, 0.0 ], [ 125.370643000000172, 2.784449, 0.0 ], [ 125.370460000000222, 2.784939, 0.0 ], [ 125.370212, 2.785772, 0.0 ], [ 125.370277, 2.785923000000141, 0.0 ], [ 125.370362, 2.786190000000206, 0.0 ], [ 125.370426000000165, 2.786386, 0.0 ], [ 125.370580000000118, 2.786643000000206, 0.0 ], [ 125.370746, 2.786877000000205, 0.0 ], [ 125.371156, 2.787450000000186, 0.0 ], [ 125.371310000000122, 2.787683000000102, 0.0 ], [ 125.371398, 2.787846, 0.0 ], [ 125.371497000000232, 2.78802100000018, 0.0 ], [ 125.371619000000109, 2.788208000000198, 0.0 ], [ 125.371831, 2.788506000000163, 0.0 ], [ 125.371961000000155, 2.78873, 0.0 ], [ 125.372047000000165, 2.788965000000127, 0.0 ], [ 125.372090000000171, 2.789081000000133, 0.0 ], [ 125.372241, 2.789475, 0.0 ], [ 125.372303000000215, 2.7897, 0.0 ], [ 125.372422000000114, 2.790031, 0.0 ], [ 125.372499, 2.790159000000154, 0.0 ], [ 125.37266700000022, 2.790313000000106, 0.0 ], [ 125.372902, 2.790548000000188, 0.0 ], [ 125.373014000000154, 2.790654, 0.0 ], [ 125.373327, 2.790949000000149, 0.0 ], [ 125.373494, 2.791148, 0.0 ], [ 125.373648, 2.791416, 0.0 ], [ 125.373702000000236, 2.791555000000196, 0.0 ], [ 125.3738, 2.791765000000163, 0.0 ], [ 125.373783000000103, 2.792017, 0.0 ], [ 125.373768000000197, 2.792155000000102, 0.0 ], [ 125.37366800000018, 2.792980000000151, 0.0 ], [ 125.373674000000136, 2.793233000000123, 0.0 ], [ 125.3736660000001, 2.793589, 0.0 ], [ 125.373684000000168, 2.793796000000166, 0.0 ], [ 125.373748000000134, 2.793982000000101, 0.0 ], [ 125.373879000000144, 2.794261, 0.0 ], [ 125.374051000000165, 2.794713000000188, 0.0 ], [ 125.37424, 2.794947000000187, 0.0 ], [ 125.374485000000192, 2.795252000000199, 0.0 ], [ 125.37464, 2.795463, 0.0 ], [ 125.374784000000233, 2.79565, 0.0 ], [ 125.374965000000202, 2.795828, 0.0 ], [ 125.37515100000023, 2.79603, 0.0 ], [ 125.375341, 2.796295000000166, 0.0 ], [ 125.375518000000213, 2.796541, 0.0 ], [ 125.375595000000104, 2.796669000000202, 0.0 ], [ 125.375648, 2.796854, 0.0 ], [ 125.37573, 2.797258, 0.0 ], [ 125.375767, 2.797408, 0.0 ], [ 125.375837, 2.7975480000001, 0.0 ], [ 125.375891000000166, 2.79769900000016, 0.0 ], [ 125.376002000000113, 2.797851000000124, 0.0 ], [ 125.37618000000019, 2.798062000000174, 0.0 ], [ 125.37629, 2.798248000000109, 0.0 ], [ 125.376548, 2.798438000000198, 0.0 ], [ 125.376728, 2.798569, 0.0 ], [ 125.37682800000016, 2.798698, 0.0 ], [ 125.377052, 2.798921000000194, 0.0 ], [ 125.37722, 2.799063, 0.0 ], [ 125.377344000000221, 2.799147, 0.0 ], [ 125.377547000000135, 2.799255000000118, 0.0 ], [ 125.377717000000175, 2.79933900000014, 0.0 ], [ 125.377852000000146, 2.799411, 0.0 ], [ 125.378018, 2.799668000000183, 0.0 ], [ 125.378104, 2.799889000000173, 0.0 ], [ 125.378212, 2.800167, 0.0 ], [ 125.378366, 2.800423000000125, 0.0 ], [ 125.378466, 2.800564, 0.0 ], [ 125.378639000000163, 2.800959, 0.0 ], [ 125.378705000000124, 2.801098000000197, 0.0 ], [ 125.378826, 2.801296000000237, 0.0 ], [ 125.378892, 2.801413000000148, 0.0 ], [ 125.379062, 2.80149700000017, 0.0 ], [ 125.37919800000023, 2.801546000000139, 0.0 ], [ 125.379345, 2.801607, 0.0 ], [ 125.379559000000171, 2.80173900000012, 0.0 ], [ 125.37974, 2.801835, 0.0 ], [ 125.379843, 2.801837000000235, 0.0 ], [ 125.379978, 2.801909000000153, 0.0 ], [ 125.380113, 2.802028, 0.0 ], [ 125.380347, 2.802286, 0.0 ], [ 125.380425, 2.802391, 0.0 ], [ 125.380614, 2.802603000000198, 0.0 ], [ 125.380758000000171, 2.802801, 0.0 ], [ 125.380858000000174, 2.802907000000127, 0.0 ], [ 125.381055655835965, 2.803011878606904, 0.0 ], [ 125.381123843000054, 2.803000260000028, 0.0 ], [ 125.381425652523916, 2.803081662637458, 0.0 ], [ 125.381438, 2.803082000000218, 0.0 ], [ 125.381655, 2.803087, 0.0 ], [ 125.381953, 2.803048, 0.0 ], [ 125.382171, 2.803018, 0.0 ], [ 125.382354000000234, 2.803023000000133, 0.0 ], [ 125.382522, 2.803141000000126, 0.0 ], [ 125.382692, 2.803237, 0.0 ], [ 125.382827, 2.80333200000012, 0.0 ], [ 125.382927, 2.803427000000164, 0.0 ], [ 125.383120000000105, 2.803523000000114, 0.0 ], [ 125.383313000000186, 2.803574, 0.0 ], [ 125.383415, 2.803599000000185, 0.0 ], [ 125.383563000000166, 2.80362600000011, 0.0 ], [ 125.383666000000161, 2.803628, 0.0 ], [ 125.383928000000168, 2.803669000000115, 0.0 ], [ 125.384063000000239, 2.803775000000181, 0.0 ], [ 125.384253, 2.803975000000209, 0.0 ], [ 125.384396, 2.804185000000176, 0.0 ], [ 125.38446300000021, 2.804267, 0.0 ], [ 125.384608000000213, 2.804409, 0.0 ], [ 125.384777, 2.804550000000178, 0.0 ], [ 125.38497, 2.804612000000157, 0.0 ], [ 125.385141000000175, 2.804639, 0.0 ], [ 125.386478, 2.805130000000206, 0.0 ], [ 125.386613000000111, 2.805226000000156, 0.0 ], [ 125.386703, 2.805343, 0.0 ], [ 125.386779, 2.805482, 0.0 ], [ 125.387065, 2.805949000000114, 0.0 ], [ 125.3872, 2.806078000000129, 0.0 ], [ 125.387245669052461, 2.806130781445921, 0.0 ], [ 125.387459910000103, 2.806112192000027, 0.0 ], [ 125.387892762000121, 2.80617890600004, 0.0 ], [ 125.38810348919236, 2.8063081799737, 0.0 ], [ 125.388159000000215, 2.80631000000014, 0.0 ], [ 125.388395000000202, 2.806313, 0.0 ], [ 125.388635000000164, 2.806296000000225, 0.0 ], [ 125.388795000000172, 2.806334000000172, 0.0 ], [ 125.389011, 2.806397, 0.0 ], [ 125.389292, 2.806576000000122, 0.0 ], [ 125.389427, 2.806694000000116, 0.0 ], [ 125.38964, 2.806871000000195, 0.0 ], [ 125.389763, 2.807012000000137, 0.0 ], [ 125.389985, 2.807258, 0.0 ], [ 125.39009600000017, 2.807399000000183, 0.0 ], [ 125.390263, 2.807587000000106, 0.0 ], [ 125.390521, 2.807850000000196, 0.0 ], [ 125.39069900000014, 2.807973, 0.0 ], [ 125.390926000000192, 2.808120000000153, 0.0 ], [ 125.39105, 2.808191000000166, 0.0 ], [ 125.391286, 2.808381, 0.0 ], [ 125.391403000000224, 2.80849, 0.0 ], [ 125.391498000000169, 2.80859300000021, 0.0 ], [ 125.391649, 2.808743000000186, 0.0 ], [ 125.391890000000103, 2.808935, 0.0 ], [ 125.392013, 2.809042000000234, 0.0 ], [ 125.392274, 2.809185000000165, 0.0 ], [ 125.39247700000017, 2.809259, 0.0 ], [ 125.392541671234582, 2.809265051109728, 0.0 ], [ 125.39258417700016, 2.809247874000038, 0.0 ], [ 125.392837840000098, 2.809192129000044, 0.0 ], [ 125.393002837000068, 2.809213028000086, 0.0 ], [ 125.39307903100007, 2.809242607000046, 0.0 ], [ 125.393081585833485, 2.809249829696798, 0.0 ], [ 125.393594600288665, 2.80922004844369, 0.0 ], [ 125.393611910000104, 2.809216021000067, 0.0 ], [ 125.39375974700009, 2.80911801600004, 0.0 ], [ 125.393856872000043, 2.809041354, 0.0 ], [ 125.394000600000027, 2.809002827000013, 0.0 ], [ 125.394228937000094, 2.808972621000089, 0.0 ], [ 125.394326322000069, 2.809023395000027, 0.0 ], [ 125.394385056335068, 2.809174161293077, 0.0 ], [ 125.394629000000151, 2.80916, 0.0 ], [ 125.394744000000159, 2.809163000000121, 0.0 ], [ 125.394915, 2.809178000000118, 0.0 ], [ 125.39505, 2.809262000000141, 0.0 ], [ 125.395275, 2.809428000000198, 0.0 ], [ 125.395476, 2.809628000000226, 0.0 ], [ 125.395721000000179, 2.809887000000161, 0.0 ], [ 125.395956, 2.810122, 0.0 ], [ 125.396158, 2.810288000000122, 0.0 ], [ 125.396315000000214, 2.810418000000221, 0.0 ], [ 125.39654, 2.8105840000001, 0.0 ], [ 125.396568110462397, 2.810596189492626, 0.0 ], [ 125.396597821000071, 2.810448776000014, 0.0 ], [ 125.39663314700006, 2.810350468000051, 0.0 ], [ 125.396772698000063, 2.810337437000038, 0.0 ], [ 125.397018015000114, 2.810336930000085, 0.0 ], [ 125.397271903000075, 2.810391629000081, 0.0 ], [ 125.397534347000018, 2.810493036000034, 0.0 ], [ 125.397538497252697, 2.810496272042402, 0.0 ], [ 125.397594000000169, 2.810494000000114, 0.0 ], [ 125.397755, 2.810497000000185, 0.0 ], [ 125.397959000000171, 2.81056, 0.0 ], [ 125.39814, 2.810621000000141, 0.0 ], [ 125.398389000000222, 2.810731000000183, 0.0 ], [ 125.398614, 2.810897, 0.0 ], [ 125.398796, 2.810959000000219, 0.0 ], [ 125.399103, 2.811023000000185, 0.0 ], [ 125.399308, 2.811074000000142, 0.0 ], [ 125.399529853620322, 2.811078858108546, 0.0 ], [ 125.399546997000016, 2.81107670300001, 0.0 ], [ 125.399724493000051, 2.811004123000044, 0.0 ], [ 125.399855279000036, 2.810842434000078, 0.0 ], [ 125.399990305000102, 2.810684984000018, 0.0 ], [ 125.400188801000013, 2.810540146000024, 0.0 ], [ 125.400328143, 2.810425166000103, 0.0 ], [ 125.400442185000102, 2.810348469000063, 0.0 ], [ 125.400586519000058, 2.810278794000071, 0.0 ], [ 125.400772613000086, 2.810274161000043, 0.0 ], [ 125.400988868000042, 2.810541329000033, 0.0 ], [ 125.401122621635935, 2.810675108322942, 0.0 ], [ 125.401216, 2.810624000000212, 0.0 ], [ 125.401391000000174, 2.810525, 0.0 ], [ 125.40149400000017, 2.810467000000189, 0.0 ], [ 125.401621000000205, 2.81041500000015, 0.0 ], [ 125.401760000000152, 2.810384, 0.0 ], [ 125.401886000000104, 2.810356, 0.0 ], [ 125.402021, 2.810365, 0.0 ], [ 125.402327, 2.810558, 0.0 ], [ 125.402439000000115, 2.810664000000147, 0.0 ], [ 125.402585, 2.810794, 0.0 ], [ 125.402743000000129, 2.810878, 0.0 ], [ 125.402868, 2.810904000000109, 0.0 ], [ 125.40307400000016, 2.810909000000168, 0.0 ], [ 125.403222, 2.810958000000136, 0.0 ], [ 125.403436000000184, 2.811067, 0.0 ], [ 125.403582000000185, 2.811174, 0.0 ], [ 125.403780771870444, 2.811321974614762, 0.0 ], [ 125.403804362000116, 2.811300791000077, 0.0 ], [ 125.403856878000013, 2.811290423000019, 0.0 ], [ 125.403960480000066, 2.811285812000081, 0.0 ], [ 125.404049530000052, 2.811301749000068, 0.0 ], [ 125.404156179000083, 2.811360153000104, 0.0 ], [ 125.404245298000092, 2.811408334, 0.0 ], [ 125.404408899000032, 2.811485673, 0.0 ], [ 125.404608056, 2.81157229000007, 0.0 ], [ 125.404678724409436, 2.811617613191581, 0.0 ], [ 125.404865000000115, 2.811606000000106, 0.0 ], [ 125.405254000000156, 2.811569, 0.0 ], [ 125.405528, 2.811576000000111, 0.0 ], [ 125.405757000000108, 2.811581000000169, 0.0 ], [ 125.406133000000224, 2.811624000000174, 0.0 ], [ 125.406440000000231, 2.8117, 0.0 ], [ 125.406879000000131, 2.811782000000102, 0.0 ], [ 125.407157000000126, 2.811832000000154, 0.0 ], [ 125.407169870102535, 2.811834257912855, 0.0 ], [ 125.407182153, 2.811812442000045, 0.0 ], [ 125.407203944000102, 2.811764031000036, 0.0 ], [ 125.407260785000105, 2.811728739000047, 0.0 ] ] ] ] } }
]
}
